image_path,label
C:/Users/maill/WORK/Dataset/32_1/img_1,Из
C:/Users/maill/WORK/Dataset/32_1/img_2,архива
C:/Users/maill/WORK/Dataset/32_1/img_3,П.
C:/Users/maill/WORK/Dataset/32_1/img_4,П.
C:/Users/maill/WORK/Dataset/32_1/img_5,Бажова
C:/Users/maill/WORK/Dataset/32_1/img_6,Письма
C:/Users/maill/WORK/Dataset/32_1/img_7,крестьян
C:/Users/maill/WORK/Dataset/32_1/img_8,в
C:/Users/maill/WORK/Dataset/32_1/img_9,«Крестьянскую
C:/Users/maill/WORK/Dataset/32_1/img_10,газету»
C:/Users/maill/WORK/Dataset/32_1/img_11,рукописных
C:/Users/maill/WORK/Dataset/32_1/img_12,листов -
C:/Users/maill/WORK/Dataset/32_1/img_13,446
C:/Users/maill/WORK/Dataset/32_1/img_14,Машинописных -
C:/Users/maill/WORK/Dataset/32_1/img_15,22
C:/Users/maill/WORK/Dataset/32_1/img_16,1927
C:/Users/maill/WORK/Dataset/32_1/img_17,г.
C:/Users/maill/WORK/Dataset/32_10/img_1,В
C:/Users/maill/WORK/Dataset/32_10/img_2,крест.
C:/Users/maill/WORK/Dataset/32_10/img_3,Редакцию
C:/Users/maill/WORK/Dataset/32_10/img_4,Газеты
C:/Users/maill/WORK/Dataset/32_10/img_5,Прошу
C:/Users/maill/WORK/Dataset/32_10/img_6,поместить
C:/Users/maill/WORK/Dataset/32_10/img_7,статью
C:/Users/maill/WORK/Dataset/32_10/img_8,в
C:/Users/maill/WORK/Dataset/32_10/img_9,вашей
C:/Users/maill/WORK/Dataset/32_10/img_10,газете
C:/Users/maill/WORK/Dataset/32_10/img_11,крестьянин
C:/Users/maill/WORK/Dataset/32_10/img_12,дер
C:/Users/maill/WORK/Dataset/32_10/img_13,Никольской
C:/Users/maill/WORK/Dataset/32_10/img_14,тогоже
C:/Users/maill/WORK/Dataset/32_10/img_15,Ламенкого
C:/Users/maill/WORK/Dataset/32_10/img_16,раиона
C:/Users/maill/WORK/Dataset/32_10/img_17,Ишимского
C:/Users/maill/WORK/Dataset/32_10/img_18,округа
C:/Users/maill/WORK/Dataset/32_10/img_19,Грябенской
C:/Users/maill/WORK/Dataset/32_10/img_20,Василии
C:/Users/maill/WORK/Dataset/32_11/img_1,Свердловск.
C:/Users/maill/WORK/Dataset/32_11/img_2,"""Крестьянской газеты""."
C:/Users/maill/WORK/Dataset/32_11/img_3,Я
C:/Users/maill/WORK/Dataset/32_11/img_4,ученик
C:/Users/maill/WORK/Dataset/32_11/img_5,гл.
C:/Users/maill/WORK/Dataset/32_11/img_6,к. м
C:/Users/maill/WORK/Dataset/32_11/img_7,уезжаю
C:/Users/maill/WORK/Dataset/32_11/img_8,В с.
C:/Users/maill/WORK/Dataset/32_11/img_9,Иев
C:/Users/maill/WORK/Dataset/32_11/img_10,"лево,"
C:/Users/maill/WORK/Dataset/32_11/img_11,Ярко
C:/Users/maill/WORK/Dataset/32_11/img_12,вского
C:/Users/maill/WORK/Dataset/32_11/img_13,района
C:/Users/maill/WORK/Dataset/32_11/img_14,","
C:/Users/maill/WORK/Dataset/32_11/img_15,Тюменского
C:/Users/maill/WORK/Dataset/32_11/img_16,"круга,."
C:/Users/maill/WORK/Dataset/32_11/img_17,Ученик
C:/Users/maill/WORK/Dataset/32_11/img_18,Белоеж
C:/Users/maill/WORK/Dataset/32_11/img_19,ин
C:/Users/maill/WORK/Dataset/32_11/img_20,Вл.
C:/Users/maill/WORK/Dataset/32_11/img_21,Ал.
C:/Users/maill/WORK/Dataset/32_12/img_1,всего
C:/Users/maill/WORK/Dataset/32_12/img_2,8 эгзем.
C:/Users/maill/WORK/Dataset/32_12/img_3,да
C:/Users/maill/WORK/Dataset/32_12/img_4,надо
C:/Users/maill/WORK/Dataset/32_12/img_5,составить
C:/Users/maill/WORK/Dataset/32_12/img_6,отчет
C:/Users/maill/WORK/Dataset/32_12/img_7,да
C:/Users/maill/WORK/Dataset/32_12/img_8,программ
C:/Users/maill/WORK/Dataset/32_12/img_9,статистики
C:/Users/maill/WORK/Dataset/32_12/img_10,за
C:/Users/maill/WORK/Dataset/32_12/img_11,помнить
C:/Users/maill/WORK/Dataset/32_12/img_12,а
C:/Users/maill/WORK/Dataset/32_12/img_13,завтра
C:/Users/maill/WORK/Dataset/32_12/img_14,н
C:/Users/maill/WORK/Dataset/32_12/img_15,алом
C:/Users/maill/WORK/Dataset/32_12/img_16,не
C:/Users/maill/WORK/Dataset/32_12/img_17,когда
C:/Users/maill/WORK/Dataset/32_12/img_18,будет.
C:/Users/maill/WORK/Dataset/32_12/img_19,пока
C:/Users/maill/WORK/Dataset/32_12/img_20,все
C:/Users/maill/WORK/Dataset/32_12/img_21,это
C:/Users/maill/WORK/Dataset/32_12/img_22,робо
C:/Users/maill/WORK/Dataset/32_12/img_23,тал
C:/Users/maill/WORK/Dataset/32_12/img_24,и
C:/Users/maill/WORK/Dataset/32_12/img_25,вечер
C:/Users/maill/WORK/Dataset/32_12/img_26,на
C:/Users/maill/WORK/Dataset/32_12/img_27,дворе.
C:/Users/maill/WORK/Dataset/32_12/img_28,по
C:/Users/maill/WORK/Dataset/32_12/img_29,шел
C:/Users/maill/WORK/Dataset/32_12/img_30,по
C:/Users/maill/WORK/Dataset/32_12/img_31,ял.
C:/Users/maill/WORK/Dataset/32_12/img_32,и
C:/Users/maill/WORK/Dataset/32_12/img_33,Утомлений
C:/Users/maill/WORK/Dataset/32_12/img_34,еще
C:/Users/maill/WORK/Dataset/32_12/img_35,пришол
C:/Users/maill/WORK/Dataset/32_12/img_36,в сост
C:/Users/maill/WORK/Dataset/32_12/img_37,уже
C:/Users/maill/WORK/Dataset/32_12/img_38,темнеет
C:/Users/maill/WORK/Dataset/32_12/img_39,в
C:/Users/maill/WORK/Dataset/32_12/img_40,совете
C:/Users/maill/WORK/Dataset/32_12/img_41,мижики
C:/Users/maill/WORK/Dataset/32_12/img_42,сидят шутят
C:/Users/maill/WORK/Dataset/32_12/img_43,друг
C:/Users/maill/WORK/Dataset/32_12/img_44,над
C:/Users/maill/WORK/Dataset/32_12/img_45,другом.
C:/Users/maill/WORK/Dataset/32_12/img_46,ищут
C:/Users/maill/WORK/Dataset/32_12/img_48,сем
C:/Users/maill/WORK/Dataset/32_12/img_49,го
C:/Users/maill/WORK/Dataset/32_12/img_50,тут
C:/Users/maill/WORK/Dataset/32_12/img_51,же
C:/Users/maill/WORK/Dataset/32_12/img_52,ту
C:/Users/maill/WORK/Dataset/32_12/img_54,приходит
C:/Users/maill/WORK/Dataset/32_12/img_55,зямлему. надо подводу.
C:/Users/maill/WORK/Dataset/32_12/img_56,а
C:/Users/maill/WORK/Dataset/32_12/img_57,сель
C:/Users/maill/WORK/Dataset/32_12/img_58,ский
C:/Users/maill/WORK/Dataset/32_12/img_59,Уехал
C:/Users/maill/WORK/Dataset/32_12/img_60,на
C:/Users/maill/WORK/Dataset/32_12/img_61,паре
C:/Users/maill/WORK/Dataset/32_12/img_64,не
C:/Users/maill/WORK/Dataset/32_12/img_66,и
C:/Users/maill/WORK/Dataset/32_12/img_67,нек
C:/Users/maill/WORK/Dataset/32_12/img_68,то
C:/Users/maill/WORK/Dataset/32_12/img_69,неедетят. токда
C:/Users/maill/WORK/Dataset/32_12/img_70,пред
C:/Users/maill/WORK/Dataset/32_12/img_72,на
C:/Users/maill/WORK/Dataset/32_12/img_73,пал
C:/Users/maill/WORK/Dataset/32_12/img_74,на
C:/Users/maill/WORK/Dataset/32_12/img_76,Утя говорят
C:/Users/maill/WORK/Dataset/32_12/img_77,лоша
C:/Users/maill/WORK/Dataset/32_12/img_78,дома
C:/Users/maill/WORK/Dataset/32_12/img_79,нет
C:/Users/maill/WORK/Dataset/32_12/img_80,приеха
C:/Users/maill/WORK/Dataset/32_12/img_81,л
C:/Users/maill/WORK/Dataset/32_12/img_82,споля
C:/Users/maill/WORK/Dataset/32_12/img_83,и
C:/Users/maill/WORK/Dataset/32_12/img_84,свел.
C:/Users/maill/WORK/Dataset/32_12/img_86,беги
C:/Users/maill/WORK/Dataset/32_12/img_87,бегом
C:/Users/maill/WORK/Dataset/32_12/img_88,вези
C:/Users/maill/WORK/Dataset/32_12/img_89,бежать
C:/Users/maill/WORK/Dataset/32_12/img_91,и
C:/Users/maill/WORK/Dataset/32_12/img_92,от
C:/Users/maill/WORK/Dataset/32_12/img_93,землемера
C:/Users/maill/WORK/Dataset/32_12/img_94,далеко
C:/Users/maill/WORK/Dataset/32_12/img_95,пока
C:/Users/maill/WORK/Dataset/32_12/img_96,хожу
C:/Users/maill/WORK/Dataset/32_12/img_97,вовсе
C:/Users/maill/WORK/Dataset/32_12/img_98,темно
C:/Users/maill/WORK/Dataset/32_12/img_99,будет
C:/Users/maill/WORK/Dataset/32_12/img_100,и
C:/Users/maill/WORK/Dataset/32_12/img_101,я так сегод
C:/Users/maill/WORK/Dataset/32_12/img_102,ня
C:/Users/maill/WORK/Dataset/32_12/img_105,иди
C:/Users/maill/WORK/Dataset/32_12/img_106,мать
C:/Users/maill/WORK/Dataset/32_12/img_107,перемать
C:/Users/maill/WORK/Dataset/32_12/img_108,скорее
C:/Users/maill/WORK/Dataset/32_12/img_110,не
C:/Users/maill/WORK/Dataset/32_12/img_111,аривает.
C:/Users/maill/WORK/Dataset/32_12/img_113,что
C:/Users/maill/WORK/Dataset/32_12/img_114,больше
C:/Users/maill/WORK/Dataset/32_12/img_115,неко
C:/Users/maill/WORK/Dataset/32_12/img_116,го
C:/Users/maill/WORK/Dataset/32_12/img_117,что
C:/Users/maill/WORK/Dataset/32_12/img_118,не
C:/Users/maill/WORK/Dataset/32_12/img_120,не
C:/Users/maill/WORK/Dataset/32_12/img_121,куда
C:/Users/maill/WORK/Dataset/32_12/img_122,не
C:/Users/maill/WORK/Dataset/32_12/img_123,бывали.
C:/Users/maill/WORK/Dataset/32_12/img_125,что
C:/Users/maill/WORK/Dataset/32_12/img_126,мать
C:/Users/maill/WORK/Dataset/32_12/img_127,перелсать
C:/Users/maill/WORK/Dataset/32_12/img_128,не тибя
C:/Users/maill/WORK/Dataset/32_12/img_129,что
C:/Users/maill/WORK/Dataset/32_12/img_130,ли
C:/Users/maill/WORK/Dataset/32_12/img_131,говорят
C:/Users/maill/WORK/Dataset/32_12/img_132,иди
C:/Users/maill/WORK/Dataset/32_12/img_133,живо
C:/Users/maill/WORK/Dataset/32_12/img_134,не
C:/Users/maill/WORK/Dataset/32_12/img_135,разговаривал
C:/Users/maill/WORK/Dataset/32_12/img_136,что
C:/Users/maill/WORK/Dataset/32_12/img_137,член
C:/Users/maill/WORK/Dataset/32_12/img_138,сель
C:/Users/maill/WORK/Dataset/32_12/img_140,другие
C:/Users/maill/WORK/Dataset/32_12/img_141,какой
C:/Users/maill/WORK/Dataset/32_12/img_142,пришлет
C:/Users/maill/WORK/Dataset/32_12/img_143,кажет.
C:/Users/maill/WORK/Dataset/32_12/img_144,тогда
C:/Users/maill/WORK/Dataset/32_12/img_145,пред
C:/Users/maill/WORK/Dataset/32_12/img_146,вовсе
C:/Users/maill/WORK/Dataset/32_12/img_147,напустился
C:/Users/maill/WORK/Dataset/32_12/img_148,айда
C:/Users/maill/WORK/Dataset/32_12/img_149,матвого
C:/Users/maill/WORK/Dataset/32_12/img_150,живо.
C:/Users/maill/WORK/Dataset/32_12/img_151,пришлось
C:/Users/maill/WORK/Dataset/32_12/img_153,не
C:/Users/maill/WORK/Dataset/32_12/img_154,солоно
C:/Users/maill/WORK/Dataset/32_12/img_155,хлебави
C:/Users/maill/WORK/Dataset/32_12/img_156,шагато за
C:/Users/maill/WORK/Dataset/32_12/img_157,лошадью.
C:/Users/maill/WORK/Dataset/32_12/img_158,а
C:/Users/maill/WORK/Dataset/32_12/img_159,когда
C:/Users/maill/WORK/Dataset/32_12/img_160,приехал
C:/Users/maill/WORK/Dataset/32_12/img_161,в
C:/Users/maill/WORK/Dataset/32_12/img_162,совете
C:/Users/maill/WORK/Dataset/32_12/img_163,уже
C:/Users/maill/WORK/Dataset/32_12/img_164,не
C:/Users/maill/WORK/Dataset/32_12/img_165,кого
C:/Users/maill/WORK/Dataset/32_12/img_166,нет
C:/Users/maill/WORK/Dataset/32_12/img_167,пришлось
C:/Users/maill/WORK/Dataset/32_12/img_168,ехать обратно
C:/Users/maill/WORK/Dataset/32_12/img_169,и
C:/Users/maill/WORK/Dataset/32_12/img_170,опять
C:/Users/maill/WORK/Dataset/32_12/img_171,свет
C:/Users/maill/WORK/Dataset/32_12/img_178,опять
C:/Users/maill/WORK/Dataset/32_12/img_179,да
C:/Users/maill/WORK/Dataset/32_12/img_180,на
C:/Users/maill/WORK/Dataset/32_12/img_181,поле
C:/Users/maill/WORK/Dataset/32_12/img_182,ехать.
C:/Users/maill/WORK/Dataset/32_12/img_183,трепал
C:/Users/maill/WORK/Dataset/32_12/img_184,не
C:/Users/maill/WORK/Dataset/32_12/img_185,без
C:/Users/maill/WORK/Dataset/32_12/img_186,тому
C:/Users/maill/WORK/Dataset/32_12/img_187,вот
C:/Users/maill/WORK/Dataset/32_12/img_188,как
C:/Users/maill/WORK/Dataset/32_12/img_189,потчуют
C:/Users/maill/WORK/Dataset/32_12/img_190,нашего
C:/Users/maill/WORK/Dataset/32_12/img_191,брата
C:/Users/maill/WORK/Dataset/32_12/img_192,все
C:/Users/maill/WORK/Dataset/32_12/img_193,наши
C:/Users/maill/WORK/Dataset/32_12/img_194,работы
C:/Users/maill/WORK/Dataset/32_12/img_195,и
C:/Users/maill/WORK/Dataset/32_12/img_196,старанья.
C:/Users/maill/WORK/Dataset/32_12/img_198,больше
C:/Users/maill/WORK/Dataset/32_12/img_201,того
C:/Users/maill/WORK/Dataset/32_12/img_202,больше
C:/Users/maill/WORK/Dataset/32_12/img_203,и
C:/Users/maill/WORK/Dataset/32_12/img_204,толкают а
C:/Users/maill/WORK/Dataset/32_12/img_205,кто
C:/Users/maill/WORK/Dataset/32_12/img_206,в
C:/Users/maill/WORK/Dataset/32_12/img_207,совете
C:/Users/maill/WORK/Dataset/32_12/img_208,не
C:/Users/maill/WORK/Dataset/32_12/img_209,быват тот
C:/Users/maill/WORK/Dataset/32_12/img_210,жевет
C:/Users/maill/WORK/Dataset/32_12/img_211,спокоен.
C:/Users/maill/WORK/Dataset/32_12/img_213,Село
C:/Users/maill/WORK/Dataset/32_12/img_218,Сель
C:/Users/maill/WORK/Dataset/32_13/img_1,се
C:/Users/maill/WORK/Dataset/32_13/img_2,необходимое.
C:/Users/maill/WORK/Dataset/32_13/img_3,Потребитель вредность
C:/Users/maill/WORK/Dataset/32_13/img_4,этого
C:/Users/maill/WORK/Dataset/32_13/img_5,явлению
C:/Users/maill/WORK/Dataset/32_13/img_6,прек-
C:/Users/maill/WORK/Dataset/32_13/img_7,расно
C:/Users/maill/WORK/Dataset/32_13/img_8,понимает
C:/Users/maill/WORK/Dataset/32_13/img_9,и
C:/Users/maill/WORK/Dataset/32_13/img_10,"знает,"
C:/Users/maill/WORK/Dataset/32_13/img_11,но
C:/Users/maill/WORK/Dataset/32_13/img_12,расходует
C:/Users/maill/WORK/Dataset/32_13/img_13,свои копейки
C:/Users/maill/WORK/Dataset/32_13/img_14,на
C:/Users/maill/WORK/Dataset/32_13/img_15,сторо
C:/Users/maill/WORK/Dataset/32_13/img_16,не
C:/Users/maill/WORK/Dataset/32_13/img_17,что
C:/Users/maill/WORK/Dataset/32_13/img_18,часто
C:/Users/maill/WORK/Dataset/32_13/img_19,иного
C:/Users/maill/WORK/Dataset/32_13/img_20,выхода
C:/Users/maill/WORK/Dataset/32_13/img_21,нет.
C:/Users/maill/WORK/Dataset/32_13/img_22,"Но,"
C:/Users/maill/WORK/Dataset/32_13/img_23,а
C:/Users/maill/WORK/Dataset/32_13/img_24,между
C:/Users/maill/WORK/Dataset/32_13/img_25,"тем,"
C:/Users/maill/WORK/Dataset/32_13/img_26,должна
C:/Users/maill/WORK/Dataset/32_13/img_27,быть
C:/Users/maill/WORK/Dataset/32_13/img_28,"така, чтобы"
C:/Users/maill/WORK/Dataset/32_13/img_29,она от-
C:/Users/maill/WORK/Dataset/32_13/img_30,вечала
C:/Users/maill/WORK/Dataset/32_13/img_31,практически
C:/Users/maill/WORK/Dataset/32_13/img_32,потребностям
C:/Users/maill/WORK/Dataset/32_13/img_33,крестьянина-потребителя
C:/Users/maill/WORK/Dataset/32_13/img_34,и
C:/Users/maill/WORK/Dataset/32_13/img_35,вовсе
C:/Users/maill/WORK/Dataset/32_13/img_36,не
C:/Users/maill/WORK/Dataset/32_13/img_37,является
C:/Users/maill/WORK/Dataset/32_13/img_38,не
C:/Users/maill/WORK/Dataset/32_13/img_39,разрешимой задачей
C:/Users/maill/WORK/Dataset/32_13/img_40,Поэтому
C:/Users/maill/WORK/Dataset/32_13/img_41,правлению
C:/Users/maill/WORK/Dataset/32_13/img_42,Аятского
C:/Users/maill/WORK/Dataset/32_13/img_43,Е.П.Л.
C:/Users/maill/WORK/Dataset/32_13/img_44,нужно
C:/Users/maill/WORK/Dataset/32_13/img_45,за
C:/Users/maill/WORK/Dataset/32_13/img_46,кооперирование
C:/Users/maill/WORK/Dataset/32_13/img_47,и
C:/Users/maill/WORK/Dataset/32_13/img_48,удовлетворение
C:/Users/maill/WORK/Dataset/32_13/img_49,потребности
C:/Users/maill/WORK/Dataset/32_13/img_50,населения
C:/Users/maill/WORK/Dataset/32_13/img_51,взяться
C:/Users/maill/WORK/Dataset/32_13/img_52,серьезно.
C:/Users/maill/WORK/Dataset/32_13/img_53,Севрюгин
C:/Users/maill/WORK/Dataset/32_13/img_54,Ник.Фед.II.
C:/Users/maill/WORK/Dataset/32_13/img_55,20/VI-27г.
C:/Users/maill/WORK/Dataset/32_14/img_1,В
C:/Users/maill/WORK/Dataset/32_14/img_2,Редкцию
C:/Users/maill/WORK/Dataset/32_14/img_3,областной
C:/Users/maill/WORK/Dataset/32_14/img_4,газеты
C:/Users/maill/WORK/Dataset/32_14/img_5,Хорошо
C:/Users/maill/WORK/Dataset/32_14/img_6,снизили
C:/Users/maill/WORK/Dataset/32_14/img_7,цены
C:/Users/maill/WORK/Dataset/32_14/img_8,В
C:/Users/maill/WORK/Dataset/32_14/img_9,Килачевском
C:/Users/maill/WORK/Dataset/32_14/img_10,Д.
C:/Users/maill/WORK/Dataset/32_14/img_11,П. О.
C:/Users/maill/WORK/Dataset/32_14/img_12,цены
C:/Users/maill/WORK/Dataset/32_14/img_13,на
C:/Users/maill/WORK/Dataset/32_14/img_14,товары
C:/Users/maill/WORK/Dataset/32_14/img_15,после сниженья
C:/Users/maill/WORK/Dataset/32_14/img_17,стали
C:/Users/maill/WORK/Dataset/32_14/img_18,еще
C:/Users/maill/WORK/Dataset/32_14/img_19,выше.
C:/Users/maill/WORK/Dataset/32_14/img_20,обуточные
C:/Users/maill/WORK/Dataset/32_14/img_21,переда
C:/Users/maill/WORK/Dataset/32_14/img_22,из
C:/Users/maill/WORK/Dataset/32_14/img_23,красной
C:/Users/maill/WORK/Dataset/32_14/img_24,кожи
C:/Users/maill/WORK/Dataset/32_14/img_25,до
C:/Users/maill/WORK/Dataset/32_14/img_26,сниженья
C:/Users/maill/WORK/Dataset/32_14/img_27,85 коп.
C:/Users/maill/WORK/Dataset/32_14/img_28,а
C:/Users/maill/WORK/Dataset/32_14/img_29,теперь
C:/Users/maill/WORK/Dataset/32_14/img_30,1 р. 10 к и до 1 р. 20
C:/Users/maill/WORK/Dataset/32_14/img_31,семечки
C:/Users/maill/WORK/Dataset/32_14/img_32,до
C:/Users/maill/WORK/Dataset/32_14/img_33,сниженья
C:/Users/maill/WORK/Dataset/32_14/img_34,10 к
C:/Users/maill/WORK/Dataset/32_14/img_35,за
C:/Users/maill/WORK/Dataset/32_14/img_36,400 гр.
C:/Users/maill/WORK/Dataset/32_14/img_37,а
C:/Users/maill/WORK/Dataset/32_14/img_38,теперь
C:/Users/maill/WORK/Dataset/32_14/img_39,11 к за
C:/Users/maill/WORK/Dataset/32_14/img_40,400 гр
C:/Users/maill/WORK/Dataset/32_14/img_41,Стало
C:/Users/maill/WORK/Dataset/32_14/img_42,быть
C:/Users/maill/WORK/Dataset/32_14/img_43,для
C:/Users/maill/WORK/Dataset/32_14/img_44,нашего
C:/Users/maill/WORK/Dataset/32_14/img_45,кооператива
C:/Users/maill/WORK/Dataset/32_14/img_46,закон
C:/Users/maill/WORK/Dataset/32_14/img_47,о
C:/Users/maill/WORK/Dataset/32_14/img_48,сниженье
C:/Users/maill/WORK/Dataset/32_14/img_49,цен
C:/Users/maill/WORK/Dataset/32_14/img_50,не
C:/Users/maill/WORK/Dataset/32_14/img_51,касается
C:/Users/maill/WORK/Dataset/32_14/img_52,10/14 242
C:/Users/maill/WORK/Dataset/32_14/img_53,Деревня
C:/Users/maill/WORK/Dataset/32_14/img_54,фоминская
C:/Users/maill/WORK/Dataset/32_14/img_55,Килачевский
C:/Users/maill/WORK/Dataset/32_14/img_56,с/с
C:/Users/maill/WORK/Dataset/32_14/img_57,Ирб-заводского 
C:/Users/maill/WORK/Dataset/32_14/img_58,района
C:/Users/maill/WORK/Dataset/32_14/img_59,Ирбитского
C:/Users/maill/WORK/Dataset/32_14/img_60,округа
C:/Users/maill/WORK/Dataset/32_14/img_61,Фоминцов
C:/Users/maill/WORK/Dataset/32_14/img_62,Илья Иванов.
C:/Users/maill/WORK/Dataset/32_15/img_1,В
C:/Users/maill/WORK/Dataset/32_15/img_2,Редакцiю
C:/Users/maill/WORK/Dataset/32_15/img_3,областной
C:/Users/maill/WORK/Dataset/32_15/img_4,Кресть
C:/Users/maill/WORK/Dataset/32_15/img_5,янской
C:/Users/maill/WORK/Dataset/32_15/img_6,области
C:/Users/maill/WORK/Dataset/32_15/img_7,газеты
C:/Users/maill/WORK/Dataset/32_15/img_8,Почему
C:/Users/maill/WORK/Dataset/32_15/img_9,в
C:/Users/maill/WORK/Dataset/32_15/img_10,некоторых
C:/Users/maill/WORK/Dataset/32_15/img_11,окру
C:/Users/maill/WORK/Dataset/32_15/img_12,гах
C:/Users/maill/WORK/Dataset/32_15/img_13,нашей
C:/Users/maill/WORK/Dataset/32_15/img_14,оценка
C:/Users/maill/WORK/Dataset/32_15/img_15,посевной
C:/Users/maill/WORK/Dataset/32_15/img_16,была
C:/Users/maill/WORK/Dataset/32_15/img_17,произведена
C:/Users/maill/WORK/Dataset/32_15/img_19,десятины
C:/Users/maill/WORK/Dataset/32_15/img_20,в
C:/Users/maill/WORK/Dataset/32_15/img_21,по
C:/Users/maill/WORK/Dataset/32_15/img_22,районам. И еще
C:/Users/maill/WORK/Dataset/32_15/img_23,по
C:/Users/maill/WORK/Dataset/32_15/img_24,с/с
C:/Users/maill/WORK/Dataset/32_15/img_25,Ирбистском
C:/Users/maill/WORK/Dataset/32_15/img_27,по
C:/Users/maill/WORK/Dataset/32_15/img_28,районам
C:/Users/maill/WORK/Dataset/32_15/img_29,по
C:/Users/maill/WORK/Dataset/32_15/img_30,неправильно
C:/Users/maill/WORK/Dataset/32_15/img_32,что
C:/Users/maill/WORK/Dataset/32_15/img_33,в
C:/Users/maill/WORK/Dataset/32_15/img_34,нашом
C:/Users/maill/WORK/Dataset/32_15/img_35,районе пашня
C:/Users/maill/WORK/Dataset/32_15/img_36,далеко
C:/Users/maill/WORK/Dataset/32_15/img_37,с/с
C:/Users/maill/WORK/Dataset/32_15/img_39,не
C:/Users/maill/WORK/Dataset/32_15/img_42,десятина
C:/Users/maill/WORK/Dataset/32_15/img_43,дает
C:/Users/maill/WORK/Dataset/32_15/img_44,урожай
C:/Users/maill/WORK/Dataset/32_15/img_45,75 и 80 п.
C:/Users/maill/WORK/Dataset/32_15/img_46,по
C:/Users/maill/WORK/Dataset/32_15/img_48,посевная
C:/Users/maill/WORK/Dataset/32_15/img_49,десятина
C:/Users/maill/WORK/Dataset/32_15/img_50,прошла
C:/Users/maill/WORK/Dataset/32_15/img_51,Крестьяне
C:/Users/maill/WORK/Dataset/32_15/img_52,недовольны
C:/Users/maill/WORK/Dataset/32_15/img_53,против
C:/Users/maill/WORK/Dataset/32_15/img_54,соседних
C:/Users/maill/WORK/Dataset/32_15/img_55,наша
C:/Users/maill/WORK/Dataset/32_15/img_56,десятина
C:/Users/maill/WORK/Dataset/32_15/img_57,должна
C:/Users/maill/WORK/Dataset/32_15/img_58,обцениться
C:/Users/maill/WORK/Dataset/32_15/img_59,дешевлею
C:/Users/maill/WORK/Dataset/32_15/img_60,хочется
C:/Users/maill/WORK/Dataset/32_15/img_61,бы
C:/Users/maill/WORK/Dataset/32_15/img_63,Ирб.зав районе
C:/Users/maill/WORK/Dataset/32_15/img_65,в
C:/Users/maill/WORK/Dataset/32_15/img_67,посева
C:/Users/maill/WORK/Dataset/32_15/img_68,с/с
C:/Users/maill/WORK/Dataset/32_15/img_69,27ч.
C:/Users/maill/WORK/Dataset/32_15/img_70,фоминская
C:/Users/maill/WORK/Dataset/32_15/img_71,Килачевский
C:/Users/maill/WORK/Dataset/32_15/img_72,района
C:/Users/maill/WORK/Dataset/32_15/img_73,Ирбитскаго
C:/Users/maill/WORK/Dataset/32_15/img_74,округа
C:/Users/maill/WORK/Dataset/32_15/img_75,Селькор
C:/Users/maill/WORK/Dataset/32_15/img_76,тов
C:/Users/maill/WORK/Dataset/32_15/img_77,селькоры
C:/Users/maill/WORK/Dataset/32_15/img_78,и
C:/Users/maill/WORK/Dataset/32_15/img_79,крестьяне
C:/Users/maill/WORK/Dataset/32_15/img_80,Ирб.зав.
C:/Users/maill/WORK/Dataset/32_15/img_81,района
C:/Users/maill/WORK/Dataset/32_15/img_82,по
C:/Users/maill/WORK/Dataset/32_15/img_83,этому
C:/Users/maill/WORK/Dataset/32_15/img_84,поводу
C:/Users/maill/WORK/Dataset/32_15/img_85,дай
C:/Users/maill/WORK/Dataset/32_15/img_86,те
C:/Users/maill/WORK/Dataset/32_15/img_87,отзвы.
C:/Users/maill/WORK/Dataset/32_15/img_88,В
C:/Users/maill/WORK/Dataset/32_15/img_89,редакцiю
C:/Users/maill/WORK/Dataset/32_15/img_90,областной
C:/Users/maill/WORK/Dataset/32_15/img_91,Крестян.
C:/Users/maill/WORK/Dataset/32_15/img_92,газеты
C:/Users/maill/WORK/Dataset/32_15/img_93,вопрос
C:/Users/maill/WORK/Dataset/32_15/img_94,селькора
C:/Users/maill/WORK/Dataset/32_15/img_95,Ир-ф 76.
C:/Users/maill/WORK/Dataset/32_15/img_1,В
C:/Users/maill/WORK/Dataset/32_15/img_2,Редакцiю
C:/Users/maill/WORK/Dataset/32_15/img_3,областной
C:/Users/maill/WORK/Dataset/32_15/img_4,Кресть
C:/Users/maill/WORK/Dataset/32_15/img_5,янской
C:/Users/maill/WORK/Dataset/32_15/img_6,области
C:/Users/maill/WORK/Dataset/32_15/img_7,газеты
C:/Users/maill/WORK/Dataset/32_15/img_8,Почему
C:/Users/maill/WORK/Dataset/32_15/img_9,в
C:/Users/maill/WORK/Dataset/32_16/img_1,К
C:/Users/maill/WORK/Dataset/32_16/img_2,международному
C:/Users/maill/WORK/Dataset/32_16/img_4,дню
C:/Users/maill/WORK/Dataset/32_16/img_5,ооперации.
C:/Users/maill/WORK/Dataset/32_16/img_7,3 июля’
C:/Users/maill/WORK/Dataset/32_16/img_8,нас
C:/Users/maill/WORK/Dataset/32_16/img_9,у
C:/Users/maill/WORK/Dataset/32_16/img_10,нынче
C:/Users/maill/WORK/Dataset/32_16/img_11,день
C:/Users/maill/WORK/Dataset/32_16/img_12,празднуется
C:/Users/maill/WORK/Dataset/32_16/img_13,международной
C:/Users/maill/WORK/Dataset/32_16/img_14,Какие же
C:/Users/maill/WORK/Dataset/32_16/img_15,цели
C:/Users/maill/WORK/Dataset/32_16/img_16,мы
C:/Users/maill/WORK/Dataset/32_16/img_17,должны
C:/Users/maill/WORK/Dataset/32_16/img_18,ставить
C:/Users/maill/WORK/Dataset/32_16/img_19,пред
C:/Users/maill/WORK/Dataset/32_16/img_20,собой
C:/Users/maill/WORK/Dataset/32_16/img_21,в
C:/Users/maill/WORK/Dataset/32_16/img_22,этот
C:/Users/maill/WORK/Dataset/32_16/img_23,Мы
C:/Users/maill/WORK/Dataset/32_16/img_24,знаем
C:/Users/maill/WORK/Dataset/32_16/img_25,что
C:/Users/maill/WORK/Dataset/32_16/img_26,"""кооперация"
C:/Users/maill/WORK/Dataset/32_16/img_27,путь
C:/Users/maill/WORK/Dataset/32_16/img_28,к
C:/Users/maill/WORK/Dataset/32_16/img_29,"социализму"""
C:/Users/maill/WORK/Dataset/32_16/img_30,так
C:/Users/maill/WORK/Dataset/32_16/img_31,говорил
C:/Users/maill/WORK/Dataset/32_16/img_32,"так вот,"
C:/Users/maill/WORK/Dataset/32_16/img_33,значит
C:/Users/maill/WORK/Dataset/32_16/img_34,путь
C:/Users/maill/WORK/Dataset/32_16/img_35,социализму
C:/Users/maill/WORK/Dataset/32_16/img_36,коопер
C:/Users/maill/WORK/Dataset/32_16/img_37,ирования всех
C:/Users/maill/WORK/Dataset/32_16/img_39,к
C:/Users/maill/WORK/Dataset/32_16/img_40,лежит
C:/Users/maill/WORK/Dataset/32_16/img_41,крестьян
C:/Users/maill/WORK/Dataset/32_16/img_42,и
C:/Users/maill/WORK/Dataset/32_16/img_43,рабочих
C:/Users/maill/WORK/Dataset/32_16/img_44,из
C:/Users/maill/WORK/Dataset/32_16/img_45,нас
C:/Users/maill/WORK/Dataset/32_16/img_46,каждый
C:/Users/maill/WORK/Dataset/32_16/img_47,знает
C:/Users/maill/WORK/Dataset/32_16/img_48,говорил тов. Ленин
C:/Users/maill/WORK/Dataset/32_16/img_49,а
C:/Users/maill/WORK/Dataset/32_16/img_50,он
C:/Users/maill/WORK/Dataset/32_16/img_51,говорил
C:/Users/maill/WORK/Dataset/32_16/img_52,","
C:/Users/maill/WORK/Dataset/32_16/img_53,что
C:/Users/maill/WORK/Dataset/32_16/img_54,при
C:/Users/maill/WORK/Dataset/32_16/img_55,всеобщем
C:/Users/maill/WORK/Dataset/32_16/img_56,кооперировании
C:/Users/maill/WORK/Dataset/32_16/img_57,населения
C:/Users/maill/WORK/Dataset/32_16/img_58,они
C:/Users/maill/WORK/Dataset/32_16/img_59,стояли
C:/Users/maill/WORK/Dataset/32_16/img_60,обемя
C:/Users/maill/WORK/Dataset/32_16/img_61,ногами
C:/Users/maill/WORK/Dataset/32_16/img_62,на почве
C:/Users/maill/WORK/Dataset/32_16/img_63,социализма (формула
C:/Users/maill/WORK/Dataset/32_16/img_64,"излож. моя, так-"
C:/Users/maill/WORK/Dataset/32_16/img_66,как
C:/Users/maill/WORK/Dataset/32_16/img_67,я
C:/Users/maill/WORK/Dataset/32_16/img_68,не помню
C:/Users/maill/WORK/Dataset/32_16/img_69,правельно
C:/Users/maill/WORK/Dataset/32_16/img_70,формулу Ленина.)
C:/Users/maill/WORK/Dataset/32_16/img_71,у нас
C:/Users/maill/WORK/Dataset/32_16/img_72,еще
C:/Users/maill/WORK/Dataset/32_16/img_73,не очень креп-
C:/Users/maill/WORK/Dataset/32_16/img_76,населения
C:/Users/maill/WORK/Dataset/32_16/img_77,достигает 50%.
C:/Users/maill/WORK/Dataset/32_16/img_78,так
C:/Users/maill/WORK/Dataset/32_16/img_79,мало?
C:/Users/maill/WORK/Dataset/32_16/img_80,На ото вопрос
C:/Users/maill/WORK/Dataset/32_16/img_81,словах не
C:/Users/maill/WORK/Dataset/32_16/img_82,"возможно,"
C:/Users/maill/WORK/Dataset/32_16/img_85,наши
C:/Users/maill/WORK/Dataset/32_16/img_86,не имеют
C:/Users/maill/WORK/Dataset/32_16/img_87,работать
C:/Users/maill/WORK/Dataset/32_16/img_88,как
C:/Users/maill/WORK/Dataset/32_16/img_89,"следует, ведь"
C:/Users/maill/WORK/Dataset/32_16/img_90,некуда
C:/Users/maill/WORK/Dataset/32_2/img_1,В
C:/Users/maill/WORK/Dataset/32_2/img_2,Редакцию
C:/Users/maill/WORK/Dataset/32_2/img_3,Уральской
C:/Users/maill/WORK/Dataset/32_2/img_4,Областной
C:/Users/maill/WORK/Dataset/32_2/img_5,Крестьянской
C:/Users/maill/WORK/Dataset/32_2/img_6,Газеты
C:/Users/maill/WORK/Dataset/32_2/img_7,Вновь
C:/Users/maill/WORK/Dataset/32_2/img_8,мытское
C:/Users/maill/WORK/Dataset/32_2/img_9,Талицкого
C:/Users/maill/WORK/Dataset/32_2/img_10,р.
C:/Users/maill/WORK/Dataset/32_2/img_11,Тюменского
C:/Users/maill/WORK/Dataset/32_2/img_12,окр.
C:/Users/maill/WORK/Dataset/32_2/img_13,выс.
C:/Users/maill/WORK/Dataset/32_2/img_14,Дол.
C:/Users/maill/WORK/Dataset/32_2/img_15,Серловс
C:/Users/maill/WORK/Dataset/32_2/img_16,с/c.
C:/Users/maill/WORK/Dataset/32_2/img_17,Захарова
C:/Users/maill/WORK/Dataset/32_2/img_18,Макара
C:/Users/maill/WORK/Dataset/32_2/img_19,Герасимовича
C:/Users/maill/WORK/Dataset/32_2/img_20,Заявление
C:/Users/maill/WORK/Dataset/32_2/img_21,На
C:/Users/maill/WORK/Dataset/32_2/img_22,1926
C:/Users/maill/WORK/Dataset/32_2/img_23,27
C:/Users/maill/WORK/Dataset/32_2/img_24,налоговой
C:/Users/maill/WORK/Dataset/32_2/img_25,год.
C:/Users/maill/WORK/Dataset/32_2/img_26,в
C:/Users/maill/WORK/Dataset/32_2/img_27,моем
C:/Users/maill/WORK/Dataset/32_2/img_28,хозяйстве
C:/Users/maill/WORK/Dataset/32_2/img_29,было
C:/Users/maill/WORK/Dataset/32_2/img_30,в
C:/Users/maill/WORK/Dataset/32_2/img_31,фактичес-
C:/Users/maill/WORK/Dataset/32_2/img_32,ком
C:/Users/maill/WORK/Dataset/32_2/img_33,пользование
C:/Users/maill/WORK/Dataset/32_2/img_34,посева
C:/Users/maill/WORK/Dataset/32_2/img_35,5.25д.
C:/Users/maill/WORK/Dataset/32_2/img_36,На
C:/Users/maill/WORK/Dataset/32_2/img_37,основание
C:/Users/maill/WORK/Dataset/32_2/img_38,распоряже-
C:/Users/maill/WORK/Dataset/32_2/img_39,ния
C:/Users/maill/WORK/Dataset/32_2/img_40,Талицкого
C:/Users/maill/WORK/Dataset/32_2/img_41,райисполкома
C:/Users/maill/WORK/Dataset/32_2/img_42,Сельской
C:/Users/maill/WORK/Dataset/32_2/img_43,учет
C:/Users/maill/WORK/Dataset/32_2/img_44,налоговой
C:/Users/maill/WORK/Dataset/32_2/img_45,комис.
C:/Users/maill/WORK/Dataset/32_2/img_46,Кокуйского
C:/Users/maill/WORK/Dataset/32_2/img_47,с/с.
C:/Users/maill/WORK/Dataset/32_2/img_48,был
C:/Users/maill/WORK/Dataset/32_2/img_49,произведен
C:/Users/maill/WORK/Dataset/32_2/img_50,посева
C:/Users/maill/WORK/Dataset/32_2/img_51,повсеместно
C:/Users/maill/WORK/Dataset/32_2/img_52,по
C:/Users/maill/WORK/Dataset/32_2/img_53,с/с.
C:/Users/maill/WORK/Dataset/32_2/img_54,и
C:/Users/maill/WORK/Dataset/32_2/img_55,так
C:/Users/maill/WORK/Dataset/32_2/img_56,же
C:/Users/maill/WORK/Dataset/32_2/img_57,унас
C:/Users/maill/WORK/Dataset/32_2/img_58,при
C:/Users/maill/WORK/Dataset/32_2/img_59,обмере
C:/Users/maill/WORK/Dataset/32_2/img_60,в
C:/Users/maill/WORK/Dataset/32_2/img_61,моем
C:/Users/maill/WORK/Dataset/32_2/img_62,хозяйстве
C:/Users/maill/WORK/Dataset/32_2/img_63,лишнего
C:/Users/maill/WORK/Dataset/32_2/img_64,обнаружено
C:/Users/maill/WORK/Dataset/32_2/img_65,1
C:/Users/maill/WORK/Dataset/32_2/img_66,десятина
C:/Users/maill/WORK/Dataset/32_2/img_67,посева.
C:/Users/maill/WORK/Dataset/32_2/img_68,Вся
C:/Users/maill/WORK/Dataset/32_2/img_69,ссумма
C:/Users/maill/WORK/Dataset/32_2/img_70,ущагося
C:/Users/maill/WORK/Dataset/32_2/img_71,с
C:/Users/maill/WORK/Dataset/32_2/img_72,меня
C:/Users/maill/WORK/Dataset/32_2/img_73,налога
C:/Users/maill/WORK/Dataset/32_2/img_74,за
C:/Users/maill/WORK/Dataset/32_2/img_75,-1926
C:/Users/maill/WORK/Dataset/32_2/img_76,27
C:/Users/maill/WORK/Dataset/32_2/img_77,год
C:/Users/maill/WORK/Dataset/32_2/img_78,была
C:/Users/maill/WORK/Dataset/32_2/img_79,уплачено
C:/Users/maill/WORK/Dataset/32_2/img_80,полнос-
C:/Users/maill/WORK/Dataset/32_2/img_81,тью
C:/Users/maill/WORK/Dataset/32_2/img_82,и
C:/Users/maill/WORK/Dataset/32_2/img_83,я
C:/Users/maill/WORK/Dataset/32_2/img_84,ожидал
C:/Users/maill/WORK/Dataset/32_2/img_85,из
C:/Users/maill/WORK/Dataset/32_2/img_86,с/с
C:/Users/maill/WORK/Dataset/32_2/img_87,окладной
C:/Users/maill/WORK/Dataset/32_2/img_88,лист
C:/Users/maill/WORK/Dataset/32_2/img_89,"наруки,"
C:/Users/maill/WORK/Dataset/32_2/img_90,вместо
C:/Users/maill/WORK/Dataset/32_2/img_91,этого
C:/Users/maill/WORK/Dataset/32_2/img_92,мне
C:/Users/maill/WORK/Dataset/32_2/img_93,председатель
C:/Users/maill/WORK/Dataset/32_2/img_94,Серковского
C:/Users/maill/WORK/Dataset/32_2/img_95,с/с
C:/Users/maill/WORK/Dataset/32_2/img_96,"объявил,"
C:/Users/maill/WORK/Dataset/32_2/img_97,что
C:/Users/maill/WORK/Dataset/32_2/img_98,у
C:/Users/maill/WORK/Dataset/32_2/img_99,тебя
C:/Users/maill/WORK/Dataset/32_2/img_100,надбавки
C:/Users/maill/WORK/Dataset/32_2/img_101,за
C:/Users/maill/WORK/Dataset/32_2/img_102,скрытый
C:/Users/maill/WORK/Dataset/32_2/img_103,обьекты
C:/Users/maill/WORK/Dataset/32_2/img_104,обложения
C:/Users/maill/WORK/Dataset/32_2/img_105,посе-
C:/Users/maill/WORK/Dataset/32_2/img_106,ва
C:/Users/maill/WORK/Dataset/32_2/img_107,2.81 д.
C:/Users/maill/WORK/Dataset/32_2/img_108,в
C:/Users/maill/WORK/Dataset/32_2/img_109,сумме
C:/Users/maill/WORK/Dataset/32_2/img_110,25
C:/Users/maill/WORK/Dataset/32_2/img_111,руб.
C:/Users/maill/WORK/Dataset/32_2/img_112,96
C:/Users/maill/WORK/Dataset/32_2/img_113,коп..
C:/Users/maill/WORK/Dataset/32_2/img_114,Тогда
C:/Users/maill/WORK/Dataset/32_2/img_115,меня
C:/Users/maill/WORK/Dataset/32_2/img_116,взяло
C:/Users/maill/WORK/Dataset/32_2/img_117,сомнение
C:/Users/maill/WORK/Dataset/32_2/img_118,как
C:/Users/maill/WORK/Dataset/32_2/img_119,это
C:/Users/maill/WORK/Dataset/32_2/img_120,могло
C:/Users/maill/WORK/Dataset/32_2/img_121,получится.
C:/Users/maill/WORK/Dataset/32_2/img_122,Предс.
C:/Users/maill/WORK/Dataset/32_2/img_123,с/сов.
C:/Users/maill/WORK/Dataset/32_2/img_124,мне
C:/Users/maill/WORK/Dataset/32_2/img_125,сказал.
C:/Users/maill/WORK/Dataset/32_2/img_126,что
C:/Users/maill/WORK/Dataset/32_2/img_127,обетом
C:/Users/maill/WORK/Dataset/32_2/img_128,нужно
C:/Users/maill/WORK/Dataset/32_2/img_129,справиться
C:/Users/maill/WORK/Dataset/32_2/img_130,в
C:/Users/maill/WORK/Dataset/32_2/img_131,Кокуйском
C:/Users/maill/WORK/Dataset/32_2/img_132,"с/сов,"
C:/Users/maill/WORK/Dataset/32_2/img_133,так
C:/Users/maill/WORK/Dataset/32_2/img_134,как
C:/Users/maill/WORK/Dataset/32_2/img_135,про
C:/Users/maill/WORK/Dataset/32_2/img_136,это
C:/Users/maill/WORK/Dataset/32_2/img_137,дело
C:/Users/maill/WORK/Dataset/32_2/img_138,должен
C:/Users/maill/WORK/Dataset/32_2/img_139,знать
C:/Users/maill/WORK/Dataset/32_2/img_140,Кокуйский
C:/Users/maill/WORK/Dataset/32_2/img_141,с/сов
C:/Users/maill/WORK/Dataset/32_2/img_142,потомучто
C:/Users/maill/WORK/Dataset/32_2/img_143,обмер
C:/Users/maill/WORK/Dataset/32_2/img_144,был
C:/Users/maill/WORK/Dataset/32_2/img_145,произведён
C:/Users/maill/WORK/Dataset/32_2/img_146,Кокуйским
C:/Users/maill/WORK/Dataset/32_2/img_147,с/с.
C:/Users/maill/WORK/Dataset/32_2/img_148,Серковского
C:/Users/maill/WORK/Dataset/32_2/img_149,с/с.
C:/Users/maill/WORK/Dataset/32_2/img_150,в то
C:/Users/maill/WORK/Dataset/32_2/img_151,время
C:/Users/maill/WORK/Dataset/32_2/img_152,не
C:/Users/maill/WORK/Dataset/32_2/img_153,существовало.
C:/Users/maill/WORK/Dataset/32_2/img_154,я
C:/Users/maill/WORK/Dataset/32_2/img_155,обратился
C:/Users/maill/WORK/Dataset/32_2/img_156,"туда,"
C:/Users/maill/WORK/Dataset/32_2/img_157,там
C:/Users/maill/WORK/Dataset/32_2/img_158,мне
C:/Users/maill/WORK/Dataset/32_2/img_159,сказали
C:/Users/maill/WORK/Dataset/32_2/img_160,что
C:/Users/maill/WORK/Dataset/32_2/img_161,в
C:/Users/maill/WORK/Dataset/32_2/img_162,Кокуйским
C:/Users/maill/WORK/Dataset/32_2/img_163,с/с
C:/Users/maill/WORK/Dataset/32_2/img_164,подрукам
C:/Users/maill/WORK/Dataset/32_2/img_165,никаких
C:/Users/maill/WORK/Dataset/32_2/img_166,документов
C:/Users/maill/WORK/Dataset/32_2/img_167,нет
C:/Users/maill/WORK/Dataset/32_2/img_168,и
C:/Users/maill/WORK/Dataset/32_2/img_169,про
C:/Users/maill/WORK/Dataset/32_2/img_170,дело
C:/Users/maill/WORK/Dataset/32_2/img_171,ничего
C:/Users/maill/WORK/Dataset/32_2/img_172,не
C:/Users/maill/WORK/Dataset/32_2/img_173,"знали,"
C:/Users/maill/WORK/Dataset/32_2/img_174,нужно
C:/Users/maill/WORK/Dataset/32_2/img_175,справиться
C:/Users/maill/WORK/Dataset/32_2/img_176,у
C:/Users/maill/WORK/Dataset/32_2/img_177,бывшего
C:/Users/maill/WORK/Dataset/32_2/img_178,председателя
C:/Users/maill/WORK/Dataset/32_2/img_179,"усов,"
C:/Users/maill/WORK/Dataset/32_2/img_180,тогда
C:/Users/maill/WORK/Dataset/32_2/img_181,я
C:/Users/maill/WORK/Dataset/32_2/img_182,обратился
C:/Users/maill/WORK/Dataset/32_2/img_183,к
C:/Users/maill/WORK/Dataset/32_2/img_184,бывшему
C:/Users/maill/WORK/Dataset/32_2/img_185,предс.
C:/Users/maill/WORK/Dataset/32_2/img_186,с/с.
C:/Users/maill/WORK/Dataset/32_2/img_187,тов.
C:/Users/maill/WORK/Dataset/32_2/img_188,Макарову
C:/Users/maill/WORK/Dataset/32_2/img_189,Н. К.
C:/Users/maill/WORK/Dataset/32_2/img_190,он
C:/Users/maill/WORK/Dataset/32_2/img_191,мне
C:/Users/maill/WORK/Dataset/32_2/img_192,пояснил.
C:/Users/maill/WORK/Dataset/32_2/img_193,так
C:/Users/maill/WORK/Dataset/32_2/img_194,естли
C:/Users/maill/WORK/Dataset/32_2/img_195,нет
C:/Users/maill/WORK/Dataset/32_2/img_196,акта
C:/Users/maill/WORK/Dataset/32_2/img_197,по
C:/Users/maill/WORK/Dataset/32_2/img_198,обмеру
C:/Users/maill/WORK/Dataset/32_2/img_199,посева
C:/Users/maill/WORK/Dataset/32_2/img_200,то
C:/Users/maill/WORK/Dataset/32_2/img_201,пусьщай
C:/Users/maill/WORK/Dataset/32_2/img_202,Кокуйский
C:/Users/maill/WORK/Dataset/32_2/img_203,с/с
C:/Users/maill/WORK/Dataset/32_2/img_204,обжа-
C:/Users/maill/WORK/Dataset/32_2/img_205,лует
C:/Users/maill/WORK/Dataset/32_2/img_206,посланье
C:/Users/maill/WORK/Dataset/32_2/img_207,в
C:/Users/maill/WORK/Dataset/32_2/img_208,рик.
C:/Users/maill/WORK/Dataset/32_2/img_209,"сведения,"
C:/Users/maill/WORK/Dataset/32_2/img_210,я
C:/Users/maill/WORK/Dataset/32_2/img_211,обратно.
C:/Users/maill/WORK/Dataset/32_2/img_212,обратился
C:/Users/maill/WORK/Dataset/32_2/img_213,в
C:/Users/maill/WORK/Dataset/32_2/img_214,Кокуйский
C:/Users/maill/WORK/Dataset/32_2/img_215,"с/сов,"
C:/Users/maill/WORK/Dataset/32_2/img_216,они
C:/Users/maill/WORK/Dataset/32_2/img_217,на
C:/Users/maill/WORK/Dataset/32_2/img_218,это
C:/Users/maill/WORK/Dataset/32_2/img_219,мне
C:/Users/maill/WORK/Dataset/32_2/img_220,сказали
C:/Users/maill/WORK/Dataset/32_2/img_221,что
C:/Users/maill/WORK/Dataset/32_2/img_222,ты
C:/Users/maill/WORK/Dataset/32_2/img_223,поез-
C:/Users/maill/WORK/Dataset/32_2/img_224,жай
C:/Users/maill/WORK/Dataset/32_2/img_225,к
C:/Users/maill/WORK/Dataset/32_2/img_226,бывшему
C:/Users/maill/WORK/Dataset/32_2/img_227,уполномоченому
C:/Users/maill/WORK/Dataset/32_2/img_228,Серковского
C:/Users/maill/WORK/Dataset/32_2/img_229,об-ва.
C:/Users/maill/WORK/Dataset/32_2/img_230,быть
C:/Users/maill/WORK/Dataset/32_2/img_231,может
C:/Users/maill/WORK/Dataset/32_2/img_232,у
C:/Users/maill/WORK/Dataset/32_2/img_233,него
C:/Users/maill/WORK/Dataset/32_2/img_234,есть
C:/Users/maill/WORK/Dataset/32_2/img_235,копия
C:/Users/maill/WORK/Dataset/32_2/img_236,"акта,"
C:/Users/maill/WORK/Dataset/32_2/img_237,и
C:/Users/maill/WORK/Dataset/32_2/img_238,действительно.
C:/Users/maill/WORK/Dataset/32_2/img_239,Когда
C:/Users/maill/WORK/Dataset/32_2/img_240,я
C:/Users/maill/WORK/Dataset/32_2/img_241,приехал
C:/Users/maill/WORK/Dataset/32_2/img_242,к
C:/Users/maill/WORK/Dataset/32_2/img_243,уполномоченому
C:/Users/maill/WORK/Dataset/32_2/img_244,Серковского
C:/Users/maill/WORK/Dataset/32_2/img_245,об-ва
C:/Users/maill/WORK/Dataset/32_2/img_246,тов
C:/Users/maill/WORK/Dataset/32_2/img_247,Леонтьеву.
C:/Users/maill/WORK/Dataset/32_2/img_248,то
C:/Users/maill/WORK/Dataset/32_2/img_249,нашли
C:/Users/maill/WORK/Dataset/32_2/img_250,копию
C:/Users/maill/WORK/Dataset/32_2/img_251,с
C:/Users/maill/WORK/Dataset/32_2/img_252,акта
C:/Users/maill/WORK/Dataset/32_2/img_253,который
C:/Users/maill/WORK/Dataset/32_2/img_254,был
C:/Users/maill/WORK/Dataset/32_2/img_255,составлен
C:/Users/maill/WORK/Dataset/32_2/img_256,при
C:/Users/maill/WORK/Dataset/32_2/img_257,обмере
C:/Users/maill/WORK/Dataset/32_2/img_258,посева.
C:/Users/maill/WORK/Dataset/32_2/img_259,в
C:/Users/maill/WORK/Dataset/32_2/img_260,таковом
C:/Users/maill/WORK/Dataset/32_2/img_261,было
C:/Users/maill/WORK/Dataset/32_2/img_262,ясно
C:/Users/maill/WORK/Dataset/32_2/img_263,указано
C:/Users/maill/WORK/Dataset/32_2/img_264,сколько
C:/Users/maill/WORK/Dataset/32_2/img_265,было
C:/Users/maill/WORK/Dataset/32_2/img_266,чего
C:/Users/maill/WORK/Dataset/32_2/img_267,намеряно.
C:/Users/maill/WORK/Dataset/32_2/img_268,пшеницы
C:/Users/maill/WORK/Dataset/32_2/img_269,5.25д.
C:/Users/maill/WORK/Dataset/32_2/img_270,овса
C:/Users/maill/WORK/Dataset/32_2/img_271,1.00 д.
C:/Users/maill/WORK/Dataset/32_2/img_272,итого
C:/Users/maill/WORK/Dataset/32_2/img_273,в. 25 д..
C:/Users/maill/WORK/Dataset/32_2/img_274,только
C:/Users/maill/WORK/Dataset/32_2/img_275,было
C:/Users/maill/WORK/Dataset/32_2/img_276,непомечено
C:/Users/maill/WORK/Dataset/32_2/img_277,то
C:/Users/maill/WORK/Dataset/32_2/img_278,что
C:/Users/maill/WORK/Dataset/32_2/img_279,из
C:/Users/maill/WORK/Dataset/32_2/img_280,этого
C:/Users/maill/WORK/Dataset/32_2/img_281,количества
C:/Users/maill/WORK/Dataset/32_2/img_282,1.00 д.
C:/Users/maill/WORK/Dataset/32_2/img_283,была
C:/Users/maill/WORK/Dataset/32_2/img_284,засеяна.
C:/Users/maill/WORK/Dataset/32_2/img_285,Сосновских
C:/Users/maill/WORK/Dataset/32_2/img_286,Александром
C:/Users/maill/WORK/Dataset/32_2/img_287,Гавриловичем
C:/Users/maill/WORK/Dataset/32_2/img_288,т/к
C:/Users/maill/WORK/Dataset/32_2/img_289,земля
C:/Users/maill/WORK/Dataset/32_2/img_290,была
C:/Users/maill/WORK/Dataset/32_2/img_291,здана
C:/Users/maill/WORK/Dataset/32_2/img_292,в
C:/Users/maill/WORK/Dataset/32_2/img_293,аренду
C:/Users/maill/WORK/Dataset/32_2/img_294,без
C:/Users/maill/WORK/Dataset/32_2/img_295,"договора,"
C:/Users/maill/WORK/Dataset/32_2/img_296,об
C:/Users/maill/WORK/Dataset/32_2/img_297,этой
C:/Users/maill/WORK/Dataset/32_2/img_298,десятине
C:/Users/maill/WORK/Dataset/32_2/img_299,и
C:/Users/maill/WORK/Dataset/32_2/img_300,можно-
C:/Users/maill/WORK/Dataset/32_2/img_301,%смотри
C:/Users/maill/WORK/Dataset/32_2/img_302,на
C:/Users/maill/WORK/Dataset/32_2/img_303,обороте%
C:/Users/maill/WORK/Dataset/32_3/img_2,сщитать са
C:/Users/maill/WORK/Dataset/32_3/img_3,самому
C:/Users/maill/WORK/Dataset/32_3/img_4,себя
C:/Users/maill/WORK/Dataset/32_3/img_5,виновным
C:/Users/maill/WORK/Dataset/32_3/img_6,потомучто
C:/Users/maill/WORK/Dataset/32_3/img_8,небыло
C:/Users/maill/WORK/Dataset/32_3/img_10,ними
C:/Users/maill/WORK/Dataset/32_3/img_11,заключено
C:/Users/maill/WORK/Dataset/32_3/img_12,"договора,"
C:/Users/maill/WORK/Dataset/32_3/img_13,а
C:/Users/maill/WORK/Dataset/32_3/img_14,вот
C:/Users/maill/WORK/Dataset/32_3/img_15,еще
C:/Users/maill/WORK/Dataset/32_3/img_16,1. 81
C:/Users/maill/WORK/Dataset/32_3/img_17,д.
C:/Users/maill/WORK/Dataset/32_3/img_18,"взяты,"
C:/Users/maill/WORK/Dataset/32_3/img_19,ильспотолка
C:/Users/maill/WORK/Dataset/32_3/img_20,то
C:/Users/maill/WORK/Dataset/32_3/img_21,неизвестно
C:/Users/maill/WORK/Dataset/32_3/img_22,от
C:/Users/maill/WORK/Dataset/32_3/img_23,кудов
C:/Users/maill/WORK/Dataset/32_3/img_24,состенки
C:/Users/maill/WORK/Dataset/32_3/img_26,Тогда
C:/Users/maill/WORK/Dataset/32_3/img_29,я
C:/Users/maill/WORK/Dataset/32_3/img_30,написал
C:/Users/maill/WORK/Dataset/32_3/img_31,заявление
C:/Users/maill/WORK/Dataset/32_3/img_32,в
C:/Users/maill/WORK/Dataset/32_3/img_34,налоговую
C:/Users/maill/WORK/Dataset/32_3/img_35,комисию
C:/Users/maill/WORK/Dataset/32_3/img_36,приложив
C:/Users/maill/WORK/Dataset/32_3/img_37,к
C:/Users/maill/WORK/Dataset/32_3/img_38,заявлению
C:/Users/maill/WORK/Dataset/32_3/img_39,копию
C:/Users/maill/WORK/Dataset/32_3/img_40,с
C:/Users/maill/WORK/Dataset/32_3/img_43,акта
C:/Users/maill/WORK/Dataset/32_3/img_44,и
C:/Users/maill/WORK/Dataset/32_3/img_45,справку
C:/Users/maill/WORK/Dataset/32_3/img_46,из
C:/Users/maill/WORK/Dataset/32_3/img_47,сосновскаго
C:/Users/maill/WORK/Dataset/32_3/img_48,с/сов
C:/Users/maill/WORK/Dataset/32_3/img_49,в том
C:/Users/maill/WORK/Dataset/32_3/img_50,что
C:/Users/maill/WORK/Dataset/32_3/img_51,действи-
C:/Users/maill/WORK/Dataset/32_3/img_52,тельно
C:/Users/maill/WORK/Dataset/32_3/img_53,этот
C:/Users/maill/WORK/Dataset/32_3/img_54,посев
C:/Users/maill/WORK/Dataset/32_3/img_55,количестве
C:/Users/maill/WORK/Dataset/32_3/img_56,1. II II д.
C:/Users/maill/WORK/Dataset/32_3/img_57,числится
C:/Users/maill/WORK/Dataset/32_3/img_58,за
C:/Users/maill/WORK/Dataset/32_3/img_59,гр.
C:/Users/maill/WORK/Dataset/32_3/img_64,Александром
C:/Users/maill/WORK/Dataset/32_3/img_65,Гавриловичем
C:/Users/maill/WORK/Dataset/32_3/img_66,все
C:/Users/maill/WORK/Dataset/32_3/img_67,мате-
C:/Users/maill/WORK/Dataset/32_3/img_69,риалы
C:/Users/maill/WORK/Dataset/32_3/img_70,посланы
C:/Users/maill/WORK/Dataset/32_3/img_71,предпрово
C:/Users/maill/WORK/Dataset/32_3/img_72,дительной
C:/Users/maill/WORK/Dataset/32_3/img_73,из
C:/Users/maill/WORK/Dataset/32_3/img_74,Серковскаго
C:/Users/maill/WORK/Dataset/32_3/img_75,с/с
C:/Users/maill/WORK/Dataset/32_3/img_76,Талит
C:/Users/maill/WORK/Dataset/32_3/img_77,феврале
C:/Users/maill/WORK/Dataset/32_3/img_79,за
C:/Users/maill/WORK/Dataset/32_3/img_80,№
C:/Users/maill/WORK/Dataset/32_3/img_81,210.
C:/Users/maill/WORK/Dataset/32_3/img_82,в
C:/Users/maill/WORK/Dataset/32_3/img_83,месяце
C:/Users/maill/WORK/Dataset/32_3/img_84,в
C:/Users/maill/WORK/Dataset/32_3/img_85,котором
C:/Users/maill/WORK/Dataset/32_3/img_86,и
C:/Users/maill/WORK/Dataset/32_3/img_87,Районную
C:/Users/maill/WORK/Dataset/32_3/img_88,говую
C:/Users/maill/WORK/Dataset/32_3/img_90,нало
C:/Users/maill/WORK/Dataset/32_3/img_91,комисию
C:/Users/maill/WORK/Dataset/32_3/img_92,присчита-
C:/Users/maill/WORK/Dataset/32_3/img_93,надбавку
C:/Users/maill/WORK/Dataset/32_3/img_94,25р
C:/Users/maill/WORK/Dataset/32_3/img_95,96 коп
C:/Users/maill/WORK/Dataset/32_3/img_97,щия
C:/Users/maill/WORK/Dataset/32_3/img_98,с
C:/Users/maill/WORK/Dataset/32_3/img_99,меня
C:/Users/maill/WORK/Dataset/32_3/img_100,с
C:/Users/maill/WORK/Dataset/32_3/img_101,посева
C:/Users/maill/WORK/Dataset/32_3/img_102,"2,81 д."
C:/Users/maill/WORK/Dataset/32_3/img_103,в
C:/Users/maill/WORK/Dataset/32_3/img_104,Tри
C:/Users/maill/WORK/Dataset/32_3/img_105,раза
C:/Users/maill/WORK/Dataset/32_3/img_106,я
C:/Users/maill/WORK/Dataset/32_3/img_107,ходил
C:/Users/maill/WORK/Dataset/32_3/img_108,за
C:/Users/maill/WORK/Dataset/32_3/img_109,50
C:/Users/maill/WORK/Dataset/32_3/img_110,верст
C:/Users/maill/WORK/Dataset/32_3/img_111,в
C:/Users/maill/WORK/Dataset/32_3/img_112,рик
C:/Users/maill/WORK/Dataset/32_3/img_113,скоро
C:/Users/maill/WORK/Dataset/32_3/img_114,ли
C:/Users/maill/WORK/Dataset/32_3/img_115,мое
C:/Users/maill/WORK/Dataset/32_3/img_116,зая
C:/Users/maill/WORK/Dataset/32_3/img_117,вление
C:/Users/maill/WORK/Dataset/32_3/img_120,рико
C:/Users/maill/WORK/Dataset/32_3/img_121,всы
C:/Users/maill/WORK/Dataset/32_3/img_122,оказались
C:/Users/maill/WORK/Dataset/32_3/img_123,как
C:/Users/maill/WORK/Dataset/32_3/img_124,чинов-
C:/Users/maill/WORK/Dataset/32_3/img_126,времени
C:/Users/maill/WORK/Dataset/32_3/img_129,ники
C:/Users/maill/WORK/Dataset/32_3/img_130,царскаго
C:/Users/maill/WORK/Dataset/32_3/img_131,мне
C:/Users/maill/WORK/Dataset/32_3/img_132,отвечали
C:/Users/maill/WORK/Dataset/32_3/img_133,"одно,"
C:/Users/maill/WORK/Dataset/32_3/img_134,разберем
C:/Users/maill/WORK/Dataset/32_3/img_136,денежки
C:/Users/maill/WORK/Dataset/32_3/img_137,"плати,"
C:/Users/maill/WORK/Dataset/32_3/img_138,мое
C:/Users/maill/WORK/Dataset/32_3/img_139,зая
C:/Users/maill/WORK/Dataset/32_3/img_140,вление
C:/Users/maill/WORK/Dataset/32_3/img_141,и
C:/Users/maill/WORK/Dataset/32_3/img_142,удовлетворить
C:/Users/maill/WORK/Dataset/32_3/img_143,описали
C:/Users/maill/WORK/Dataset/32_3/img_144,мое
C:/Users/maill/WORK/Dataset/32_3/img_145,имущество
C:/Users/maill/WORK/Dataset/32_3/img_146,и
C:/Users/maill/WORK/Dataset/32_3/img_147,продали
C:/Users/maill/WORK/Dataset/32_3/img_148,корову
C:/Users/maill/WORK/Dataset/32_3/img_149,с
C:/Users/maill/WORK/Dataset/32_3/img_150,тор
C:/Users/maill/WORK/Dataset/32_3/img_151,в
C:/Users/maill/WORK/Dataset/32_3/img_152,за
C:/Users/maill/WORK/Dataset/32_3/img_153,не
C:/Users/maill/WORK/Dataset/32_3/img_154,доим
C:/Users/maill/WORK/Dataset/32_3/img_155,ку
C:/Users/maill/WORK/Dataset/32_3/img_157,И
C:/Users/maill/WORK/Dataset/32_3/img_158,только
C:/Users/maill/WORK/Dataset/32_3/img_159,мае
C:/Users/maill/WORK/Dataset/32_3/img_160,месяце
C:/Users/maill/WORK/Dataset/32_3/img_161,выбра
C:/Users/maill/WORK/Dataset/32_3/img_162,лся
C:/Users/maill/WORK/Dataset/32_3/img_164,такой
C:/Users/maill/WORK/Dataset/32_3/img_165,удачный
C:/Users/maill/WORK/Dataset/32_3/img_166,денек
C:/Users/maill/WORK/Dataset/32_3/img_167,разобрали
C:/Users/maill/WORK/Dataset/32_3/img_168,мое
C:/Users/maill/WORK/Dataset/32_3/img_169,заявлен
C:/Users/maill/WORK/Dataset/32_3/img_170,","
C:/Users/maill/WORK/Dataset/32_3/img_171,и
C:/Users/maill/WORK/Dataset/32_3/img_172,моей
C:/Users/maill/WORK/Dataset/32_3/img_173,прозьбы
C:/Users/maill/WORK/Dataset/32_3/img_174,не
C:/Users/maill/WORK/Dataset/32_3/img_175,удовлет-
C:/Users/maill/WORK/Dataset/32_3/img_177,ворили
C:/Users/maill/WORK/Dataset/32_3/img_178,потомучто
C:/Users/maill/WORK/Dataset/32_3/img_179,чуть
C:/Users/maill/WORK/Dataset/32_3/img_180,ли
C:/Users/maill/WORK/Dataset/32_3/img_181,на
C:/Users/maill/WORK/Dataset/32_3/img_182,у
C:/Users/maill/WORK/Dataset/32_3/img_183,"гад,"
C:/Users/maill/WORK/Dataset/32_3/img_185,неразбир
C:/Users/maill/WORK/Dataset/32_3/img_186,али
C:/Users/maill/WORK/Dataset/32_3/img_187,мое
C:/Users/maill/WORK/Dataset/32_3/img_188,заявле
C:/Users/maill/WORK/Dataset/32_3/img_189,ние
C:/Users/maill/WORK/Dataset/32_3/img_191,мучто
C:/Users/maill/WORK/Dataset/32_3/img_192,справку
C:/Users/maill/WORK/Dataset/32_3/img_193,затеряли
C:/Users/maill/WORK/Dataset/32_3/img_194,ни
C:/Users/maill/WORK/Dataset/32_3/img_195,где
C:/Users/maill/WORK/Dataset/32_3/img_196,не
C:/Users/maill/WORK/Dataset/32_3/img_197,могли
C:/Users/maill/WORK/Dataset/32_3/img_198,найти
C:/Users/maill/WORK/Dataset/32_3/img_199,где
C:/Users/maill/WORK/Dataset/32_3/img_200,все
C:/Users/maill/WORK/Dataset/32_3/img_201,у
C:/Users/maill/WORK/Dataset/32_3/img_202,26го
C:/Users/maill/WORK/Dataset/32_3/img_203,мая
C:/Users/maill/WORK/Dataset/32_3/img_204,я
C:/Users/maill/WORK/Dataset/32_3/img_205,получ
C:/Users/maill/WORK/Dataset/32_3/img_206,Серковскаго
C:/Users/maill/WORK/Dataset/32_3/img_207,с/сов
C:/Users/maill/WORK/Dataset/32_3/img_208,вы
C:/Users/maill/WORK/Dataset/32_3/img_209,писку
C:/Users/maill/WORK/Dataset/32_3/img_210,из
C:/Users/maill/WORK/Dataset/32_3/img_211,Р
C:/Users/maill/WORK/Dataset/32_3/img_212,Н.
C:/Users/maill/WORK/Dataset/32_3/img_213,К.
C:/Users/maill/WORK/Dataset/32_3/img_214,№
C:/Users/maill/WORK/Dataset/32_3/img_215,133
C:/Users/maill/WORK/Dataset/32_3/img_216,И
C:/Users/maill/WORK/Dataset/32_3/img_217,зная
C:/Users/maill/WORK/Dataset/32_3/img_218,то
C:/Users/maill/WORK/Dataset/32_3/img_219,я
C:/Users/maill/WORK/Dataset/32_3/img_224,что
C:/Users/maill/WORK/Dataset/32_3/img_225,заплатил
C:/Users/maill/WORK/Dataset/32_3/img_226,не
C:/Users/maill/WORK/Dataset/32_3/img_227,зачто
C:/Users/maill/WORK/Dataset/32_3/img_228,Я
C:/Users/maill/WORK/Dataset/32_3/img_229,об
C:/Users/maill/WORK/Dataset/32_3/img_231,жаловал.
C:/Users/maill/WORK/Dataset/32_3/img_232,К.
C:/Users/maill/WORK/Dataset/32_3/img_233,там
C:/Users/maill/WORK/Dataset/32_3/img_234,конечно
C:/Users/maill/WORK/Dataset/32_3/img_235,заявление
C:/Users/maill/WORK/Dataset/32_3/img_236,дело
C:/Users/maill/WORK/Dataset/32_3/img_239,мое
C:/Users/maill/WORK/Dataset/32_3/img_241,расмотрели
C:/Users/maill/WORK/Dataset/32_3/img_244,21
C:/Users/maill/WORK/Dataset/32_3/img_245,удовлетворить
C:/Users/maill/WORK/Dataset/32_3/img_246,но
C:/Users/maill/WORK/Dataset/32_3/img_248,мою
C:/Users/maill/WORK/Dataset/32_3/img_249,в
C:/Users/maill/WORK/Dataset/32_3/img_250,части
C:/Users/maill/WORK/Dataset/32_3/img_251,т/е
C:/Users/maill/WORK/Dataset/32_3/img_252,изключить
C:/Users/maill/WORK/Dataset/32_3/img_253,из
C:/Users/maill/WORK/Dataset/32_3/img_254,обложения
C:/Users/maill/WORK/Dataset/32_3/img_255,"не 2,81д"
C:/Users/maill/WORK/Dataset/32_3/img_256,а
C:/Users/maill/WORK/Dataset/32_3/img_257,"1,81д."
C:/Users/maill/WORK/Dataset/32_3/img_258,и
C:/Users/maill/WORK/Dataset/32_3/img_259,поручили
C:/Users/maill/WORK/Dataset/32_3/img_260,до инчасти
C:/Users/maill/WORK/Dataset/32_3/img_261,Талицкаго
C:/Users/maill/WORK/Dataset/32_3/img_262,рика
C:/Users/maill/WORK/Dataset/32_3/img_263,произвести
C:/Users/maill/WORK/Dataset/32_3/img_264,перечисление
C:/Users/maill/WORK/Dataset/32_3/img_265,с/х.
C:/Users/maill/WORK/Dataset/32_3/img_266,налога.
C:/Users/maill/WORK/Dataset/32_3/img_267,и
C:/Users/maill/WORK/Dataset/32_3/img_268,они
C:/Users/maill/WORK/Dataset/32_3/img_269,до
C:/Users/maill/WORK/Dataset/32_3/img_270,сих
C:/Users/maill/WORK/Dataset/32_3/img_271,пор
C:/Users/maill/WORK/Dataset/32_3/img_272,перечисляют
C:/Users/maill/WORK/Dataset/32_3/img_273,перечислить
C:/Users/maill/WORK/Dataset/32_3/img_274,не
C:/Users/maill/WORK/Dataset/32_3/img_275,могут
C:/Users/maill/WORK/Dataset/32_3/img_276,мне
C:/Users/maill/WORK/Dataset/32_3/img_277,снова
C:/Users/maill/WORK/Dataset/32_3/img_278,приходится
C:/Users/maill/WORK/Dataset/32_3/img_279,подавать
C:/Users/maill/WORK/Dataset/32_3/img_280,заявление
C:/Users/maill/WORK/Dataset/32_3/img_281,боюсь
C:/Users/maill/WORK/Dataset/32_3/img_283,как
C:/Users/maill/WORK/Dataset/32_3/img_284,риковсы
C:/Users/maill/WORK/Dataset/32_3/img_285,говорят.
C:/Users/maill/WORK/Dataset/32_3/img_286,а
C:/Users/maill/WORK/Dataset/32_3/img_287,я
C:/Users/maill/WORK/Dataset/32_3/img_288,и
C:/Users/maill/WORK/Dataset/32_3/img_289,так
C:/Users/maill/WORK/Dataset/32_3/img_290,этого
C:/Users/maill/WORK/Dataset/32_3/img_291,"слова, подавай"
C:/Users/maill/WORK/Dataset/32_3/img_292,заявление
C:/Users/maill/WORK/Dataset/32_3/img_293,я
C:/Users/maill/WORK/Dataset/32_3/img_294,спросил
C:/Users/maill/WORK/Dataset/32_3/img_295,в
C:/Users/maill/WORK/Dataset/32_3/img_296,рике
C:/Users/maill/WORK/Dataset/32_3/img_297,как
C:/Users/maill/WORK/Dataset/32_3/img_298,получить
C:/Users/maill/WORK/Dataset/32_3/img_299,переплату
C:/Users/maill/WORK/Dataset/32_3/img_300,с/х
C:/Users/maill/WORK/Dataset/32_3/img_301,налога
C:/Users/maill/WORK/Dataset/32_3/img_302,риковсы
C:/Users/maill/WORK/Dataset/32_3/img_303,говорят
C:/Users/maill/WORK/Dataset/32_3/img_304,одай
C:/Users/maill/WORK/Dataset/32_3/img_305,заявление
C:/Users/maill/WORK/Dataset/32_3/img_306,прилож
C:/Users/maill/WORK/Dataset/32_3/img_307,оправдательные
C:/Users/maill/WORK/Dataset/32_3/img_308,документы
C:/Users/maill/WORK/Dataset/32_3/img_309,а
C:/Users/maill/WORK/Dataset/32_3/img_310,кого
C:/Users/maill/WORK/Dataset/32_3/img_311,прилож-
C:/Users/maill/WORK/Dataset/32_3/img_312,ить
C:/Users/maill/WORK/Dataset/32_3/img_313,как
C:/Users/maill/WORK/Dataset/32_3/img_314,все
C:/Users/maill/WORK/Dataset/32_3/img_317,февраля
C:/Users/maill/WORK/Dataset/32_3/img_318,месяца
C:/Users/maill/WORK/Dataset/32_3/img_319,в
C:/Users/maill/WORK/Dataset/32_3/img_320,рике
C:/Users/maill/WORK/Dataset/32_3/img_321,киснут
C:/Users/maill/WORK/Dataset/32_3/img_322,в
C:/Users/maill/WORK/Dataset/32_3/img_323,крестьянской
C:/Users/maill/WORK/Dataset/32_3/img_328,27 г.
C:/Users/maill/WORK/Dataset/32_3/img_329,рике
C:/Users/maill/WORK/Dataset/32_3/img_330,волокита
C:/Users/maill/WORK/Dataset/32_3/img_331,М. Р.
C:/Users/maill/WORK/Dataset/32_3/img_332,Захаров
C:/Users/maill/WORK/Dataset/32_4/img_1,В
C:/Users/maill/WORK/Dataset/32_4/img_2,Редакцию
C:/Users/maill/WORK/Dataset/32_4/img_3,Крестьянской
C:/Users/maill/WORK/Dataset/32_4/img_4,газеты
C:/Users/maill/WORK/Dataset/32_4/img_5,гр.
C:/Users/maill/WORK/Dataset/32_4/img_6,Дер.
C:/Users/maill/WORK/Dataset/32_4/img_7,Махиевой
C:/Users/maill/WORK/Dataset/32_4/img_8,Верх-Яивеи
C:/Users/maill/WORK/Dataset/32_4/img_9,скало
C:/Users/maill/WORK/Dataset/32_4/img_10,с/совета
C:/Users/maill/WORK/Dataset/32_4/img_11,Соликамско
C:/Users/maill/WORK/Dataset/32_4/img_12,го
C:/Users/maill/WORK/Dataset/32_4/img_13,района
C:/Users/maill/WORK/Dataset/32_4/img_14,В-Камского
C:/Users/maill/WORK/Dataset/32_4/img_15,Окру-
C:/Users/maill/WORK/Dataset/32_4/img_16,га
C:/Users/maill/WORK/Dataset/32_4/img_17,Уральской
C:/Users/maill/WORK/Dataset/32_4/img_18,волости
C:/Users/maill/WORK/Dataset/32_4/img_19,Бай-
C:/Users/maill/WORK/Dataset/32_4/img_20,бакова
C:/Users/maill/WORK/Dataset/32_4/img_21,Степана
C:/Users/maill/WORK/Dataset/32_4/img_22,Васильева
C:/Users/maill/WORK/Dataset/32_4/img_23,Заявление
C:/Users/maill/WORK/Dataset/32_4/img_24,Сим
C:/Users/maill/WORK/Dataset/32_4/img_25,заявляю
C:/Users/maill/WORK/Dataset/32_4/img_26,редакцие
C:/Users/maill/WORK/Dataset/32_4/img_27,крестьяноской
C:/Users/maill/WORK/Dataset/32_4/img_28,газеты
C:/Users/maill/WORK/Dataset/32_4/img_29,Я
C:/Users/maill/WORK/Dataset/32_4/img_30,гр.
C:/Users/maill/WORK/Dataset/32_4/img_31,дер
C:/Users/maill/WORK/Dataset/32_4/img_32,Махиевой
C:/Users/maill/WORK/Dataset/32_4/img_33,Верх-Яивеи
C:/Users/maill/WORK/Dataset/32_4/img_34,скаго
C:/Users/maill/WORK/Dataset/32_4/img_35,с/совета
C:/Users/maill/WORK/Dataset/32_4/img_36,Соликамскаго
C:/Users/maill/WORK/Dataset/32_4/img_37,раиона
C:/Users/maill/WORK/Dataset/32_4/img_38,В-Камскаго
C:/Users/maill/WORK/Dataset/32_4/img_39,округа
C:/Users/maill/WORK/Dataset/32_4/img_40,Уральской
C:/Users/maill/WORK/Dataset/32_4/img_41,области
C:/Users/maill/WORK/Dataset/32_4/img_42,имею
C:/Users/maill/WORK/Dataset/32_4/img_43,вместе
C:/Users/maill/WORK/Dataset/32_4/img_44,с
C:/Users/maill/WORK/Dataset/32_4/img_45,братом
C:/Users/maill/WORK/Dataset/32_4/img_46,красноаршей
C:/Users/maill/WORK/Dataset/32_4/img_47,целе
C:/Users/maill/WORK/Dataset/32_4/img_48,пахотной
C:/Users/maill/WORK/Dataset/32_4/img_49,Сенокосной
C:/Users/maill/WORK/Dataset/32_4/img_50,и
C:/Users/maill/WORK/Dataset/32_4/img_51,в том
C:/Users/maill/WORK/Dataset/32_4/img_52,числе
C:/Users/maill/WORK/Dataset/32_4/img_53,под
C:/Users/maill/WORK/Dataset/32_4/img_54,скотом
C:/Users/maill/WORK/Dataset/32_4/img_55,Лежащей
C:/Users/maill/WORK/Dataset/32_4/img_56,всей
C:/Users/maill/WORK/Dataset/32_4/img_57,земли
C:/Users/maill/WORK/Dataset/32_4/img_58,пятнадцать
C:/Users/maill/WORK/Dataset/32_4/img_59,"десятин,"
C:/Users/maill/WORK/Dataset/32_4/img_60,Скота
C:/Users/maill/WORK/Dataset/32_4/img_61,имею
C:/Users/maill/WORK/Dataset/32_4/img_62,две
C:/Users/maill/WORK/Dataset/32_4/img_63,Лошади
C:/Users/maill/WORK/Dataset/32_4/img_64,3
C:/Users/maill/WORK/Dataset/32_4/img_65,коровы
C:/Users/maill/WORK/Dataset/32_4/img_66,три
C:/Users/maill/WORK/Dataset/32_4/img_67,подрос-
C:/Users/maill/WORK/Dataset/32_4/img_68,ка
C:/Users/maill/WORK/Dataset/32_4/img_69,т.е
C:/Users/maill/WORK/Dataset/32_4/img_70,"телят,"
C:/Users/maill/WORK/Dataset/32_4/img_71,пять
C:/Users/maill/WORK/Dataset/32_4/img_72,штук
C:/Users/maill/WORK/Dataset/32_4/img_73,круп-
C:/Users/maill/WORK/Dataset/32_4/img_74,ных
C:/Users/maill/WORK/Dataset/32_4/img_75,овец
C:/Users/maill/WORK/Dataset/32_4/img_76,с
C:/Users/maill/WORK/Dataset/32_4/img_77,подросками
C:/Users/maill/WORK/Dataset/32_4/img_78,Семейство
C:/Users/maill/WORK/Dataset/32_4/img_79,мое
C:/Users/maill/WORK/Dataset/32_4/img_80,состоит
C:/Users/maill/WORK/Dataset/32_4/img_81,сам
C:/Users/maill/WORK/Dataset/32_4/img_82,Я
C:/Users/maill/WORK/Dataset/32_4/img_83,жена
C:/Users/maill/WORK/Dataset/32_4/img_84,сын
C:/Users/maill/WORK/Dataset/32_4/img_85,10
C:/Users/maill/WORK/Dataset/32_4/img_86,лет
C:/Users/maill/WORK/Dataset/32_4/img_87,и
C:/Users/maill/WORK/Dataset/32_4/img_88,брат
C:/Users/maill/WORK/Dataset/32_4/img_89,находящийся
C:/Users/maill/WORK/Dataset/32_4/img_90,в
C:/Users/maill/WORK/Dataset/32_4/img_91,рядах
C:/Users/maill/WORK/Dataset/32_4/img_92,красной
C:/Users/maill/WORK/Dataset/32_4/img_93,армии
C:/Users/maill/WORK/Dataset/32_4/img_94,всего
C:/Users/maill/WORK/Dataset/32_4/img_95,четыре
C:/Users/maill/WORK/Dataset/32_4/img_96,"едока,"
C:/Users/maill/WORK/Dataset/32_4/img_97,занятие
C:/Users/maill/WORK/Dataset/32_4/img_98,Мое
C:/Users/maill/WORK/Dataset/32_4/img_99,имеем
C:/Users/maill/WORK/Dataset/32_4/img_100,вместе
C:/Users/maill/WORK/Dataset/32_4/img_101,с
C:/Users/maill/WORK/Dataset/32_4/img_102,братом
C:/Users/maill/WORK/Dataset/32_4/img_103,неболь-
C:/Users/maill/WORK/Dataset/32_4/img_104,шую
C:/Users/maill/WORK/Dataset/32_4/img_105,кожевню
C:/Users/maill/WORK/Dataset/32_4/img_106,и
C:/Users/maill/WORK/Dataset/32_4/img_107,работаем
C:/Users/maill/WORK/Dataset/32_4/img_108,по
C:/Users/maill/WORK/Dataset/32_4/img_109,немногу
C:/Users/maill/WORK/Dataset/32_4/img_110,"Кож,"
C:/Users/maill/WORK/Dataset/32_4/img_111,внонешном
C:/Users/maill/WORK/Dataset/32_4/img_112,году
C:/Users/maill/WORK/Dataset/32_4/img_113,Я
C:/Users/maill/WORK/Dataset/32_4/img_114,сделал
C:/Users/maill/WORK/Dataset/32_4/img_115,кож
C:/Users/maill/WORK/Dataset/32_5/img_1,В
C:/Users/maill/WORK/Dataset/32_5/img_2,Редакцию
C:/Users/maill/WORK/Dataset/32_5/img_3,""""
C:/Users/maill/WORK/Dataset/32_5/img_4,Кресть
C:/Users/maill/WORK/Dataset/32_5/img_5,янской
C:/Users/maill/WORK/Dataset/32_5/img_6,Газеты
C:/Users/maill/WORK/Dataset/32_5/img_7,"Узнав,"
C:/Users/maill/WORK/Dataset/32_5/img_8,что
C:/Users/maill/WORK/Dataset/32_5/img_9,гражданин
C:/Users/maill/WORK/Dataset/32_5/img_10,Сатинского
C:/Users/maill/WORK/Dataset/32_5/img_11,сельсо
C:/Users/maill/WORK/Dataset/32_5/img_12,вета
C:/Users/maill/WORK/Dataset/32_5/img_13,Сивинского
C:/Users/maill/WORK/Dataset/32_5/img_14,"региона,"
C:/Users/maill/WORK/Dataset/32_5/img_15,Пермского
C:/Users/maill/WORK/Dataset/32_5/img_16,округа)
C:/Users/maill/WORK/Dataset/32_5/img_17,Плот
C:/Users/maill/WORK/Dataset/32_5/img_18,ников
C:/Users/maill/WORK/Dataset/32_5/img_19,Иосиф
C:/Users/maill/WORK/Dataset/32_5/img_20,Тит
C:/Users/maill/WORK/Dataset/32_5/img_21,просит
C:/Users/maill/WORK/Dataset/32_5/img_22,Редакцию
C:/Users/maill/WORK/Dataset/32_5/img_23,зачислить
C:/Users/maill/WORK/Dataset/32_5/img_24,его
C:/Users/maill/WORK/Dataset/32_5/img_25,число
C:/Users/maill/WORK/Dataset/32_5/img_26,сельк
C:/Users/maill/WORK/Dataset/32_5/img_27,коров
C:/Users/maill/WORK/Dataset/32_5/img_28,Урал.
C:/Users/maill/WORK/Dataset/32_5/img_29,Обл.
C:/Users/maill/WORK/Dataset/32_5/img_30,""""
C:/Users/maill/WORK/Dataset/32_5/img_31,ресть
C:/Users/maill/WORK/Dataset/32_5/img_32,янской
C:/Users/maill/WORK/Dataset/32_5/img_33,Газеты
C:/Users/maill/WORK/Dataset/32_5/img_34,считаем
C:/Users/maill/WORK/Dataset/32_5/img_35,своим
C:/Users/maill/WORK/Dataset/32_5/img_36,долгом
C:/Users/maill/WORK/Dataset/32_5/img_37,сообщить
C:/Users/maill/WORK/Dataset/32_5/img_38,Редак
C:/Users/maill/WORK/Dataset/32_5/img_39,ции
C:/Users/maill/WORK/Dataset/32_5/img_40,ниже
C:/Users/maill/WORK/Dataset/32_5/img_41,дующее
C:/Users/maill/WORK/Dataset/32_5/img_42,Плотник
C:/Users/maill/WORK/Dataset/32_5/img_43,ов Иосиф
C:/Users/maill/WORK/Dataset/32_5/img_44,имея
C:/Users/maill/WORK/Dataset/32_5/img_45,доста
C:/Users/maill/WORK/Dataset/32_5/img_46,точно
C:/Users/maill/WORK/Dataset/32_5/img_47,средств
C:/Users/maill/WORK/Dataset/32_5/img_48,возможности
C:/Users/maill/WORK/Dataset/32_5/img_49,никогда
C:/Users/maill/WORK/Dataset/32_5/img_50,не
C:/Users/maill/WORK/Dataset/32_5/img_51,а
C:/Users/maill/WORK/Dataset/32_5/img_52,еще
C:/Users/maill/WORK/Dataset/32_5/img_53,грам
C:/Users/maill/WORK/Dataset/32_5/img_54,не
C:/Users/maill/WORK/Dataset/32_5/img_55,явл
C:/Users/maill/WORK/Dataset/32_5/img_56,яется
C:/Users/maill/WORK/Dataset/32_5/img_57,актив
C:/Users/maill/WORK/Dataset/32_5/img_58,истом
C:/Users/maill/WORK/Dataset/32_5/img_59,Советского
C:/Users/maill/WORK/Dataset/32_5/img_60,строит
C:/Users/maill/WORK/Dataset/32_5/img_61,ельства
C:/Users/maill/WORK/Dataset/32_5/img_62,Он не
C:/Users/maill/WORK/Dataset/32_5/img_63,пользуется
C:/Users/maill/WORK/Dataset/32_5/img_64,уважением
C:/Users/maill/WORK/Dataset/32_5/img_65,и
C:/Users/maill/WORK/Dataset/32_5/img_66,любо
C:/Users/maill/WORK/Dataset/32_5/img_67,вью
C:/Users/maill/WORK/Dataset/32_5/img_68,со
C:/Users/maill/WORK/Dataset/32_5/img_69,стороны
C:/Users/maill/WORK/Dataset/32_5/img_70,щества
C:/Users/maill/WORK/Dataset/32_5/img_71,по
C:/Users/maill/WORK/Dataset/32_5/img_72,мно
C:/Users/maill/WORK/Dataset/32_5/img_73,гим
C:/Users/maill/WORK/Dataset/32_5/img_74,причи
C:/Users/maill/WORK/Dataset/32_5/img_75,нам
C:/Users/maill/WORK/Dataset/32_5/img_76,3
C:/Users/maill/WORK/Dataset/32_5/img_77,Он
C:/Users/maill/WORK/Dataset/32_5/img_78,является
C:/Users/maill/WORK/Dataset/32_5/img_79,неисправ
C:/Users/maill/WORK/Dataset/32_5/img_80,имым ху
C:/Users/maill/WORK/Dataset/32_5/img_81,лиганом
C:/Users/maill/WORK/Dataset/32_5/img_82,"Так,"
C:/Users/maill/WORK/Dataset/32_5/img_83,напр
C:/Users/maill/WORK/Dataset/32_5/img_84,"имер,"
C:/Users/maill/WORK/Dataset/32_5/img_85,в 1924
C:/Users/maill/WORK/Dataset/32_5/img_86,году
C:/Users/maill/WORK/Dataset/32_5/img_87,напал
C:/Users/maill/WORK/Dataset/32_5/img_88,и ни
C:/Users/maill/WORK/Dataset/32_5/img_89,за
C:/Users/maill/WORK/Dataset/32_5/img_90,что
C:/Users/maill/WORK/Dataset/32_5/img_91,избил
C:/Users/maill/WORK/Dataset/32_5/img_92,гр
C:/Users/maill/WORK/Dataset/32_5/img_93,на
C:/Users/maill/WORK/Dataset/32_5/img_94,Сатинского
C:/Users/maill/WORK/Dataset/32_5/img_95,с/сов
C:/Users/maill/WORK/Dataset/32_5/img_96,Сединина
C:/Users/maill/WORK/Dataset/32_5/img_97,Андрияна Ив.
C:/Users/maill/WORK/Dataset/32_5/img_98,В
C:/Users/maill/WORK/Dataset/32_5/img_99,1925 году
C:/Users/maill/WORK/Dataset/32_5/img_100,вместе
C:/Users/maill/WORK/Dataset/32_5/img_101,со
C:/Users/maill/WORK/Dataset/32_5/img_102,своим
C:/Users/maill/WORK/Dataset/32_5/img_103,зятем
C:/Users/maill/WORK/Dataset/32_5/img_104,Ведернихо
C:/Users/maill/WORK/Dataset/32_5/img_105,вым А.
C:/Users/maill/WORK/Dataset/32_5/img_106,все
C:/Users/maill/WORK/Dataset/32_5/img_107,сте
C:/Users/maill/WORK/Dataset/32_5/img_108,кла
C:/Users/maill/WORK/Dataset/32_5/img_109,в 4 х
C:/Users/maill/WORK/Dataset/32_5/img_110,рамах
C:/Users/maill/WORK/Dataset/32_5/img_111,в
C:/Users/maill/WORK/Dataset/32_5/img_112,доме
C:/Users/maill/WORK/Dataset/32_5/img_113,подопечного
C:/Users/maill/WORK/Dataset/32_5/img_114,ротс
C:/Users/maill/WORK/Dataset/32_5/img_115,кого
C:/Users/maill/WORK/Dataset/32_5/img_116,"хозяйства, и"
C:/Users/maill/WORK/Dataset/32_5/img_117,окна сей
C:/Users/maill/WORK/Dataset/32_5/img_118,час
C:/Users/maill/WORK/Dataset/32_5/img_119,еще
C:/Users/maill/WORK/Dataset/32_5/img_120,без
C:/Users/maill/WORK/Dataset/32_5/img_121,стекол
C:/Users/maill/WORK/Dataset/32_5/img_122,В
C:/Users/maill/WORK/Dataset/32_5/img_123,конце
C:/Users/maill/WORK/Dataset/32_5/img_124,того
C:/Users/maill/WORK/Dataset/32_5/img_125,же
C:/Users/maill/WORK/Dataset/32_5/img_126,года
C:/Users/maill/WORK/Dataset/32_5/img_127,так
C:/Users/maill/WORK/Dataset/32_5/img_128,же
C:/Users/maill/WORK/Dataset/32_5/img_129,ни за
C:/Users/maill/WORK/Dataset/32_5/img_130,что
C:/Users/maill/WORK/Dataset/32_5/img_131,избил
C:/Users/maill/WORK/Dataset/32_5/img_132,Надымова
C:/Users/maill/WORK/Dataset/32_5/img_133,Михаила
C:/Users/maill/WORK/Dataset/32_5/img_134,В
C:/Users/maill/WORK/Dataset/32_5/img_135,весн
C:/Users/maill/WORK/Dataset/32_5/img_136,дер.
C:/Users/maill/WORK/Dataset/32_5/img_137,Орлово
C:/Users/maill/WORK/Dataset/32_5/img_138,учинил
C:/Users/maill/WORK/Dataset/32_5/img_139,целый
C:/Users/maill/WORK/Dataset/32_5/img_140,скандал
C:/Users/maill/WORK/Dataset/32_5/img_141,и
C:/Users/maill/WORK/Dataset/32_5/img_142,драку
C:/Users/maill/WORK/Dataset/32_5/img_145,Любит
C:/Users/maill/WORK/Dataset/32_5/img_146,варить
C:/Users/maill/WORK/Dataset/32_5/img_147,и
C:/Users/maill/WORK/Dataset/32_5/img_148,выпить
C:/Users/maill/WORK/Dataset/32_5/img_149,самогон
C:/Users/maill/WORK/Dataset/32_5/img_151,В прошл
C:/Users/maill/WORK/Dataset/32_5/img_152,"ом году,"
C:/Users/maill/WORK/Dataset/32_5/img_154,в
C:/Users/maill/WORK/Dataset/32_5/img_155,составе
C:/Users/maill/WORK/Dataset/32_5/img_156,прав
C:/Users/maill/WORK/Dataset/32_5/img_157,Сатинского
C:/Users/maill/WORK/Dataset/32_5/img_158,щест
C:/Users/maill/WORK/Dataset/32_5/img_159,венной
C:/Users/maill/WORK/Dataset/32_5/img_160,все
C:/Users/maill/WORK/Dataset/32_5/img_161,дела
C:/Users/maill/WORK/Dataset/32_5/img_162,свои
C:/Users/maill/WORK/Dataset/32_5/img_163,Комит
C:/Users/maill/WORK/Dataset/32_5/img_164,тетской
C:/Users/maill/WORK/Dataset/32_5/img_165,семенной
C:/Users/maill/WORK/Dataset/32_5/img_167,овес
C:/Users/maill/WORK/Dataset/32_5/img_168,свозил в
C:/Users/maill/WORK/Dataset/32_5/img_169,пересорт
C:/Users/maill/WORK/Dataset/32_5/img_170,ировал
C:/Users/maill/WORK/Dataset/32_5/img_172,свои
C:/Users/maill/WORK/Dataset/32_5/img_173,и
C:/Users/maill/WORK/Dataset/32_5/img_174,семе
C:/Users/maill/WORK/Dataset/32_5/img_175,нами
C:/Users/maill/WORK/Dataset/32_5/img_176,обсем
C:/Users/maill/WORK/Dataset/32_5/img_177,енил
C:/Users/maill/WORK/Dataset/32_5/img_178,свои
C:/Users/maill/WORK/Dataset/32_5/img_179,поля
C:/Users/maill/WORK/Dataset/32_5/img_180,а
C:/Users/maill/WORK/Dataset/32_5/img_181,ахвосья
C:/Users/maill/WORK/Dataset/32_5/img_182,бедня-
C:/Users/maill/WORK/Dataset/32_5/img_183,кам
C:/Users/maill/WORK/Dataset/32_5/img_184,На
C:/Users/maill/WORK/Dataset/32_5/img_185,комит
C:/Users/maill/WORK/Dataset/32_5/img_186,етские
C:/Users/maill/WORK/Dataset/32_5/img_187,средства
C:/Users/maill/WORK/Dataset/32_5/img_188,начал
C:/Users/maill/WORK/Dataset/32_5/img_190,для
C:/Users/maill/WORK/Dataset/32_5/img_191,лич
C:/Users/maill/WORK/Dataset/32_5/img_192,ной
C:/Users/maill/WORK/Dataset/32_5/img_193,нажи
C:/Users/maill/WORK/Dataset/32_5/img_194,вы:
C:/Users/maill/WORK/Dataset/32_5/img_195,по-дешевке
C:/Users/maill/WORK/Dataset/32_5/img_196,закупал
C:/Users/maill/WORK/Dataset/32_5/img_197,малину
C:/Users/maill/WORK/Dataset/32_5/img_198,"и т.п.,"
C:/Users/maill/WORK/Dataset/32_5/img_199,возил в город.
C:/Users/maill/WORK/Dataset/32_5/img_200,А
C:/Users/maill/WORK/Dataset/32_5/img_201,оттуда
C:/Users/maill/WORK/Dataset/32_5/img_202,без
C:/Users/maill/WORK/Dataset/32_5/img_203,всяких
C:/Users/maill/WORK/Dataset/32_5/img_204,прав
C:/Users/maill/WORK/Dataset/32_5/img_205,привозил
C:/Users/maill/WORK/Dataset/32_5/img_206,краски
C:/Users/maill/WORK/Dataset/32_5/img_207,", ситец"
C:/Users/maill/WORK/Dataset/32_5/img_208,и
C:/Users/maill/WORK/Dataset/32_5/img_209,разную
C:/Users/maill/WORK/Dataset/32_5/img_210,мелоч
C:/Users/maill/WORK/Dataset/32_5/img_211,тридо
C:/Users/maill/WORK/Dataset/32_5/img_212,продавал
C:/Users/maill/WORK/Dataset/32_5/img_213,По
C:/Users/maill/WORK/Dataset/32_5/img_214,селькорской
C:/Users/maill/WORK/Dataset/32_5/img_215,Умер
C:/Users/maill/WORK/Dataset/32_5/img_216,"Сель ККОВ"""
C:/Users/maill/WORK/Dataset/32_5/img_218,","
C:/Users/maill/WORK/Dataset/32_5/img_219,было
C:/Users/maill/WORK/Dataset/32_5/img_220,произв
C:/Users/maill/WORK/Dataset/32_5/img_221,едено
C:/Users/maill/WORK/Dataset/32_5/img_222,следствие
C:/Users/maill/WORK/Dataset/32_5/img_224,и
C:/Users/maill/WORK/Dataset/32_5/img_225,ревизия
C:/Users/maill/WORK/Dataset/32_5/img_226,обнаружила
C:/Users/maill/WORK/Dataset/32_5/img_227,растрату
C:/Users/maill/WORK/Dataset/32_5/img_228,","
C:/Users/maill/WORK/Dataset/32_5/img_229,Оська
C:/Users/maill/WORK/Dataset/32_5/img_230,под
C:/Users/maill/WORK/Dataset/32_5/img_231,""""
C:/Users/maill/WORK/Dataset/32_5/img_233,его
C:/Users/maill/WORK/Dataset/32_5/img_234,здесь на
C:/Users/maill/WORK/Dataset/32_5/img_235,"зывают,"
C:/Users/maill/WORK/Dataset/32_5/img_236,попал
C:/Users/maill/WORK/Dataset/32_5/img_237,Его
C:/Users/maill/WORK/Dataset/32_5/img_238,судил
C:/Users/maill/WORK/Dataset/32_5/img_239,"Нарсуд ""15"
C:/Users/maill/WORK/Dataset/32_5/img_241,го
C:/Users/maill/WORK/Dataset/32_5/img_242,Пермско
C:/Users/maill/WORK/Dataset/32_5/img_243,"округа,"
C:/Users/maill/WORK/Dataset/32_5/img_244,мар
C:/Users/maill/WORK/Dataset/32_5/img_245,та 11
C:/Users/maill/WORK/Dataset/32_5/img_246,дня
C:/Users/maill/WORK/Dataset/32_5/img_247,года и
C:/Users/maill/WORK/Dataset/32_5/img_248,приговорено
C:/Users/maill/WORK/Dataset/32_5/img_249,взыскать
C:/Users/maill/WORK/Dataset/32_5/img_250,растр
C:/Users/maill/WORK/Dataset/32_5/img_251,атчика
C:/Users/maill/WORK/Dataset/32_5/img_252,Плот
C:/Users/maill/WORK/Dataset/32_5/img_254,Иосифа
C:/Users/maill/WORK/Dataset/32_5/img_255,Тит
C:/Users/maill/WORK/Dataset/32_5/img_256,в
C:/Users/maill/WORK/Dataset/32_5/img_257,пользу
C:/Users/maill/WORK/Dataset/32_5/img_258,ККОВ-и
C:/Users/maill/WORK/Dataset/32_5/img_259,26
C:/Users/maill/WORK/Dataset/32_5/img_260,рублей
C:/Users/maill/WORK/Dataset/32_5/img_261,"65 коп, что-"
C:/Users/maill/WORK/Dataset/32_6/img_1,составл
C:/Users/maill/WORK/Dataset/32_6/img_2,яет все
C:/Users/maill/WORK/Dataset/32_6/img_3,имею
C:/Users/maill/WORK/Dataset/32_6/img_4,щиеся
C:/Users/maill/WORK/Dataset/32_6/img_5,средства
C:/Users/maill/WORK/Dataset/32_6/img_6,ККОВ-и и
C:/Users/maill/WORK/Dataset/32_6/img_7,больше
C:/Users/maill/WORK/Dataset/32_6/img_8,нечего
C:/Users/maill/WORK/Dataset/32_6/img_9,было
C:/Users/maill/WORK/Dataset/32_6/img_10,тратить
C:/Users/maill/WORK/Dataset/32_6/img_11,Но
C:/Users/maill/WORK/Dataset/32_6/img_12,по
C:/Users/maill/WORK/Dataset/32_6/img_13,попусти
C:/Users/maill/WORK/Dataset/32_6/img_14,тельству
C:/Users/maill/WORK/Dataset/32_6/img_15,нового
C:/Users/maill/WORK/Dataset/32_6/img_16,состава
C:/Users/maill/WORK/Dataset/32_6/img_17,ККОВ-и
C:/Users/maill/WORK/Dataset/32_6/img_18,приговор Ни
C:/Users/maill/WORK/Dataset/32_6/img_19,рсуда все еще
C:/Users/maill/WORK/Dataset/32_6/img_20,не
C:/Users/maill/WORK/Dataset/32_6/img_21,приведен в
C:/Users/maill/WORK/Dataset/32_6/img_22,исполнение
C:/Users/maill/WORK/Dataset/32_6/img_23,Ныне
C:/Users/maill/WORK/Dataset/32_6/img_24,безгра
C:/Users/maill/WORK/Dataset/32_6/img_25,мотные
C:/Users/maill/WORK/Dataset/32_6/img_26,муж
C:/Users/maill/WORK/Dataset/32_6/img_27,чины
C:/Users/maill/WORK/Dataset/32_6/img_28,опять
C:/Users/maill/WORK/Dataset/32_6/img_30,гра
C:/Users/maill/WORK/Dataset/32_6/img_31,мотн
C:/Users/maill/WORK/Dataset/32_6/img_32,Аську
C:/Users/maill/WORK/Dataset/32_6/img_33,в ч
C:/Users/maill/WORK/Dataset/32_6/img_34,лены
C:/Users/maill/WORK/Dataset/32_6/img_35,СУНР
C:/Users/maill/WORK/Dataset/32_6/img_36,Сельская
C:/Users/maill/WORK/Dataset/32_6/img_37,Учетно
C:/Users/maill/WORK/Dataset/32_6/img_38,оми
C:/Users/maill/WORK/Dataset/32_6/img_39,ссия
C:/Users/maill/WORK/Dataset/32_6/img_40,А
C:/Users/maill/WORK/Dataset/32_6/img_41,Аська
C:/Users/maill/WORK/Dataset/32_6/img_42,всех
C:/Users/maill/WORK/Dataset/32_6/img_44,лет
C:/Users/maill/WORK/Dataset/32_6/img_45,них
C:/Users/maill/WORK/Dataset/32_6/img_46,пяти
C:/Users/maill/WORK/Dataset/32_6/img_47,летних
C:/Users/maill/WORK/Dataset/32_6/img_48,лошадей
C:/Users/maill/WORK/Dataset/32_6/img_49,для
C:/Users/maill/WORK/Dataset/32_6/img_50,своих
C:/Users/maill/WORK/Dataset/32_6/img_51,друзей
C:/Users/maill/WORK/Dataset/32_6/img_52,занес
C:/Users/maill/WORK/Dataset/32_6/img_53,Поселенные
C:/Users/maill/WORK/Dataset/32_6/img_54,Списки
C:/Users/maill/WORK/Dataset/32_6/img_56,чтобы
C:/Users/maill/WORK/Dataset/32_6/img_57,не
C:/Users/maill/WORK/Dataset/32_6/img_58,попа
C:/Users/maill/WORK/Dataset/32_6/img_59,дали
C:/Users/maill/WORK/Dataset/32_6/img_60,под
C:/Users/maill/WORK/Dataset/32_6/img_61,посевы
C:/Users/maill/WORK/Dataset/32_6/img_62,и
C:/Users/maill/WORK/Dataset/32_6/img_63,сенокосы
C:/Users/maill/WORK/Dataset/32_6/img_64,запис
C:/Users/maill/WORK/Dataset/32_6/img_65,ывал
C:/Users/maill/WORK/Dataset/32_6/img_66,площади
C:/Users/maill/WORK/Dataset/32_6/img_67,Аськи
C:/Users/maill/WORK/Dataset/32_6/img_69,False
C:/Users/maill/WORK/Dataset/32_6/img_70,и кле
C:/Users/maill/WORK/Dataset/32_6/img_71,вета
C:/Users/maill/WORK/Dataset/32_6/img_72,И за клевету
C:/Users/maill/WORK/Dataset/32_6/img_73,и подделку
C:/Users/maill/WORK/Dataset/32_6/img_74,подписей
C:/Users/maill/WORK/Dataset/32_6/img_75,в под
C:/Users/maill/WORK/Dataset/32_6/img_76,лож
C:/Users/maill/WORK/Dataset/32_6/img_77,ных
C:/Users/maill/WORK/Dataset/32_6/img_78,документах
C:/Users/maill/WORK/Dataset/32_6/img_79,в
C:/Users/maill/WORK/Dataset/32_6/img_80,под
C:/Users/maill/WORK/Dataset/32_6/img_82,дело в
C:/Users/maill/WORK/Dataset/32_6/img_83,Нарсу
C:/Users/maill/WORK/Dataset/32_6/img_84,де 15
C:/Users/maill/WORK/Dataset/32_6/img_85,ч
C:/Users/maill/WORK/Dataset/32_6/img_86,Перм
C:/Users/maill/WORK/Dataset/32_6/img_87,окр.
C:/Users/maill/WORK/Dataset/32_6/img_88,еще
C:/Users/maill/WORK/Dataset/32_6/img_89,множ
C:/Users/maill/WORK/Dataset/32_6/img_90,ество
C:/Users/maill/WORK/Dataset/32_6/img_91,гнус
C:/Users/maill/WORK/Dataset/32_6/img_92,ных
C:/Users/maill/WORK/Dataset/32_6/img_93,проделок
C:/Users/maill/WORK/Dataset/32_6/img_95,можно
C:/Users/maill/WORK/Dataset/32_6/img_98,Организует
C:/Users/maill/WORK/Dataset/32_6/img_101,собрания
C:/Users/maill/WORK/Dataset/32_6/img_102,сво
C:/Users/maill/WORK/Dataset/32_6/img_103,пешн
C:/Users/maill/WORK/Dataset/32_6/img_104,иков
C:/Users/maill/WORK/Dataset/32_6/img_105,Про
C:/Users/maill/WORK/Dataset/32_6/img_106,одно
C:/Users/maill/WORK/Dataset/32_6/img_107,его
C:/Users/maill/WORK/Dataset/32_6/img_108,такое
C:/Users/maill/WORK/Dataset/32_6/img_109,собрание
C:/Users/maill/WORK/Dataset/32_6/img_110,ведется
C:/Users/maill/WORK/Dataset/32_6/img_111,ствие
C:/Users/maill/WORK/Dataset/32_6/img_112,от 17 фе
C:/Users/maill/WORK/Dataset/32_6/img_113,враля с/г.
C:/Users/maill/WORK/Dataset/32_6/img_115,недавно 2
C:/Users/maill/WORK/Dataset/32_6/img_116,1 августа’
C:/Users/maill/WORK/Dataset/32_6/img_117,опять
C:/Users/maill/WORK/Dataset/32_6/img_118,состо
C:/Users/maill/WORK/Dataset/32_6/img_119,ялось
C:/Users/maill/WORK/Dataset/32_6/img_120,секре
C:/Users/maill/WORK/Dataset/32_6/img_121,тное
C:/Users/maill/WORK/Dataset/32_6/img_122,собрание
C:/Users/maill/WORK/Dataset/32_6/img_123,в доме
C:/Users/maill/WORK/Dataset/32_6/img_124,Нестер
C:/Users/maill/WORK/Dataset/32_6/img_125,ева
C:/Users/maill/WORK/Dataset/32_6/img_126,учас
C:/Users/maill/WORK/Dataset/32_6/img_127,тием
C:/Users/maill/WORK/Dataset/32_6/img_128,бывших
C:/Users/maill/WORK/Dataset/32_6/img_131,добровольцев
C:/Users/maill/WORK/Dataset/32_6/img_132,и дружин
C:/Users/maill/WORK/Dataset/32_6/img_134,то
C:/Users/maill/WORK/Dataset/32_6/img_135,реш
C:/Users/maill/WORK/Dataset/32_6/img_136,ено
C:/Users/maill/WORK/Dataset/32_6/img_137,на
C:/Users/maill/WORK/Dataset/32_6/img_138,после
C:/Users/maill/WORK/Dataset/32_6/img_139,днем
C:/Users/maill/WORK/Dataset/32_6/img_140,собр
C:/Users/maill/WORK/Dataset/32_6/img_141,ании
C:/Users/maill/WORK/Dataset/32_6/img_142,неизв
C:/Users/maill/WORK/Dataset/32_6/img_143,естно
C:/Users/maill/WORK/Dataset/32_6/img_145,потому
C:/Users/maill/WORK/Dataset/32_6/img_146,Затопский
C:/Users/maill/WORK/Dataset/32_6/img_147,Крупной
C:/Users/maill/WORK/Dataset/32_6/img_148,Редакции
C:/Users/maill/WORK/Dataset/32_6/img_149,Плотников
C:/Users/maill/WORK/Dataset/32_6/img_150,что
C:/Users/maill/WORK/Dataset/32_6/img_152,не
C:/Users/maill/WORK/Dataset/32_6/img_153,смо
C:/Users/maill/WORK/Dataset/32_6/img_154,жет
C:/Users/maill/WORK/Dataset/32_6/img_156,не
C:/Users/maill/WORK/Dataset/32_6/img_157,должен
C:/Users/maill/WORK/Dataset/32_6/img_158,быть
C:/Users/maill/WORK/Dataset/32_6/img_159,сельк
C:/Users/maill/WORK/Dataset/32_6/img_160,ором
C:/Users/maill/WORK/Dataset/32_6/img_161,нашей
C:/Users/maill/WORK/Dataset/32_6/img_162,""""
C:/Users/maill/WORK/Dataset/32_6/img_163,Крестьянс
C:/Users/maill/WORK/Dataset/32_6/img_164,кой газеты
C:/Users/maill/WORK/Dataset/32_6/img_165,отни
C:/Users/maill/WORK/Dataset/32_6/img_166,ков
C:/Users/maill/WORK/Dataset/32_6/img_167,Иосиф
C:/Users/maill/WORK/Dataset/32_6/img_168,", как"
C:/Users/maill/WORK/Dataset/32_6/img_169,спеку
C:/Users/maill/WORK/Dataset/32_6/img_170,лянт
C:/Users/maill/WORK/Dataset/32_6/img_171,","
C:/Users/maill/WORK/Dataset/32_6/img_172,хулиган
C:/Users/maill/WORK/Dataset/32_6/img_173,растратчик
C:/Users/maill/WORK/Dataset/32_6/img_176,не
C:/Users/maill/WORK/Dataset/32_6/img_177,будет
C:/Users/maill/WORK/Dataset/32_6/img_178,принят
C:/Users/maill/WORK/Dataset/32_6/img_179,в
C:/Users/maill/WORK/Dataset/32_6/img_180,наш
C:/Users/maill/WORK/Dataset/32_6/img_181,кружок
C:/Users/maill/WORK/Dataset/32_6/img_182,""""
C:/Users/maill/WORK/Dataset/32_6/img_183,Друзей
C:/Users/maill/WORK/Dataset/32_6/img_184,Га
C:/Users/maill/WORK/Dataset/32_6/img_185,Он
C:/Users/maill/WORK/Dataset/32_6/img_187,"зеты""."
C:/Users/maill/WORK/Dataset/32_6/img_188,и
C:/Users/maill/WORK/Dataset/32_6/img_189,то
C:/Users/maill/WORK/Dataset/32_6/img_190,никогда
C:/Users/maill/WORK/Dataset/32_6/img_191,не
C:/Users/maill/WORK/Dataset/32_6/img_192,А
C:/Users/maill/WORK/Dataset/32_6/img_193,так
C:/Users/maill/WORK/Dataset/32_6/img_194,же
C:/Users/maill/WORK/Dataset/32_6/img_195,при
C:/Users/maill/WORK/Dataset/32_6/img_196,нят
C:/Users/maill/WORK/Dataset/32_6/img_197,и
C:/Users/maill/WORK/Dataset/32_6/img_198,"в наш ""Кружок"
C:/Users/maill/WORK/Dataset/32_6/img_199,селькоров
C:/Users/maill/WORK/Dataset/32_6/img_200,""""
C:/Users/maill/WORK/Dataset/32_6/img_201,при
C:/Users/maill/WORK/Dataset/32_6/img_202,Сатинской
C:/Users/maill/WORK/Dataset/32_6/img_203,стенг
C:/Users/maill/WORK/Dataset/32_6/img_204,азете
C:/Users/maill/WORK/Dataset/32_6/img_205,Иск
C:/Users/maill/WORK/Dataset/32_6/img_206,"ра""."
C:/Users/maill/WORK/Dataset/32_6/img_207,емся
C:/Users/maill/WORK/Dataset/32_6/img_208,что
C:/Users/maill/WORK/Dataset/32_6/img_209,редакция
C:/Users/maill/WORK/Dataset/32_6/img_210,его
C:/Users/maill/WORK/Dataset/32_6/img_211,отка
C:/Users/maill/WORK/Dataset/32_6/img_212,жет
C:/Users/maill/WORK/Dataset/32_6/img_213,Факты
C:/Users/maill/WORK/Dataset/32_6/img_214,действительно
C:/Users/maill/WORK/Dataset/32_6/img_215,верны
C:/Users/maill/WORK/Dataset/32_6/img_216,им
C:/Users/maill/WORK/Dataset/32_6/img_217,ени
C:/Users/maill/WORK/Dataset/32_6/img_218,Затопского
C:/Users/maill/WORK/Dataset/32_6/img_219,Кружка
C:/Users/maill/WORK/Dataset/32_6/img_220,Друзей
C:/Users/maill/WORK/Dataset/32_6/img_223,Сивинское
C:/Users/maill/WORK/Dataset/32_6/img_224,почт. отд. и
C:/Users/maill/WORK/Dataset/32_6/img_225,район
C:/Users/maill/WORK/Dataset/32_6/img_227,Пермског
C:/Users/maill/WORK/Dataset/32_6/img_228,о округа
C:/Users/maill/WORK/Dataset/32_6/img_229,Сатин
C:/Users/maill/WORK/Dataset/32_6/img_230,ский
C:/Users/maill/WORK/Dataset/32_6/img_231,сельсовет
C:/Users/maill/WORK/Dataset/32_6/img_232,", почт"
C:/Users/maill/WORK/Dataset/32_6/img_233,обх. №39.
C:/Users/maill/WORK/Dataset/32_6/img_234,"""Крас"
C:/Users/maill/WORK/Dataset/32_6/img_235,сное
C:/Users/maill/WORK/Dataset/32_6/img_236,облако
C:/Users/maill/WORK/Dataset/32_6/img_237,""""
C:/Users/maill/WORK/Dataset/32_6/img_238,Селькор
C:/Users/maill/WORK/Dataset/32_7/img_1,Дед
C:/Users/maill/WORK/Dataset/32_7/img_2,Веллур
C:/Users/maill/WORK/Dataset/32_7/img_3,Чердынского
C:/Users/maill/WORK/Dataset/32_7/img_4,района
C:/Users/maill/WORK/Dataset/32_7/img_5,Петр
C:/Users/maill/WORK/Dataset/32_7/img_6,Дмитриевич
C:/Users/maill/WORK/Dataset/32_7/img_7,Свердловск
C:/Users/maill/WORK/Dataset/32_7/img_8,ул
C:/Users/maill/WORK/Dataset/32_7/img_9,Вайнера
C:/Users/maill/WORK/Dataset/32_7/img_10,12
C:/Users/maill/WORK/Dataset/32_7/img_11,Редакция
C:/Users/maill/WORK/Dataset/32_7/img_12,Ураль
C:/Users/maill/WORK/Dataset/32_7/img_13,ской
C:/Users/maill/WORK/Dataset/32_7/img_14,областной
C:/Users/maill/WORK/Dataset/32_7/img_15,газеты
C:/Users/maill/WORK/Dataset/32_7/img_16,"""Крестьянская"
C:/Users/maill/WORK/Dataset/32_7/img_17,"газета"""
C:/Users/maill/WORK/Dataset/32_7/img_18,Крестьянская
C:/Users/maill/WORK/Dataset/32_7/img_19,газета
C:/Users/maill/WORK/Dataset/32_8/img_3,Урра
C:/Users/maill/WORK/Dataset/32_8/img_4,Шефа
C:/Users/maill/WORK/Dataset/32_8/img_5,Ищем
C:/Users/maill/WORK/Dataset/32_8/img_7,Коми
C:/Users/maill/WORK/Dataset/32_8/img_8,т
C:/Users/maill/WORK/Dataset/32_8/img_9,ет
C:/Users/maill/WORK/Dataset/32_8/img_10,общест
C:/Users/maill/WORK/Dataset/32_8/img_11,венной
C:/Users/maill/WORK/Dataset/32_8/img_12,им
C:/Users/maill/WORK/Dataset/32_8/img_13,ени
C:/Users/maill/WORK/Dataset/32_8/img_14,ткр.
C:/Users/maill/WORK/Dataset/32_8/img_15,Суми
C:/Users/maill/WORK/Dataset/32_8/img_16,лова
C:/Users/maill/WORK/Dataset/32_8/img_17,""""
C:/Users/maill/WORK/Dataset/32_8/img_18,Ма
C:/Users/maill/WORK/Dataset/32_8/img_19,рки
C:/Users/maill/WORK/Dataset/32_8/img_20,ского
C:/Users/maill/WORK/Dataset/32_8/img_21,Рай
C:/Users/maill/WORK/Dataset/32_8/img_23,Тисмл
C:/Users/maill/WORK/Dataset/32_8/img_24,ьского
C:/Users/maill/WORK/Dataset/32_8/img_25,Окру
C:/Users/maill/WORK/Dataset/32_8/img_26,Ураль
C:/Users/maill/WORK/Dataset/32_8/img_27,ск
C:/Users/maill/WORK/Dataset/32_8/img_28,ой
C:/Users/maill/WORK/Dataset/32_8/img_29,Области
C:/Users/maill/WORK/Dataset/32_8/img_30,Органи
C:/Users/maill/WORK/Dataset/32_8/img_31,зованный
C:/Users/maill/WORK/Dataset/32_8/img_32,7 мая’
C:/Users/maill/WORK/Dataset/32_8/img_33,1927 г. из
C:/Users/maill/WORK/Dataset/32_8/img_34,0
C:/Users/maill/WORK/Dataset/32_8/img_35,двалов
C:/Users/maill/WORK/Dataset/32_8/img_36,состо
C:/Users/maill/WORK/Dataset/32_8/img_37,ящих
C:/Users/maill/WORK/Dataset/32_8/img_38,из
C:/Users/maill/WORK/Dataset/32_8/img_39,Малы
C:/Users/maill/WORK/Dataset/32_8/img_40,гиной
C:/Users/maill/WORK/Dataset/32_8/img_41,","
C:/Users/maill/WORK/Dataset/32_8/img_45,Беле
C:/Users/maill/WORK/Dataset/32_8/img_46,киной
C:/Users/maill/WORK/Dataset/32_8/img_47,выехав
C:/Users/maill/WORK/Dataset/32_8/img_48,1925 и
C:/Users/maill/WORK/Dataset/32_8/img_49,1926 году
C:/Users/maill/WORK/Dataset/32_8/img_52,на
C:/Users/maill/WORK/Dataset/32_8/img_53,из
C:/Users/maill/WORK/Dataset/32_8/img_55,нас
C:/Users/maill/WORK/Dataset/32_8/img_56,елен
C:/Users/maill/WORK/Dataset/32_8/img_57,ия.
C:/Users/maill/WORK/Dataset/32_8/img_58,При
C:/Users/maill/WORK/Dataset/32_8/img_59,орга
C:/Users/maill/WORK/Dataset/32_8/img_60,низ
C:/Users/maill/WORK/Dataset/32_8/img_61,ации
C:/Users/maill/WORK/Dataset/32_8/img_62,Кк
C:/Users/maill/WORK/Dataset/32_8/img_63,засе
C:/Users/maill/WORK/Dataset/32_8/img_64,яли
C:/Users/maill/WORK/Dataset/32_8/img_68,собрали
C:/Users/maill/WORK/Dataset/32_8/img_69,денег
C:/Users/maill/WORK/Dataset/32_8/img_70,вст
C:/Users/maill/WORK/Dataset/32_8/img_71,ных
C:/Users/maill/WORK/Dataset/32_8/img_72,8 рублей.
C:/Users/maill/WORK/Dataset/32_8/img_75,выезде
C:/Users/maill/WORK/Dataset/32_8/img_76,на
C:/Users/maill/WORK/Dataset/32_8/img_77,ми
C:/Users/maill/WORK/Dataset/32_8/img_79,кова
C:/Users/maill/WORK/Dataset/32_8/img_80,при
C:/Users/maill/WORK/Dataset/32_8/img_81,земле
C:/Users/maill/WORK/Dataset/32_8/img_82,устро
C:/Users/maill/WORK/Dataset/32_8/img_83,йстве
C:/Users/maill/WORK/Dataset/32_8/img_84,обще
C:/Users/maill/WORK/Dataset/32_8/img_88,Но
C:/Users/maill/WORK/Dataset/32_8/img_89,беда
C:/Users/maill/WORK/Dataset/32_8/img_90,в
C:/Users/maill/WORK/Dataset/32_8/img_91,"том,"
C:/Users/maill/WORK/Dataset/32_8/img_92,что
C:/Users/maill/WORK/Dataset/32_8/img_93,бедность
C:/Users/maill/WORK/Dataset/32_8/img_94,Членам
C:/Users/maill/WORK/Dataset/32_8/img_96,не поз
C:/Users/maill/WORK/Dataset/32_8/img_97,вол
C:/Users/maill/WORK/Dataset/32_8/img_98,яет
C:/Users/maill/WORK/Dataset/32_8/img_99,обла
C:/Users/maill/WORK/Dataset/32_8/img_100,сти
C:/Users/maill/WORK/Dataset/32_8/img_101,два
C:/Users/maill/WORK/Dataset/32_8/img_102,кова
C:/Users/maill/WORK/Dataset/32_8/img_103,какую
C:/Users/maill/WORK/Dataset/32_8/img_104,маш
C:/Users/maill/WORK/Dataset/32_8/img_105,ину
C:/Users/maill/WORK/Dataset/32_8/img_106,у са
C:/Users/maill/WORK/Dataset/32_8/img_107,мого
C:/Users/maill/WORK/Dataset/32_8/img_108,же
C:/Users/maill/WORK/Dataset/32_8/img_109,на
C:/Users/maill/WORK/Dataset/32_8/img_110,сел
C:/Users/maill/WORK/Dataset/32_8/img_111,нии
C:/Users/maill/WORK/Dataset/32_8/img_112,радящего
C:/Users/maill/WORK/Dataset/32_8/img_113,с
C:/Users/maill/WORK/Dataset/32_8/img_114,кова
C:/Users/maill/WORK/Dataset/32_8/img_115,ника
C:/Users/maill/WORK/Dataset/32_8/img_116,ких
C:/Users/maill/WORK/Dataset/32_8/img_117,м
C:/Users/maill/WORK/Dataset/32_8/img_118,ою
C:/Users/maill/WORK/Dataset/32_8/img_119,щих
C:/Users/maill/WORK/Dataset/32_8/img_120,кроме
C:/Users/maill/WORK/Dataset/32_8/img_121,плугов
C:/Users/maill/WORK/Dataset/32_8/img_122,и
C:/Users/maill/WORK/Dataset/32_8/img_123,баз
C:/Users/maill/WORK/Dataset/32_8/img_124,ом
C:/Users/maill/WORK/Dataset/32_8/img_125,не
C:/Users/maill/WORK/Dataset/32_8/img_126,т.
C:/Users/maill/WORK/Dataset/32_8/img_127,посре
C:/Users/maill/WORK/Dataset/32_8/img_128,дство
C:/Users/maill/WORK/Dataset/32_8/img_132,газ
C:/Users/maill/WORK/Dataset/32_8/img_133,еты
C:/Users/maill/WORK/Dataset/32_8/img_134,ресб.
C:/Users/maill/WORK/Dataset/32_8/img_135,о
C:/Users/maill/WORK/Dataset/32_8/img_136,всем
C:/Users/maill/WORK/Dataset/32_8/img_137,орга
C:/Users/maill/WORK/Dataset/32_8/img_138,при
C:/Users/maill/WORK/Dataset/32_8/img_139,нять
C:/Users/maill/WORK/Dataset/32_8/img_140,над
C:/Users/maill/WORK/Dataset/32_8/img_141,наш
C:/Users/maill/WORK/Dataset/32_8/img_142,им
C:/Users/maill/WORK/Dataset/32_8/img_143,Кавом
C:/Users/maill/WORK/Dataset/32_8/img_144,Шевс
C:/Users/maill/WORK/Dataset/32_8/img_145,ство
C:/Users/maill/WORK/Dataset/32_8/img_146,","
C:/Users/maill/WORK/Dataset/32_8/img_147,и по
C:/Users/maill/WORK/Dataset/32_8/img_148,мочь
C:/Users/maill/WORK/Dataset/32_8/img_149,прио
C:/Users/maill/WORK/Dataset/32_8/img_150,брести
C:/Users/maill/WORK/Dataset/32_8/img_151,какую
C:/Users/maill/WORK/Dataset/32_8/img_152,либо
C:/Users/maill/WORK/Dataset/32_8/img_153,с/х ма
C:/Users/maill/WORK/Dataset/32_8/img_155,Член
C:/Users/maill/WORK/Dataset/32_8/img_156,Рев. Ком
C:/Users/maill/WORK/Dataset/32_9/img_1,Какие
C:/Users/maill/WORK/Dataset/32_9/img_2,права
C:/Users/maill/WORK/Dataset/32_9/img_3,применя
C:/Users/maill/WORK/Dataset/32_9/img_4,ются
C:/Users/maill/WORK/Dataset/32_9/img_5,тем
C:/Users/maill/WORK/Dataset/32_9/img_6,гр-нам
C:/Users/maill/WORK/Dataset/32_9/img_7,Которые
C:/Users/maill/WORK/Dataset/32_9/img_8,пользуются
C:/Users/maill/WORK/Dataset/32_9/img_9,наделами
C:/Users/maill/WORK/Dataset/32_9/img_10,вь
C:/Users/maill/WORK/Dataset/32_9/img_11,обществе
C:/Users/maill/WORK/Dataset/32_9/img_12,а
C:/Users/maill/WORK/Dataset/32_9/img_13,не
C:/Users/maill/WORK/Dataset/32_9/img_14,исполняют
C:/Users/maill/WORK/Dataset/32_9/img_15,общественые
C:/Users/maill/WORK/Dataset/32_9/img_16,повиности
C:/Users/maill/WORK/Dataset/32_9/img_17,незакоторых
C:/Users/maill/WORK/Dataset/32_9/img_18,приходится
C:/Users/maill/WORK/Dataset/32_9/img_19,собирать
C:/Users/maill/WORK/Dataset/32_9/img_20,собрания
C:/Users/maill/WORK/Dataset/32_9/img_21,2.3
C:/Users/maill/WORK/Dataset/32_9/img_22,раза
C:/Users/maill/WORK/Dataset/32_9/img_23,за
C:/Users/maill/WORK/Dataset/32_9/img_24,дать
C:/Users/maill/WORK/Dataset/32_9/img_25,все
C:/Users/maill/WORK/Dataset/32_9/img_26,общество
C:/Users/maill/WORK/Dataset/32_9/img_27,мосривать
C:/Users/maill/WORK/Dataset/32_9/img_28,от
C:/Users/maill/WORK/Dataset/32_9/img_29,работы
C:/Users/maill/WORK/Dataset/32_9/img_30,ниж. 
C:/Users/maill/WORK/Dataset/32_9/img_31,окр.
C:/Users/maill/WORK/Dataset/32_9/img_32,Гариненаго
C:/Users/maill/WORK/Dataset/32_9/img_33,раиона
C:/Users/maill/WORK/Dataset/32_9/img_34,по
C:/Users/maill/WORK/Dataset/32_9/img_35,с/с
C:/Users/maill/WORK/Dataset/32_9/img_36,поселок
C:/Users/maill/WORK/Dataset/32_9/img_37,Токовой
C:/Users/maill/WORK/Dataset/32_9/img_38,Зубков
C:/Users/maill/WORK/Dataset/32_9/img_39,прошу
C:/Users/maill/WORK/Dataset/32_9/img_40,от
C:/Users/maill/WORK/Dataset/32_9/img_41,в
C:/Users/maill/WORK/Dataset/32_9/img_42,крестьяне.
C:/Users/maill/WORK/Dataset/32_9/img_43,газете
C:/Users/maill/WORK/Dataset/32_9/img_44,19/VIII-27
C:/Users/maill/WORK/Dataset/IMG_2024_08_08_10_28_48S/img_1,сведения
C:/Users/maill/WORK/Dataset/IMG_2024_08_08_10_28_48S/img_2,о
C:/Users/maill/WORK/Dataset/IMG_2024_08_08_10_28_48S/img_3,населенных
C:/Users/maill/WORK/Dataset/IMG_2024_08_08_10_28_48S/img_4,пунктах
C:/Users/maill/WORK/Dataset/IMG_2024_08_08_10_28_48S/img_5,Ст-Уткинского
C:/Users/maill/WORK/Dataset/IMG_2024_08_08_10_28_48S/img_6,района.
C:/Users/maill/WORK/Dataset/IMG_2024_08_08_10_28_48S/img_7,Сельсоветы
C:/Users/maill/WORK/Dataset/IMG_2024_08_08_10_28_48S/img_8,Расстояние
C:/Users/maill/WORK/Dataset/IMG_2024_08_08_10_28_48S/img_9,от
C:/Users/maill/WORK/Dataset/IMG_2024_08_08_10_28_48S/img_10,"РИК ""а"
C:/Users/maill/WORK/Dataset/IMG_2024_08_08_10_28_48S/img_11,(СТ. Уткин.
C:/Users/maill/WORK/Dataset/IMG_2024_08_08_10_28_48S/img_12,зав. верст.
C:/Users/maill/WORK/Dataset/IMG_2024_08_08_10_28_48S/img_13,Расстояние
C:/Users/maill/WORK/Dataset/IMG_2024_08_08_10_28_48S/img_14,от
C:/Users/maill/WORK/Dataset/IMG_2024_08_08_10_28_48S/img_15,завода
C:/Users/maill/WORK/Dataset/IMG_2024_08_08_10_28_48S/img_16,Сылва
C:/Users/maill/WORK/Dataset/IMG_2024_08_08_10_28_48S/img_17,(верст) .
C:/Users/maill/WORK/Dataset/IMG_2024_08_08_10_28_48S/img_18,Число
C:/Users/maill/WORK/Dataset/IMG_2024_08_08_10_28_48S/img_19,дворов
C:/Users/maill/WORK/Dataset/IMG_2024_08_08_10_28_48S/img_20,Население
C:/Users/maill/WORK/Dataset/IMG_2024_08_08_10_28_48S/img_21,1. Ижболдинский
C:/Users/maill/WORK/Dataset/IMG_2024_08_08_10_28_48S/img_22,65
C:/Users/maill/WORK/Dataset/IMG_2024_08_08_10_28_48S/img_23,27
C:/Users/maill/WORK/Dataset/IMG_2024_08_08_10_28_48S/img_24,23
C:/Users/maill/WORK/Dataset/IMG_2024_08_08_10_28_48S/img_25,115
C:/Users/maill/WORK/Dataset/IMG_2024_08_08_10_28_48S/img_26,2. Н. Сельский
C:/Users/maill/WORK/Dataset/IMG_2024_08_08_10_28_48S/img_27,20
C:/Users/maill/WORK/Dataset/IMG_2024_08_08_10_28_48S/img_28,65
C:/Users/maill/WORK/Dataset/IMG_2024_08_08_10_28_48S/img_29,356
C:/Users/maill/WORK/Dataset/IMG_2024_08_08_10_28_48S/img_30,1697
C:/Users/maill/WORK/Dataset/IMG_2024_08_08_10_28_48S/img_31,3. Пермяковский
C:/Users/maill/WORK/Dataset/IMG_2024_08_08_10_28_48S/img_32,23
C:/Users/maill/WORK/Dataset/IMG_2024_08_08_10_28_48S/img_33,14
C:/Users/maill/WORK/Dataset/IMG_2024_08_08_10_28_48S/img_34,218
C:/Users/maill/WORK/Dataset/IMG_2024_08_08_10_28_48S/img_35,1043
C:/Users/maill/WORK/Dataset/IMG_2024_08_08_10_28_48S/img_36,4. Ст. Уткинский
C:/Users/maill/WORK/Dataset/IMG_2024_08_08_10_28_48S/img_37,-
C:/Users/maill/WORK/Dataset/IMG_2024_08_08_10_28_48S/img_38,36
C:/Users/maill/WORK/Dataset/IMG_2024_08_08_10_28_48S/img_39,1269
C:/Users/maill/WORK/Dataset/IMG_2024_08_08_10_28_48S/img_40,6005
C:/Users/maill/WORK/Dataset/IMG_2024_08_08_10_28_48S/img_41,5. Сылвинский
C:/Users/maill/WORK/Dataset/IMG_2024_08_08_10_28_48S/img_42,36
C:/Users/maill/WORK/Dataset/IMG_2024_08_08_10_28_48S/img_43,-
C:/Users/maill/WORK/Dataset/IMG_2024_08_08_10_28_48S/img_44,1122
C:/Users/maill/WORK/Dataset/IMG_2024_08_08_10_28_48S/img_45,5271
C:/Users/maill/WORK/Dataset/IMG_2024_08_08_10_28_48S/img_46,6. Трекинский
C:/Users/maill/WORK/Dataset/IMG_2024_08_08_10_28_48S/img_47,16
C:/Users/maill/WORK/Dataset/IMG_2024_08_08_10_28_48S/img_48,52
C:/Users/maill/WORK/Dataset/IMG_2024_08_08_10_28_48S/img_49,226
C:/Users/maill/WORK/Dataset/IMG_2024_08_08_10_28_48S/img_50,1100
C:/Users/maill/WORK/Dataset/IMG_2024_08_08_10_28_48S/img_51,7. Шайтанский
C:/Users/maill/WORK/Dataset/IMG_2024_08_08_10_28_48S/img_52,16
C:/Users/maill/WORK/Dataset/IMG_2024_08_08_10_28_48S/img_53,42
C:/Users/maill/WORK/Dataset/IMG_2024_08_08_10_28_48S/img_54,598
C:/Users/maill/WORK/Dataset/IMG_2024_08_08_10_28_48S/img_55,2875
C:/Users/maill/WORK/Dataset/IMG_2024_08_08_10_28_48S/img_56,8. Шалинский
C:/Users/maill/WORK/Dataset/IMG_2024_08_08_10_28_48S/img_57,52
C:/Users/maill/WORK/Dataset/IMG_2024_08_08_10_28_48S/img_58,8
C:/Users/maill/WORK/Dataset/IMG_2024_08_08_10_28_48S/img_59,404
C:/Users/maill/WORK/Dataset/IMG_2024_08_08_10_28_48S/img_60,1765
C:/Users/maill/WORK/Dataset/IMG_2024_08_08_10_28_48S/img_61,9. Шанинский
C:/Users/maill/WORK/Dataset/IMG_2024_08_08_10_28_48S/img_62,25
C:/Users/maill/WORK/Dataset/IMG_2024_08_08_10_28_48S/img_63,52
C:/Users/maill/WORK/Dataset/IMG_2024_08_08_10_28_48S/img_64,82
C:/Users/maill/WORK/Dataset/IMG_2024_08_08_10_28_48S/img_65,352
C:/Users/maill/WORK/Dataset/IMG_2024_08_08_10_28_48S/img_66,Верно :
C:/Users/maill/WORK/Dataset/IMG_2024_08_08_10_28_48S/img_67,Инструктор
C:/Users/maill/WORK/Dataset/IMG_2024_08_08_10_28_48S/img_68,(Метцгер)
C:/Users/maill/WORK/Dataset/IMG_2024_08_08_10_29_10S/img_1,Учителю 
C:/Users/maill/WORK/Dataset/IMG_2024_08_08_10_29_10S/img_2,Голенищевской 
C:/Users/maill/WORK/Dataset/IMG_2024_08_08_10_29_10S/img_3,школы 
C:/Users/maill/WORK/Dataset/IMG_2024_08_08_10_29_10S/img_4,тов.
C:/Users/maill/WORK/Dataset/IMG_2024_08_08_10_29_10S/img_5,Чиркову
C:/Users/maill/WORK/Dataset/IMG_2024_08_08_10_29_10S/img_6,7/v 
C:/Users/maill/WORK/Dataset/IMG_2024_08_08_10_29_10S/img_7,26
C:/Users/maill/WORK/Dataset/IMG_2024_08_08_10_29_10S/img_8,№ 
C:/Users/maill/WORK/Dataset/IMG_2024_08_08_10_29_10S/img_9,77
C:/Users/maill/WORK/Dataset/IMG_2024_08_08_10_29_10S/img_10,Вам 
C:/Users/maill/WORK/Dataset/IMG_2024_08_08_10_29_10S/img_11,было 
C:/Users/maill/WORK/Dataset/IMG_2024_08_08_10_29_10S/img_12,выдано 
C:/Users/maill/WORK/Dataset/IMG_2024_08_08_10_29_10S/img_13,жалованье 
C:/Users/maill/WORK/Dataset/IMG_2024_08_08_10_29_10S/img_14,сторожихи 
C:/Users/maill/WORK/Dataset/IMG_2024_08_08_10_29_10S/img_15,Голенищевской 
C:/Users/maill/WORK/Dataset/IMG_2024_08_08_10_29_10S/img_16,школ 
C:/Users/maill/WORK/Dataset/IMG_2024_08_08_10_29_10S/img_17,за 
C:/Users/maill/WORK/Dataset/IMG_2024_08_08_10_29_10S/img_18,три
C:/Users/maill/WORK/Dataset/IMG_2024_08_08_10_29_10S/img_19,месяца
C:/Users/maill/WORK/Dataset/IMG_2024_08_08_10_29_10S/img_20,Июль
C:/Users/maill/WORK/Dataset/IMG_2024_08_08_10_29_10S/img_21,Август
C:/Users/maill/WORK/Dataset/IMG_2024_08_08_10_29_10S/img_22,"сентябрь,"
C:/Users/maill/WORK/Dataset/IMG_2024_08_08_10_29_10S/img_23,немедленно
C:/Users/maill/WORK/Dataset/IMG_2024_08_08_10_29_10S/img_24,сообщите
C:/Users/maill/WORK/Dataset/IMG_2024_08_08_10_29_10S/img_25,ри
C:/Users/maill/WORK/Dataset/IMG_2024_08_08_10_29_10S/img_26,выдано 
C:/Users/maill/WORK/Dataset/IMG_2024_08_08_10_29_10S/img_27,ли
C:/Users/maill/WORK/Dataset/IMG_2024_08_08_10_29_10S/img_28,вам 
C:/Users/maill/WORK/Dataset/IMG_2024_08_08_10_29_10S/img_29,это
C:/Users/maill/WORK/Dataset/IMG_2024_08_08_10_29_10S/img_30,жалованье 
C:/Users/maill/WORK/Dataset/IMG_2024_08_08_10_29_10S/img_31,по
C:/Users/maill/WORK/Dataset/IMG_2024_08_08_10_29_10S/img_32,принадлежности
C:/Users/maill/WORK/Dataset/IMG_2024_08_08_10_29_10S/img_33,и 
C:/Users/maill/WORK/Dataset/IMG_2024_08_08_10_29_10S/img_34,представ
C:/Users/maill/WORK/Dataset/IMG_2024_08_08_10_29_10S/img_35,те
C:/Users/maill/WORK/Dataset/IMG_2024_08_08_10_29_10S/img_36,на 
C:/Users/maill/WORK/Dataset/IMG_2024_08_08_10_29_10S/img_37,то 
C:/Users/maill/WORK/Dataset/IMG_2024_08_08_10_29_10S/img_38,оправдательные
C:/Users/maill/WORK/Dataset/IMG_2024_08_08_10_29_10S/img_39,"документы,"
C:/Users/maill/WORK/Dataset/IMG_2024_08_08_10_29_10S/img_40,противном
C:/Users/maill/WORK/Dataset/IMG_2024_08_08_10_29_10S/img_41,случае
C:/Users/maill/WORK/Dataset/IMG_2024_08_08_10_29_10S/img_42,дайте
C:/Users/maill/WORK/Dataset/IMG_2024_08_08_10_29_10S/img_43,объяснение
C:/Users/maill/WORK/Dataset/IMG_2024_08_08_10_29_10S/img_44,почему
C:/Users/maill/WORK/Dataset/IMG_2024_08_08_10_29_10S/img_45,жалованье 
C:/Users/maill/WORK/Dataset/IMG_2024_08_08_10_29_10S/img_46,задержано.
C:/Users/maill/WORK/Dataset/IMG_2024_08_08_10_29_10S/img_47,"Предрик""а"
C:/Users/maill/WORK/Dataset/IMG_2024_08_08_10_29_10S/img_48,Секретарь.
C:/Users/maill/WORK/Dataset/IMG_2024_08_08_10_29_41S/img_1,Манчажскому 
C:/Users/maill/WORK/Dataset/IMG_2024_08_08_10_29_41S/img_2,сельсовету
C:/Users/maill/WORK/Dataset/IMG_2024_08_08_10_29_41S/img_3,К 
C:/Users/maill/WORK/Dataset/IMG_2024_08_08_10_29_41S/img_4,9-му 
C:/Users/maill/WORK/Dataset/IMG_2024_08_08_10_29_41S/img_5,сего 
C:/Users/maill/WORK/Dataset/IMG_2024_08_08_10_29_41S/img_6,мая 
C:/Users/maill/WORK/Dataset/IMG_2024_08_08_10_29_41S/img_7,10
C:/Users/maill/WORK/Dataset/IMG_2024_08_08_10_29_41S/img_8,часам
C:/Users/maill/WORK/Dataset/IMG_2024_08_08_10_29_41S/img_9,утра
C:/Users/maill/WORK/Dataset/IMG_2024_08_08_10_29_41S/img_10,рик
C:/Users/maill/WORK/Dataset/IMG_2024_08_08_10_29_41S/img_11,уполно
C:/Users/maill/WORK/Dataset/IMG_2024_08_08_10_29_41S/img_12,моченных
C:/Users/maill/WORK/Dataset/IMG_2024_08_08_10_29_41S/img_13,по
C:/Users/maill/WORK/Dataset/IMG_2024_08_08_10_29_41S/img_14,Дер.
C:/Users/maill/WORK/Dataset/IMG_2024_08_08_10_29_41S/img_15,Токарям
C:/Users/maill/WORK/Dataset/IMG_2024_08_08_10_29_41S/img_16,вверенного
C:/Users/maill/WORK/Dataset/IMG_2024_08_08_10_29_41S/img_17,вам
C:/Users/maill/WORK/Dataset/IMG_2024_08_08_10_29_41S/img_18,сельсовета.
C:/Users/maill/WORK/Dataset/IMG_2024_08_08_10_29_41S/img_19,Председатель
C:/Users/maill/WORK/Dataset/IMG_2024_08_08_10_29_41S/img_20,"рик""а"
C:/Users/maill/WORK/Dataset/IMG_2024_08_08_10_29_41S/img_21,Секретарь.
C:/Users/maill/WORK/Dataset/IMG_2024_08_08_10_30_17S/img_1,Уральская
C:/Users/maill/WORK/Dataset/IMG_2024_08_08_10_30_17S/img_2,областная
C:/Users/maill/WORK/Dataset/IMG_2024_08_08_10_30_17S/img_3,«Крестьянская
C:/Users/maill/WORK/Dataset/IMG_2024_08_08_10_30_17S/img_4,Газета».
C:/Users/maill/WORK/Dataset/IMG_2024_08_08_10_30_17S/img_5,№
C:/Users/maill/WORK/Dataset/IMG_2024_08_08_10_30_17S/img_6,13-36
C:/Users/maill/WORK/Dataset/IMG_2024_08_08_10_30_17S/img_7,7/V
C:/Users/maill/WORK/Dataset/IMG_2024_08_08_10_30_17S/img_8,1926
C:/Users/maill/WORK/Dataset/IMG_2024_08_08_10_30_17S/img_9,г.
C:/Users/maill/WORK/Dataset/IMG_2024_08_08_10_30_17S/img_10,Манчажскому
C:/Users/maill/WORK/Dataset/IMG_2024_08_08_10_30_17S/img_11,"Рику,"
C:/Users/maill/WORK/Dataset/IMG_2024_08_08_10_30_17S/img_12,Для
C:/Users/maill/WORK/Dataset/IMG_2024_08_08_10_30_17S/img_13,сведения
C:/Users/maill/WORK/Dataset/IMG_2024_08_08_10_30_17S/img_14,и
C:/Users/maill/WORK/Dataset/IMG_2024_08_08_10_30_17S/img_15,пнятия
C:/Users/maill/WORK/Dataset/IMG_2024_08_08_10_30_17S/img_16,соответствующих
C:/Users/maill/WORK/Dataset/IMG_2024_08_08_10_30_17S/img_17,мер.
C:/Users/maill/WORK/Dataset/IMG_2024_08_08_10_30_17S/img_18,Завед.
C:/Users/maill/WORK/Dataset/IMG_2024_08_08_10_30_17S/img_19,Отд.
C:/Users/maill/WORK/Dataset/IMG_2024_08_08_10_30_17S/img_20,Крестьянских
C:/Users/maill/WORK/Dataset/IMG_2024_08_08_10_30_17S/img_21,писем
C:/Users/maill/WORK/Dataset/IMG_2024_08_08_10_30_17S/img_22,Пав.
C:/Users/maill/WORK/Dataset/IMG_2024_08_08_10_30_17S/img_23,Бажов
C:/Users/maill/WORK/Dataset/IMG_2024_08_08_10_30_17S/img_24,Старые
C:/Users/maill/WORK/Dataset/IMG_2024_08_08_10_30_17S/img_25,уполномоченные
C:/Users/maill/WORK/Dataset/IMG_2024_08_08_10_30_17S/img_26,в
C:/Users/maill/WORK/Dataset/IMG_2024_08_08_10_30_17S/img_27,дер.
C:/Users/maill/WORK/Dataset/IMG_2024_08_08_10_30_17S/img_28,Токарях
C:/Users/maill/WORK/Dataset/IMG_2024_08_08_10_30_17S/img_29,/Манчажского
C:/Users/maill/WORK/Dataset/IMG_2024_08_08_10_30_17S/img_30,рай-
C:/Users/maill/WORK/Dataset/IMG_2024_08_08_10_30_17S/img_31,она/
C:/Users/maill/WORK/Dataset/IMG_2024_08_08_10_30_17S/img_32,хорошие
C:/Users/maill/WORK/Dataset/IMG_2024_08_08_10_30_17S/img_33,были.
C:/Users/maill/WORK/Dataset/IMG_2024_08_08_10_30_17S/img_34,Была
C:/Users/maill/WORK/Dataset/IMG_2024_08_08_10_30_17S/img_35,школа
C:/Users/maill/WORK/Dataset/IMG_2024_08_08_10_30_17S/img_36,и
C:/Users/maill/WORK/Dataset/IMG_2024_08_08_10_30_17S/img_37,"читальня,"
C:/Users/maill/WORK/Dataset/IMG_2024_08_08_10_30_17S/img_38,было
C:/Users/maill/WORK/Dataset/IMG_2024_08_08_10_30_17S/img_39,где
C:/Users/maill/WORK/Dataset/IMG_2024_08_08_10_30_17S/img_40,посидеть
C:/Users/maill/WORK/Dataset/IMG_2024_08_08_10_30_17S/img_41,свободное
C:/Users/maill/WORK/Dataset/IMG_2024_08_08_10_30_17S/img_42,время
C:/Users/maill/WORK/Dataset/IMG_2024_08_08_10_30_17S/img_43,и
C:/Users/maill/WORK/Dataset/IMG_2024_08_08_10_30_17S/img_44,почитать.
C:/Users/maill/WORK/Dataset/IMG_2024_08_08_10_30_17S/img_45,А
C:/Users/maill/WORK/Dataset/IMG_2024_08_08_10_30_17S/img_46,новые
C:/Users/maill/WORK/Dataset/IMG_2024_08_08_10_30_17S/img_47,члены
C:/Users/maill/WORK/Dataset/IMG_2024_08_08_10_30_17S/img_48,у
C:/Users/maill/WORK/Dataset/IMG_2024_08_08_10_30_17S/img_49,нас
C:/Users/maill/WORK/Dataset/IMG_2024_08_08_10_30_17S/img_50,ничего
C:/Users/maill/WORK/Dataset/IMG_2024_08_08_10_30_17S/img_51,не
C:/Users/maill/WORK/Dataset/IMG_2024_08_08_10_30_17S/img_52,стоят.
C:/Users/maill/WORK/Dataset/IMG_2024_08_08_10_30_17S/img_53,Сам
C:/Users/maill/WORK/Dataset/IMG_2024_08_08_10_30_17S/img_54,уполномоченный
C:/Users/maill/WORK/Dataset/IMG_2024_08_08_10_30_17S/img_55,чистый
C:/Users/maill/WORK/Dataset/IMG_2024_08_08_10_30_17S/img_56,хулиган.
C:/Users/maill/WORK/Dataset/IMG_2024_08_08_10_30_17S/img_57,Соберет
C:/Users/maill/WORK/Dataset/IMG_2024_08_08_10_30_17S/img_58,"собрание,"
C:/Users/maill/WORK/Dataset/IMG_2024_08_08_10_30_17S/img_59,ничего
C:/Users/maill/WORK/Dataset/IMG_2024_08_08_10_30_17S/img_60,хорошего
C:/Users/maill/WORK/Dataset/IMG_2024_08_08_10_30_17S/img_61,не
C:/Users/maill/WORK/Dataset/IMG_2024_08_08_10_30_17S/img_62,скажет.
C:/Users/maill/WORK/Dataset/IMG_2024_08_08_10_30_17S/img_63,Только
C:/Users/maill/WORK/Dataset/IMG_2024_08_08_10_30_17S/img_64,"хват,"
C:/Users/maill/WORK/Dataset/IMG_2024_08_08_10_30_17S/img_65,да
C:/Users/maill/WORK/Dataset/IMG_2024_08_08_10_30_17S/img_66,мат
C:/Users/maill/WORK/Dataset/IMG_2024_08_08_10_30_17S/img_67,",а"
C:/Users/maill/WORK/Dataset/IMG_2024_08_08_10_30_17S/img_68,после
C:/Users/maill/WORK/Dataset/IMG_2024_08_08_10_30_17S/img_69,собрания
C:/Users/maill/WORK/Dataset/IMG_2024_08_08_10_30_17S/img_70,остаются
C:/Users/maill/WORK/Dataset/IMG_2024_08_08_10_30_17S/img_71,в
C:/Users/maill/WORK/Dataset/IMG_2024_08_08_10_30_17S/img_72,сборне
C:/Users/maill/WORK/Dataset/IMG_2024_08_08_10_30_17S/img_73,со
C:/Users/maill/WORK/Dataset/IMG_2024_08_08_10_30_17S/img_74,своими
C:/Users/maill/WORK/Dataset/IMG_2024_08_08_10_30_17S/img_75,"шмарами,"
C:/Users/maill/WORK/Dataset/IMG_2024_08_08_10_30_17S/img_76,сидят
C:/Users/maill/WORK/Dataset/IMG_2024_08_08_10_30_17S/img_77,всю
C:/Users/maill/WORK/Dataset/IMG_2024_08_08_10_30_17S/img_78,"ночь,"
C:/Users/maill/WORK/Dataset/IMG_2024_08_08_10_30_17S/img_79,жгут
C:/Users/maill/WORK/Dataset/IMG_2024_08_08_10_30_17S/img_80,общественные
C:/Users/maill/WORK/Dataset/IMG_2024_08_08_10_30_17S/img_81,"дрова,"
C:/Users/maill/WORK/Dataset/IMG_2024_08_08_10_30_17S/img_82,да
C:/Users/maill/WORK/Dataset/IMG_2024_08_08_10_30_17S/img_83,керасин.
C:/Users/maill/WORK/Dataset/IMG_2024_08_08_10_30_17S/img_84,Общественники
C:/Users/maill/WORK/Dataset/IMG_2024_08_08_10_30_17S/img_85,недо-
C:/Users/maill/WORK/Dataset/IMG_2024_08_08_10_30_17S/img_86,"вольны,"
C:/Users/maill/WORK/Dataset/IMG_2024_08_08_10_30_17S/img_87,не
C:/Users/maill/WORK/Dataset/IMG_2024_08_08_10_30_17S/img_88,хотят
C:/Users/maill/WORK/Dataset/IMG_2024_08_08_10_30_17S/img_89,итти
C:/Users/maill/WORK/Dataset/IMG_2024_08_08_10_30_17S/img_90,на
C:/Users/maill/WORK/Dataset/IMG_2024_08_08_10_30_17S/img_91,собрания.
C:/Users/maill/WORK/Dataset/IMG_2024_08_08_10_30_17S/img_92,Что
C:/Users/maill/WORK/Dataset/IMG_2024_08_08_10_30_17S/img_93,с
C:/Users/maill/WORK/Dataset/IMG_2024_08_08_10_30_17S/img_94,ними
C:/Users/maill/WORK/Dataset/IMG_2024_08_08_10_30_17S/img_95,"делать,"
C:/Users/maill/WORK/Dataset/IMG_2024_08_08_10_30_17S/img_96,Уполно-
C:/Users/maill/WORK/Dataset/IMG_2024_08_08_10_30_17S/img_97,моченным
C:/Users/maill/WORK/Dataset/IMG_2024_08_08_10_30_17S/img_98,или
C:/Users/maill/WORK/Dataset/IMG_2024_08_08_10_30_17S/img_99,сломать
C:/Users/maill/WORK/Dataset/IMG_2024_08_08_10_30_17S/img_100,шеи
C:/Users/maill/WORK/Dataset/IMG_2024_08_08_10_30_17S/img_101,надо
C:/Users/maill/WORK/Dataset/IMG_2024_08_08_10_30_17S/img_102,или
C:/Users/maill/WORK/Dataset/IMG_2024_08_08_10_30_17S/img_103,в
C:/Users/maill/WORK/Dataset/IMG_2024_08_08_10_30_17S/img_104,шею
C:/Users/maill/WORK/Dataset/IMG_2024_08_08_10_30_17S/img_105,гнать
C:/Users/maill/WORK/Dataset/IMG_2024_08_08_10_30_17S/img_106,",а"
C:/Users/maill/WORK/Dataset/IMG_2024_08_08_10_30_17S/img_107,то
C:/Users/maill/WORK/Dataset/IMG_2024_08_08_10_30_17S/img_108,с
C:/Users/maill/WORK/Dataset/IMG_2024_08_08_10_30_17S/img_109,та-
C:/Users/maill/WORK/Dataset/IMG_2024_08_08_10_30_17S/img_110,кими
C:/Users/maill/WORK/Dataset/IMG_2024_08_08_10_30_17S/img_111,моченные
C:/Users/maill/WORK/Dataset/IMG_2024_08_08_10_30_17S/img_112,жить
C:/Users/maill/WORK/Dataset/IMG_2024_08_08_10_30_17S/img_113,больше
C:/Users/maill/WORK/Dataset/IMG_2024_08_08_10_30_17S/img_114,нельзя.
C:/Users/maill/WORK/Dataset/IMG_2024_08_08_10_30_17S/img_115,Крестянин.
C:/Users/maill/WORK/Dataset/IMG_2024_08_08_10_30_50S/img_1,7
C:/Users/maill/WORK/Dataset/IMG_2024_08_08_10_30_50S/img_2,VI
C:/Users/maill/WORK/Dataset/IMG_2024_08_08_10_30_50S/img_3,Уральская
C:/Users/maill/WORK/Dataset/IMG_2024_08_08_10_30_50S/img_4,Областная
C:/Users/maill/WORK/Dataset/IMG_2024_08_08_10_30_50S/img_5,Крестьянская
C:/Users/maill/WORK/Dataset/IMG_2024_08_08_10_30_50S/img_6,Газета
C:/Users/maill/WORK/Dataset/IMG_2024_08_08_10_30_50S/img_7,Возвращая
C:/Users/maill/WORK/Dataset/IMG_2024_08_08_10_30_50S/img_8,переписку
C:/Users/maill/WORK/Dataset/IMG_2024_08_08_10_30_50S/img_9,"сообщаю,"
C:/Users/maill/WORK/Dataset/IMG_2024_08_08_10_30_50S/img_10,по
C:/Users/maill/WORK/Dataset/IMG_2024_08_08_10_30_50S/img_11,6
C:/Users/maill/WORK/Dataset/IMG_2024_08_08_10_30_50S/img_12,поступкам
C:/Users/maill/WORK/Dataset/IMG_2024_08_08_10_30_50S/img_13,Уполномоченых
C:/Users/maill/WORK/Dataset/IMG_2024_08_08_10_30_50S/img_14,Рние
C:/Users/maill/WORK/Dataset/IMG_2024_08_08_10_30_50S/img_15,бы
C:/Users/maill/WORK/Dataset/IMG_2024_08_08_10_30_50S/img_16,вынуждены
C:/Users/maill/WORK/Dataset/IMG_2024_08_08_10_30_50S/img_17,дело
C:/Users/maill/WORK/Dataset/IMG_2024_08_08_10_30_50S/img_18,передать
C:/Users/maill/WORK/Dataset/IMG_2024_08_08_10_30_50S/img_19,органам
C:/Users/maill/WORK/Dataset/IMG_2024_08_08_10_30_50S/img_20,след
C:/Users/maill/WORK/Dataset/IMG_2024_08_08_10_30_50S/img_21,ствия
C:/Users/maill/WORK/Dataset/IMG_2024_08_08_10_30_50S/img_22,для
C:/Users/maill/WORK/Dataset/IMG_2024_08_08_10_30_50S/img_24,ования
C:/Users/maill/WORK/Dataset/IMG_2024_08_08_10_30_50S/img_25,и
C:/Users/maill/WORK/Dataset/IMG_2024_08_08_10_30_50S/img_26,призания
C:/Users/maill/WORK/Dataset/IMG_2024_08_08_10_30_50S/img_27,виновных
C:/Users/maill/WORK/Dataset/IMG_2024_08_08_10_30_50S/img_28,и
C:/Users/maill/WORK/Dataset/IMG_2024_08_08_10_30_50S/img_29,ответственности
C:/Users/maill/WORK/Dataset/IMG_2024_08_08_10_30_50S/img_30,Приорикой
C:/Users/maill/WORK/Dataset/IMG_2024_08_08_11_02_13S/img_1,так
C:/Users/maill/WORK/Dataset/IMG_2024_08_08_11_02_13S/img_2,как
C:/Users/maill/WORK/Dataset/IMG_2024_08_08_11_02_13S/img_3,мы
C:/Users/maill/WORK/Dataset/IMG_2024_08_08_11_02_13S/img_4,настояще
C:/Users/maill/WORK/Dataset/IMG_2024_08_08_11_02_13S/img_5,врем
C:/Users/maill/WORK/Dataset/IMG_2024_08_08_11_02_13S/img_6,живем
C:/Users/maill/WORK/Dataset/IMG_2024_08_08_11_02_13S/img_7,вчем
C:/Users/maill/WORK/Dataset/IMG_2024_08_08_11_02_13S/img_8,плохом
C:/Users/maill/WORK/Dataset/IMG_2024_08_08_11_02_13S/img_9,отношение
C:/Users/maill/WORK/Dataset/IMG_2024_08_08_11_02_13S/img_10,своем
C:/Users/maill/WORK/Dataset/IMG_2024_08_08_11_02_13S/img_11,хозяйстве
C:/Users/maill/WORK/Dataset/IMG_2024_08_08_11_02_13S/img_12,дома
C:/Users/maill/WORK/Dataset/IMG_2024_08_08_11_02_13S/img_13,все
C:/Users/maill/WORK/Dataset/IMG_2024_08_08_11_02_13S/img_14,разваленые
C:/Users/maill/WORK/Dataset/IMG_2024_08_08_11_02_13S/img_15,и
C:/Users/maill/WORK/Dataset/IMG_2024_08_08_11_02_13S/img_16,попровизцы
C:/Users/maill/WORK/Dataset/IMG_2024_08_08_11_02_13S/img_17,никаким
C:/Users/maill/WORK/Dataset/IMG_2024_08_08_11_02_13S/img_18,способом
C:/Users/maill/WORK/Dataset/IMG_2024_08_08_11_02_13S/img_19,не можем
C:/Users/maill/WORK/Dataset/IMG_2024_08_08_11_02_13S/img_20,дайте
C:/Users/maill/WORK/Dataset/IMG_2024_08_08_11_02_13S/img_21,На
C:/Users/maill/WORK/Dataset/IMG_2024_08_08_11_02_13S/img_22,наше
C:/Users/maill/WORK/Dataset/IMG_2024_08_08_11_02_13S/img_23,писмо
C:/Users/maill/WORK/Dataset/IMG_2024_08_08_11_02_13S/img_24,ответ
C:/Users/maill/WORK/Dataset/IMG_2024_08_08_11_02_13S/img_25,как
C:/Users/maill/WORK/Dataset/IMG_2024_08_08_11_02_13S/img_26,нам
C:/Users/maill/WORK/Dataset/IMG_2024_08_08_11_02_13S/img_27,получить
C:/Users/maill/WORK/Dataset/IMG_2024_08_08_11_02_13S/img_28,для
C:/Users/maill/WORK/Dataset/IMG_2024_08_08_11_02_13S/img_29,постройки
C:/Users/maill/WORK/Dataset/IMG_2024_08_08_11_02_13S/img_30,лес
C:/Users/maill/WORK/Dataset/IMG_2024_08_08_11_02_13S/img_31,платно
C:/Users/maill/WORK/Dataset/IMG_2024_08_08_11_02_13S/img_32,Демобилизованый
C:/Users/maill/WORK/Dataset/IMG_2024_08_08_11_02_13S/img_33,Красноармеец
C:/Users/maill/WORK/Dataset/IMG_2024_08_08_11_02_13S/img_34,Коми
C:/Users/maill/WORK/Dataset/IMG_2024_08_08_11_02_13S/img_35,Пермяцкого окр.
C:/Users/maill/WORK/Dataset/IMG_2024_08_08_11_02_13S/img_36,Косинского
C:/Users/maill/WORK/Dataset/IMG_2024_08_08_11_02_13S/img_37,Района
C:/Users/maill/WORK/Dataset/IMG_2024_08_08_11_02_13S/img_38,Е. Нилогов
C:/Users/maill/WORK/Dataset/IMG_2024_08_08_11_02_13S/img_39,уз. Н-Касеп
C:/Users/maill/WORK/Dataset/IMG_2024_08_08_11_02_13S/img_40,9/12 25 г.
C:/Users/maill/WORK/Dataset/IMG_2024_08_08_11_02_54S/img_1,взносов
C:/Users/maill/WORK/Dataset/IMG_2024_08_08_11_02_54S/img_2,и
C:/Users/maill/WORK/Dataset/IMG_2024_08_08_11_02_54S/img_3,зажиточные
C:/Users/maill/WORK/Dataset/IMG_2024_08_08_11_02_54S/img_4,мужичкий
C:/Users/maill/WORK/Dataset/IMG_2024_08_08_11_02_54S/img_5,возмутили
C:/Users/maill/WORK/Dataset/IMG_2024_08_08_11_02_54S/img_6,темных
C:/Users/maill/WORK/Dataset/IMG_2024_08_08_11_02_54S/img_7,бедняков
C:/Users/maill/WORK/Dataset/IMG_2024_08_08_11_02_54S/img_8,и
C:/Users/maill/WORK/Dataset/IMG_2024_08_08_11_02_54S/img_9,бедняки
C:/Users/maill/WORK/Dataset/IMG_2024_08_08_11_02_54S/img_10,пошли
C:/Users/maill/WORK/Dataset/IMG_2024_08_08_11_02_54S/img_11,по
C:/Users/maill/WORK/Dataset/IMG_2024_08_08_11_02_54S/img_12,той
C:/Users/maill/WORK/Dataset/IMG_2024_08_08_11_02_54S/img_13,же
C:/Users/maill/WORK/Dataset/IMG_2024_08_08_11_02_54S/img_14,пути
C:/Users/maill/WORK/Dataset/IMG_2024_08_08_11_02_54S/img_15,сколко
C:/Users/maill/WORK/Dataset/IMG_2024_08_08_11_02_54S/img_16,было.
C:/Users/maill/WORK/Dataset/IMG_2024_08_08_11_02_54S/img_17,говорено
C:/Users/maill/WORK/Dataset/IMG_2024_08_08_11_02_54S/img_18,но.
C:/Users/maill/WORK/Dataset/IMG_2024_08_08_11_02_54S/img_19,Ни
C:/Users/maill/WORK/Dataset/IMG_2024_08_08_11_02_54S/img_20,каким
C:/Users/maill/WORK/Dataset/IMG_2024_08_08_11_02_54S/img_21,Способом
C:/Users/maill/WORK/Dataset/IMG_2024_08_08_11_02_54S/img_22,не можно
C:/Users/maill/WORK/Dataset/IMG_2024_08_08_11_02_54S/img_23,"уговорит,"
C:/Users/maill/WORK/Dataset/IMG_2024_08_08_11_02_54S/img_24,Дер.
C:/Users/maill/WORK/Dataset/IMG_2024_08_08_11_02_54S/img_25,зажиточных
C:/Users/maill/WORK/Dataset/IMG_2024_08_08_11_02_54S/img_26,мужикое
C:/Users/maill/WORK/Dataset/IMG_2024_08_08_11_02_54S/img_27,потому что
C:/Users/maill/WORK/Dataset/IMG_2024_08_08_11_02_54S/img_28,Они
C:/Users/maill/WORK/Dataset/IMG_2024_08_08_11_02_54S/img_29,взашли
C:/Users/maill/WORK/Dataset/IMG_2024_08_08_11_02_54S/img_30,при
C:/Users/maill/WORK/Dataset/IMG_2024_08_08_11_02_54S/img_31,царизме
C:/Users/maill/WORK/Dataset/IMG_2024_08_08_11_02_54S/img_32,на
C:/Users/maill/WORK/Dataset/IMG_2024_08_08_11_02_54S/img_33,безняка
C:/Users/maill/WORK/Dataset/IMG_2024_08_08_11_02_54S/img_34,спиных
C:/Users/maill/WORK/Dataset/IMG_2024_08_08_11_02_54S/img_35,и
C:/Users/maill/WORK/Dataset/IMG_2024_08_08_11_02_54S/img_36,желают
C:/Users/maill/WORK/Dataset/IMG_2024_08_08_11_02_54S/img_37,ездить
C:/Users/maill/WORK/Dataset/IMG_2024_08_08_11_02_54S/img_38,далше
C:/Users/maill/WORK/Dataset/IMG_2024_08_08_11_02_54S/img_39,за
C:/Users/maill/WORK/Dataset/IMG_2024_08_08_11_02_54S/img_40,бедняк
C:/Users/maill/WORK/Dataset/IMG_2024_08_08_11_02_54S/img_41,работает
C:/Users/maill/WORK/Dataset/IMG_2024_08_08_11_02_54S/img_42,за
C:/Users/maill/WORK/Dataset/IMG_2024_08_08_11_02_54S/img_43,один
C:/Users/maill/WORK/Dataset/IMG_2024_08_08_11_02_54S/img_44,пуб
C:/Users/maill/WORK/Dataset/IMG_2024_08_08_11_02_54S/img_45,хлеба
C:/Users/maill/WORK/Dataset/IMG_2024_08_08_11_02_54S/img_46,Зажиточному
C:/Users/maill/WORK/Dataset/IMG_2024_08_08_11_02_54S/img_47,муржику
C:/Users/maill/WORK/Dataset/IMG_2024_08_08_11_02_54S/img_48,четыре
C:/Users/maill/WORK/Dataset/IMG_2024_08_08_11_02_54S/img_49,поден
C:/Users/maill/WORK/Dataset/IMG_2024_08_08_11_02_54S/img_50,шины
C:/Users/maill/WORK/Dataset/IMG_2024_08_08_11_02_54S/img_51,и
C:/Users/maill/WORK/Dataset/IMG_2024_08_08_11_02_54S/img_52,вот
C:/Users/maill/WORK/Dataset/IMG_2024_08_08_11_02_54S/img_53,они
C:/Users/maill/WORK/Dataset/IMG_2024_08_08_11_02_54S/img_54,и
C:/Users/maill/WORK/Dataset/IMG_2024_08_08_11_02_54S/img_55,нехотят
C:/Users/maill/WORK/Dataset/IMG_2024_08_08_11_02_54S/img_56,помоч
C:/Users/maill/WORK/Dataset/IMG_2024_08_08_11_02_54S/img_57,своему
C:/Users/maill/WORK/Dataset/IMG_2024_08_08_11_02_54S/img_58,соседу
C:/Users/maill/WORK/Dataset/IMG_2024_08_08_11_02_54S/img_59,у
C:/Users/maill/WORK/Dataset/IMG_2024_08_08_11_02_54S/img_60,кого
C:/Users/maill/WORK/Dataset/IMG_2024_08_08_11_02_54S/img_61,случится
C:/Users/maill/WORK/Dataset/IMG_2024_08_08_11_02_54S/img_62,Стихийное
C:/Users/maill/WORK/Dataset/IMG_2024_08_08_11_02_54S/img_63,бедствие
C:/Users/maill/WORK/Dataset/IMG_2024_08_08_11_02_54S/img_64,"Очевидец,"
C:/Users/maill/WORK/Dataset/IMG_2024_08_08_11_04_08S/img_1,к
C:/Users/maill/WORK/Dataset/IMG_2024_08_08_11_04_08S/img_2,предстоящим
C:/Users/maill/WORK/Dataset/IMG_2024_08_08_11_04_08S/img_3,перевыборам
C:/Users/maill/WORK/Dataset/IMG_2024_08_08_11_04_08S/img_4,с/сове
C:/Users/maill/WORK/Dataset/IMG_2024_08_08_11_04_08S/img_5,тов
C:/Users/maill/WORK/Dataset/IMG_2024_08_08_11_04_08S/img_6,установили
C:/Users/maill/WORK/Dataset/IMG_2024_08_08_11_04_08S/img_7,отдельный
C:/Users/maill/WORK/Dataset/IMG_2024_08_08_11_04_08S/img_8,совет
C:/Users/maill/WORK/Dataset/IMG_2024_08_08_11_04_08S/img_9,из
C:/Users/maill/WORK/Dataset/IMG_2024_08_08_11_04_08S/img_10,селений
C:/Users/maill/WORK/Dataset/IMG_2024_08_08_11_04_08S/img_11,с. щукинского
C:/Users/maill/WORK/Dataset/IMG_2024_08_08_11_04_08S/img_12,и
C:/Users/maill/WORK/Dataset/IMG_2024_08_08_11_04_08S/img_13,деревни
C:/Users/maill/WORK/Dataset/IMG_2024_08_08_11_04_08S/img_14,"Малой-Просековой,"
C:/Users/maill/WORK/Dataset/IMG_2024_08_08_11_04_08S/img_15,т.к.
C:/Users/maill/WORK/Dataset/IMG_2024_08_08_11_04_08S/img_16,они
C:/Users/maill/WORK/Dataset/IMG_2024_08_08_11_04_08S/img_17,нахо
C:/Users/maill/WORK/Dataset/IMG_2024_08_08_11_04_08S/img_18,дятся
C:/Users/maill/WORK/Dataset/IMG_2024_08_08_11_04_08S/img_19,на
C:/Users/maill/WORK/Dataset/IMG_2024_08_08_11_04_08S/img_20,растоянии
C:/Users/maill/WORK/Dataset/IMG_2024_08_08_11_04_08S/img_21,200
C:/Users/maill/WORK/Dataset/IMG_2024_08_08_11_04_08S/img_22,саж.
C:/Users/maill/WORK/Dataset/IMG_2024_08_08_11_04_08S/img_23,село от
C:/Users/maill/WORK/Dataset/IMG_2024_08_08_11_04_08S/img_24,села
C:/Users/maill/WORK/Dataset/IMG_2024_08_08_11_04_08S/img_25,и
C:/Users/maill/WORK/Dataset/IMG_2024_08_08_11_04_08S/img_26,их
C:/Users/maill/WORK/Dataset/IMG_2024_08_08_11_04_08S/img_27,земли
C:/Users/maill/WORK/Dataset/IMG_2024_08_08_11_04_08S/img_28,тождестествены
C:/Users/maill/WORK/Dataset/IMG_2024_08_08_11_04_08S/img_29,между собою.
C:/Users/maill/WORK/Dataset/IMG_2024_08_08_11_04_08S/img_30,"А,"
C:/Users/maill/WORK/Dataset/IMG_2024_08_08_11_04_08S/img_31,село
C:/Users/maill/WORK/Dataset/IMG_2024_08_08_11_04_08S/img_32,Ошурково
C:/Users/maill/WORK/Dataset/IMG_2024_08_08_11_04_08S/img_33,можно
C:/Users/maill/WORK/Dataset/IMG_2024_08_08_11_04_08S/img_34,при
C:/Users/maill/WORK/Dataset/IMG_2024_08_08_11_04_08S/img_35,крепит
C:/Users/maill/WORK/Dataset/IMG_2024_08_08_11_04_08S/img_36,к
C:/Users/maill/WORK/Dataset/IMG_2024_08_08_11_04_08S/img_37,Крутихинскому
C:/Users/maill/WORK/Dataset/IMG_2024_08_08_11_04_08S/img_38,с/совету
C:/Users/maill/WORK/Dataset/IMG_2024_08_08_11_04_08S/img_39,рост они
C:/Users/maill/WORK/Dataset/IMG_2024_08_08_11_04_08S/img_40,которого
C:/Users/maill/WORK/Dataset/IMG_2024_08_08_11_04_08S/img_41,до
C:/Users/maill/WORK/Dataset/IMG_2024_08_08_11_04_08S/img_42,ошутково
C:/Users/maill/WORK/Dataset/IMG_2024_08_08_11_04_08S/img_43,одна
C:/Users/maill/WORK/Dataset/IMG_2024_08_08_11_04_08S/img_44,верста.
C:/Users/maill/WORK/Dataset/IMG_2024_08_08_11_04_08S/img_45,И
C:/Users/maill/WORK/Dataset/IMG_2024_08_08_11_04_08S/img_46,это
C:/Users/maill/WORK/Dataset/IMG_2024_08_08_11_04_08S/img_47,будет
C:/Users/maill/WORK/Dataset/IMG_2024_08_08_11_04_08S/img_48,правильно
C:/Users/maill/WORK/Dataset/IMG_2024_08_08_11_04_08S/img_49,Я
C:/Users/maill/WORK/Dataset/IMG_2024_08_08_11_04_08S/img_50,полагаю
C:/Users/maill/WORK/Dataset/IMG_2024_08_08_11_04_08S/img_51,что
C:/Users/maill/WORK/Dataset/IMG_2024_08_08_11_04_08S/img_52,в
C:/Users/maill/WORK/Dataset/IMG_2024_08_08_11_04_08S/img_53,этом
C:/Users/maill/WORK/Dataset/IMG_2024_08_08_11_04_08S/img_54,нам
C:/Users/maill/WORK/Dataset/IMG_2024_08_08_11_04_08S/img_55,поможет
C:/Users/maill/WORK/Dataset/IMG_2024_08_08_11_04_08S/img_56,наша
C:/Users/maill/WORK/Dataset/IMG_2024_08_08_11_04_08S/img_57,защитница
C:/Users/maill/WORK/Dataset/IMG_2024_08_08_11_04_08S/img_58,крестьянская
C:/Users/maill/WORK/Dataset/IMG_2024_08_08_11_04_08S/img_59,газета
C:/Users/maill/WORK/Dataset/IMG_2024_08_08_11_04_08S/img_60,Вахлочек
C:/Users/maill/WORK/Dataset/IMG_2024_08_08_11_13_31S/img_1,Ивдальский
C:/Users/maill/WORK/Dataset/IMG_2024_08_08_11_13_31S/img_2,Рай
C:/Users/maill/WORK/Dataset/IMG_2024_08_08_11_13_31S/img_3,Получая
C:/Users/maill/WORK/Dataset/IMG_2024_08_08_11_13_31S/img_4,от
C:/Users/maill/WORK/Dataset/IMG_2024_08_08_11_13_31S/img_5,вас
C:/Users/maill/WORK/Dataset/IMG_2024_08_08_11_13_31S/img_6,Крестьянскую
C:/Users/maill/WORK/Dataset/IMG_2024_08_08_11_13_31S/img_7,газету
C:/Users/maill/WORK/Dataset/IMG_2024_08_08_11_13_31S/img_8,я
C:/Users/maill/WORK/Dataset/IMG_2024_08_08_11_13_31S/img_9,остаюсь
C:/Users/maill/WORK/Dataset/IMG_2024_08_08_11_13_31S/img_10,очень
C:/Users/maill/WORK/Dataset/IMG_2024_08_08_11_13_31S/img_11,не
C:/Users/maill/WORK/Dataset/IMG_2024_08_08_11_13_31S/img_12,доволен
C:/Users/maill/WORK/Dataset/IMG_2024_08_08_11_13_31S/img_13,за
C:/Users/maill/WORK/Dataset/IMG_2024_08_08_11_13_31S/img_14,неакуратную
C:/Users/maill/WORK/Dataset/IMG_2024_08_08_11_13_31S/img_15,разевилку
C:/Users/maill/WORK/Dataset/IMG_2024_08_08_11_13_31S/img_16,например
C:/Users/maill/WORK/Dataset/IMG_2024_08_08_11_13_31S/img_17,получил
C:/Users/maill/WORK/Dataset/IMG_2024_08_08_11_13_31S/img_18,№
C:/Users/maill/WORK/Dataset/IMG_2024_08_08_11_13_31S/img_19,31
C:/Users/maill/WORK/Dataset/IMG_2024_08_08_11_13_31S/img_20,за
C:/Users/maill/WORK/Dataset/IMG_2024_08_08_11_13_31S/img_21,1
C:/Users/maill/WORK/Dataset/IMG_2024_08_08_11_13_31S/img_22,мая
C:/Users/maill/WORK/Dataset/IMG_2024_08_08_11_13_31S/img_23,и
C:/Users/maill/WORK/Dataset/IMG_2024_08_08_11_13_31S/img_24,следующий
C:/Users/maill/WORK/Dataset/IMG_2024_08_08_11_13_31S/img_25,за
C:/Users/maill/WORK/Dataset/IMG_2024_08_08_11_13_31S/img_26,14
C:/Users/maill/WORK/Dataset/IMG_2024_08_08_11_13_31S/img_27,мая
C:/Users/maill/WORK/Dataset/IMG_2024_08_08_11_13_31S/img_28,куда
C:/Users/maill/WORK/Dataset/IMG_2024_08_08_11_13_31S/img_29,все
C:/Users/maill/WORK/Dataset/IMG_2024_08_08_11_13_31S/img_30,два
C:/Users/maill/WORK/Dataset/IMG_2024_08_08_11_13_31S/img_31,номе
C:/Users/maill/WORK/Dataset/IMG_2024_08_08_11_13_31S/img_32,ваше
C:/Users/maill/WORK/Dataset/IMG_2024_08_08_11_13_31S/img_33,№32-33
C:/Users/maill/WORK/Dataset/IMG_2024_08_08_11_13_31S/img_34,если
C:/Users/maill/WORK/Dataset/IMG_2024_08_08_11_13_31S/img_35,ут.
C:/Users/maill/WORK/Dataset/IMG_2024_08_08_11_13_31S/img_36,посылать
C:/Users/maill/WORK/Dataset/IMG_2024_08_08_11_13_31S/img_37,так
C:/Users/maill/WORK/Dataset/IMG_2024_08_08_11_13_31S/img_38,посвелоть
C:/Users/maill/WORK/Dataset/IMG_2024_08_08_11_13_31S/img_39,по
C:/Users/maill/WORK/Dataset/IMG_2024_08_08_11_13_31S/img_40,порядку
C:/Users/maill/WORK/Dataset/IMG_2024_08_08_11_13_31S/img_41,то
C:/Users/maill/WORK/Dataset/IMG_2024_08_08_11_13_31S/img_42,очень
C:/Users/maill/WORK/Dataset/IMG_2024_08_08_11_13_31S/img_43,не
C:/Users/maill/WORK/Dataset/IMG_2024_08_08_11_13_31S/img_44,удобно.
C:/Users/maill/WORK/Dataset/IMG_2024_08_08_11_13_31S/img_45,через
C:/Users/maill/WORK/Dataset/IMG_2024_08_08_11_13_31S/img_46,два
C:/Users/maill/WORK/Dataset/IMG_2024_08_08_11_13_31S/img_47,номера
C:/Users/maill/WORK/Dataset/IMG_2024_08_08_11_13_31S/img_48,третьий
C:/Users/maill/WORK/Dataset/IMG_2024_08_08_11_13_31S/img_49,№
C:/Users/maill/WORK/Dataset/IMG_2024_08_08_11_13_31S/img_50,4877
C:/Users/maill/WORK/Dataset/IMG_2024_08_08_11_13_31S/img_51,22
C:/Users/maill/WORK/Dataset/IMG_2024_08_08_11_13_31S/img_52,мая
C:/Users/maill/WORK/Dataset/IMG_2024_08_08_11_13_31S/img_53,1925
C:/Users/maill/WORK/Dataset/IMG_2024_08_08_11_15_52S/img_1,13
C:/Users/maill/WORK/Dataset/IMG_2024_08_08_11_15_52S/img_2,реданции
C:/Users/maill/WORK/Dataset/IMG_2024_08_08_11_15_52S/img_3,Крестьян
C:/Users/maill/WORK/Dataset/IMG_2024_08_08_11_15_52S/img_4,Газета
C:/Users/maill/WORK/Dataset/IMG_2024_08_08_11_15_52S/img_5,крестьянина
C:/Users/maill/WORK/Dataset/IMG_2024_08_08_11_15_52S/img_6,Тагильского
C:/Users/maill/WORK/Dataset/IMG_2024_08_08_11_15_52S/img_7,округа
C:/Users/maill/WORK/Dataset/IMG_2024_08_08_11_15_52S/img_8,Верхотурского
C:/Users/maill/WORK/Dataset/IMG_2024_08_08_11_15_52S/img_9,района
C:/Users/maill/WORK/Dataset/IMG_2024_08_08_11_15_52S/img_10,дер. Кордюково
C:/Users/maill/WORK/Dataset/IMG_2024_08_08_11_15_52S/img_11,Прокопия
C:/Users/maill/WORK/Dataset/IMG_2024_08_08_11_15_52S/img_12,Михайловича
C:/Users/maill/WORK/Dataset/IMG_2024_08_08_11_15_52S/img_13,Кордюкова
C:/Users/maill/WORK/Dataset/IMG_2024_08_08_11_15_52S/img_14,Разрешите
C:/Users/maill/WORK/Dataset/IMG_2024_08_08_11_15_52S/img_15,наши
C:/Users/maill/WORK/Dataset/IMG_2024_08_08_11_15_52S/img_16,темные
C:/Users/maill/WORK/Dataset/IMG_2024_08_08_11_15_52S/img_17,дела
C:/Users/maill/WORK/Dataset/IMG_2024_08_08_11_15_52S/img_18,у
C:/Users/maill/WORK/Dataset/IMG_2024_08_08_11_15_52S/img_19,меня
C:/Users/maill/WORK/Dataset/IMG_2024_08_08_11_15_52S/img_20,25
C:/Users/maill/WORK/Dataset/IMG_2024_08_08_11_15_52S/img_21,мая
C:/Users/maill/WORK/Dataset/IMG_2024_08_08_11_15_52S/img_22,случилось.
C:/Users/maill/WORK/Dataset/IMG_2024_08_08_11_15_52S/img_23,горестное
C:/Users/maill/WORK/Dataset/IMG_2024_08_08_11_15_52S/img_24,"событие,"
C:/Users/maill/WORK/Dataset/IMG_2024_08_08_11_15_52S/img_25,един
C:/Users/maill/WORK/Dataset/IMG_2024_08_08_11_15_52S/img_26,ственный
C:/Users/maill/WORK/Dataset/IMG_2024_08_08_11_15_52S/img_27,мой
C:/Users/maill/WORK/Dataset/IMG_2024_08_08_11_15_52S/img_28,сын
C:/Users/maill/WORK/Dataset/IMG_2024_08_08_11_15_52S/img_29,уезжал
C:/Users/maill/WORK/Dataset/IMG_2024_08_08_11_15_52S/img_30,в
C:/Users/maill/WORK/Dataset/IMG_2024_08_08_11_15_52S/img_31,деревню
C:/Users/maill/WORK/Dataset/IMG_2024_08_08_11_15_52S/img_32,"отстоящую,"
C:/Users/maill/WORK/Dataset/IMG_2024_08_08_11_15_52S/img_33,от
C:/Users/maill/WORK/Dataset/IMG_2024_08_08_11_15_52S/img_34,нашей
C:/Users/maill/WORK/Dataset/IMG_2024_08_08_11_15_52S/img_35,деревни
C:/Users/maill/WORK/Dataset/IMG_2024_08_08_11_15_52S/img_36,за
C:/Users/maill/WORK/Dataset/IMG_2024_08_08_11_15_52S/img_37,9 верст
C:/Users/maill/WORK/Dataset/IMG_2024_08_08_11_15_52S/img_38,и
C:/Users/maill/WORK/Dataset/IMG_2024_08_08_11_15_52S/img_39,уже
C:/Users/maill/WORK/Dataset/IMG_2024_08_08_11_15_52S/img_40,в
C:/Users/maill/WORK/Dataset/IMG_2024_08_08_11_15_52S/img_41,1 час
C:/Users/maill/WORK/Dataset/IMG_2024_08_08_11_15_52S/img_42,утра
C:/Users/maill/WORK/Dataset/IMG_2024_08_08_11_15_52S/img_43,на
C:/Users/maill/WORK/Dataset/IMG_2024_08_08_11_15_52S/img_44,06
C:/Users/maill/WORK/Dataset/IMG_2024_08_08_11_15_52S/img_45,мая
C:/Users/maill/WORK/Dataset/IMG_2024_08_08_11_15_52S/img_46,он
C:/Users/maill/WORK/Dataset/IMG_2024_08_08_11_15_52S/img_47,был
C:/Users/maill/WORK/Dataset/IMG_2024_08_08_11_15_52S/img_48,найден
C:/Users/maill/WORK/Dataset/IMG_2024_08_08_11_15_52S/img_49,в
C:/Users/maill/WORK/Dataset/IMG_2024_08_08_11_15_52S/img_50,полуверсте.
C:/Users/maill/WORK/Dataset/IMG_2024_08_08_11_15_52S/img_51,от
C:/Users/maill/WORK/Dataset/IMG_2024_08_08_11_15_52S/img_52,нашей
C:/Users/maill/WORK/Dataset/IMG_2024_08_08_11_15_52S/img_53,деревни
C:/Users/maill/WORK/Dataset/IMG_2024_08_08_11_15_52S/img_54,близ
C:/Users/maill/WORK/Dataset/IMG_2024_08_08_11_15_52S/img_55,клад
C:/Users/maill/WORK/Dataset/IMG_2024_08_08_11_15_52S/img_56,бища
C:/Users/maill/WORK/Dataset/IMG_2024_08_08_11_15_52S/img_57,почти
C:/Users/maill/WORK/Dataset/IMG_2024_08_08_11_15_52S/img_58,без
C:/Users/maill/WORK/Dataset/IMG_2024_08_08_11_15_52S/img_59,признаков
C:/Users/maill/WORK/Dataset/IMG_2024_08_08_11_15_52S/img_60,"жизни,"
C:/Users/maill/WORK/Dataset/IMG_2024_08_08_11_15_52S/img_61,а
C:/Users/maill/WORK/Dataset/IMG_2024_08_08_11_15_52S/img_62,лошадь
C:/Users/maill/WORK/Dataset/IMG_2024_08_08_11_15_52S/img_63,на
C:/Users/maill/WORK/Dataset/IMG_2024_08_08_11_15_52S/img_64,кото
C:/Users/maill/WORK/Dataset/IMG_2024_08_08_11_15_52S/img_65,рой
C:/Users/maill/WORK/Dataset/IMG_2024_08_08_11_15_52S/img_66,он
C:/Users/maill/WORK/Dataset/IMG_2024_08_08_11_15_52S/img_67,ездил
C:/Users/maill/WORK/Dataset/IMG_2024_08_08_11_15_52S/img_68,оказалась
C:/Users/maill/WORK/Dataset/IMG_2024_08_08_11_15_52S/img_69,дома.
C:/Users/maill/WORK/Dataset/IMG_2024_08_08_11_15_52S/img_70,и
C:/Users/maill/WORK/Dataset/IMG_2024_08_08_11_15_52S/img_71,в
C:/Users/maill/WORK/Dataset/IMG_2024_08_08_11_15_52S/img_72,тот же
C:/Users/maill/WORK/Dataset/IMG_2024_08_08_11_15_52S/img_73,день
C:/Users/maill/WORK/Dataset/IMG_2024_08_08_11_15_52S/img_74,сын
C:/Users/maill/WORK/Dataset/IMG_2024_08_08_11_15_52S/img_75,мой
C:/Users/maill/WORK/Dataset/IMG_2024_08_08_11_15_52S/img_76,скончалая
C:/Users/maill/WORK/Dataset/IMG_2024_08_08_11_15_52S/img_77,ни
C:/Users/maill/WORK/Dataset/IMG_2024_08_08_11_15_52S/img_78,сказал
C:/Users/maill/WORK/Dataset/IMG_2024_08_08_11_15_52S/img_79,ни
C:/Users/maill/WORK/Dataset/IMG_2024_08_08_11_15_52S/img_80,слова
C:/Users/maill/WORK/Dataset/IMG_2024_08_08_11_15_52S/img_81,и
C:/Users/maill/WORK/Dataset/IMG_2024_08_08_11_15_52S/img_82,ни
C:/Users/maill/WORK/Dataset/IMG_2024_08_08_11_15_52S/img_83,приходил
C:/Users/maill/WORK/Dataset/IMG_2024_08_08_11_26_04S/img_1,г. Свердловск
C:/Users/maill/WORK/Dataset/IMG_2024_08_08_11_26_04S/img_2,Дом
C:/Users/maill/WORK/Dataset/IMG_2024_08_08_11_26_04S/img_3,Крестьянина
C:/Users/maill/WORK/Dataset/IMG_2024_08_08_11_26_04S/img_4,Редакция
C:/Users/maill/WORK/Dataset/IMG_2024_08_08_11_26_04S/img_5,Ураль
C:/Users/maill/WORK/Dataset/IMG_2024_08_08_11_26_04S/img_6,ской
C:/Users/maill/WORK/Dataset/IMG_2024_08_08_11_26_04S/img_7,крестьянской
C:/Users/maill/WORK/Dataset/IMG_2024_08_08_11_26_04S/img_8,газеты
C:/Users/maill/WORK/Dataset/IMG_2024_08_08_11_26_04S/img_9,Шд
C:/Users/maill/WORK/Dataset/IMG_2024_08_08_11_26_04S/img_10,-
C:/Users/maill/WORK/Dataset/IMG_2024_08_08_11_26_04S/img_11,К
C:/Users/maill/WORK/Dataset/IMG_2024_08_08_11_26_04S/img_12,55
C:/Users/maill/WORK/Dataset/IMG_2024_08_08_11_32_04S/img_1,от
C:/Users/maill/WORK/Dataset/IMG_2024_08_08_11_32_04S/img_2,селькора
C:/Users/maill/WORK/Dataset/IMG_2024_08_08_11_32_04S/img_3,Махиила
C:/Users/maill/WORK/Dataset/IMG_2024_08_08_11_32_04S/img_4,Еримова
C:/Users/maill/WORK/Dataset/IMG_2024_08_08_11_32_04S/img_5,знак
C:/Users/maill/WORK/Dataset/IMG_2024_08_08_11_32_04S/img_6,К.
C:/Users/maill/WORK/Dataset/IMG_2024_08_08_11_32_04S/img_7,П
C:/Users/maill/WORK/Dataset/IMG_2024_08_08_11_32_04S/img_8, - 
C:/Users/maill/WORK/Dataset/IMG_2024_08_08_11_32_04S/img_9,56
C:/Users/maill/WORK/Dataset/IMG_2024_08_08_11_32_04S/img_10,за
C:/Users/maill/WORK/Dataset/IMG_2024_08_08_11_32_04S/img_11,№
C:/Users/maill/WORK/Dataset/IMG_2024_08_08_11_32_04S/img_12,6
C:/Users/maill/WORK/Dataset/IMG_2024_08_08_11_32_04S/img_13,Артинск
C:/Users/maill/WORK/Dataset/IMG_2024_08_08_11_32_04S/img_14,в
C:/Users/maill/WORK/Dataset/IMG_2024_08_08_11_32_04S/img_15,крестьянску
C:/Users/maill/WORK/Dataset/IMG_2024_08_08_11_32_04S/img_16,Газету
C:/Users/maill/WORK/Dataset/IMG_2024_08_08_11_32_04S/img_17,Присем
C:/Users/maill/WORK/Dataset/IMG_2024_08_08_11_32_04S/img_18,предпровождется
C:/Users/maill/WORK/Dataset/IMG_2024_08_08_11_32_04S/img_19,разъяснение
C:/Users/maill/WORK/Dataset/IMG_2024_08_08_11_32_04S/img_20,о 
C:/Users/maill/WORK/Dataset/IMG_2024_08_08_11_32_04S/img_21,том
C:/Users/maill/WORK/Dataset/IMG_2024_08_08_11_32_04S/img_22,что
C:/Users/maill/WORK/Dataset/IMG_2024_08_08_11_32_04S/img_23,где
C:/Users/maill/WORK/Dataset/IMG_2024_08_08_11_32_04S/img_24,достать
C:/Users/maill/WORK/Dataset/IMG_2024_08_08_11_32_04S/img_25,кредита
C:/Users/maill/WORK/Dataset/IMG_2024_08_08_11_32_04S/img_26,для
C:/Users/maill/WORK/Dataset/IMG_2024_08_08_11_32_04S/img_27,организацый
C:/Users/maill/WORK/Dataset/IMG_2024_08_08_11_32_04S/img_28,как
C:/Users/maill/WORK/Dataset/IMG_2024_08_08_11_32_04S/img_29,либо
C:/Users/maill/WORK/Dataset/IMG_2024_08_08_11_32_04S/img_30,и
C:/Users/maill/WORK/Dataset/IMG_2024_08_08_11_32_04S/img_31,какую
C:/Users/maill/WORK/Dataset/IMG_2024_08_08_11_32_04S/img_32,сумму
C:/Users/maill/WORK/Dataset/IMG_2024_08_08_11_32_04S/img_33,и
C:/Users/maill/WORK/Dataset/IMG_2024_08_08_11_32_04S/img_34,накакой
C:/Users/maill/WORK/Dataset/IMG_2024_08_08_11_32_04S/img_35,и
C:/Users/maill/WORK/Dataset/IMG_2024_08_08_11_32_04S/img_36,затем
C:/Users/maill/WORK/Dataset/IMG_2024_08_08_11_32_04S/img_37,отом
C:/Users/maill/WORK/Dataset/IMG_2024_08_08_11_32_04S/img_38,что
C:/Users/maill/WORK/Dataset/IMG_2024_08_08_11_32_04S/img_39,граж-не
C:/Users/maill/WORK/Dataset/IMG_2024_08_08_11_32_04S/img_40,Убили
C:/Users/maill/WORK/Dataset/IMG_2024_08_08_11_32_04S/img_41,Патрака
C:/Users/maill/WORK/Dataset/IMG_2024_08_08_11_32_04S/img_42,и
C:/Users/maill/WORK/Dataset/IMG_2024_08_08_11_32_04S/img_43,их
C:/Users/maill/WORK/Dataset/IMG_2024_08_08_11_32_04S/img_44,отступили
C:/Users/maill/WORK/Dataset/IMG_2024_08_08_11_32_04S/img_45,тно
C:/Users/maill/WORK/Dataset/IMG_2024_08_08_11_32_04S/img_46,домой
C:/Users/maill/WORK/Dataset/IMG_2024_08_08_11_32_04S/img_47,и
C:/Users/maill/WORK/Dataset/IMG_2024_08_08_11_32_04S/img_48,они
C:/Users/maill/WORK/Dataset/IMG_2024_08_08_11_32_04S/img_49,опять
C:/Users/maill/WORK/Dataset/IMG_2024_08_08_11_32_04S/img_50,труют
C:/Users/maill/WORK/Dataset/IMG_2024_08_08_11_32_04S/img_51,Селькор 
C:/Users/maill/WORK/Dataset/IMG_2024_08_08_11_32_04S/img_52,Пономарев
C:/Users/maill/WORK/Dataset/IMG_2024_08_08_11_32_04S/img_53,22/
C:/Users/maill/WORK/Dataset/IMG_2024_08_08_11_32_04S/img_54,IX
C:/Users/maill/WORK/Dataset/IMG_2024_08_08_11_32_04S/img_55,26
C:/Users/maill/WORK/Dataset/IMG_2024_08_08_11_33_22S/img_1,уловный
C:/Users/maill/WORK/Dataset/IMG_2024_08_08_11_33_22S/img_2,знак
C:/Users/maill/WORK/Dataset/IMG_2024_08_08_11_33_22S/img_3,К
C:/Users/maill/WORK/Dataset/IMG_2024_08_08_11_33_22S/img_4,Н
C:/Users/maill/WORK/Dataset/IMG_2024_08_08_11_33_22S/img_5,П
C:/Users/maill/WORK/Dataset/IMG_2024_08_08_11_33_22S/img_6,=
C:/Users/maill/WORK/Dataset/IMG_2024_08_08_11_33_22S/img_7,56
C:/Users/maill/WORK/Dataset/IMG_2024_08_08_11_34_35S/img_1,Нарушители 
C:/Users/maill/WORK/Dataset/IMG_2024_08_08_11_34_35S/img_2,Закона
C:/Users/maill/WORK/Dataset/IMG_2024_08_08_11_34_35S/img_3,Несмотря 
C:/Users/maill/WORK/Dataset/IMG_2024_08_08_11_34_35S/img_4,нина 
C:/Users/maill/WORK/Dataset/IMG_2024_08_08_11_34_35S/img_5,что 
C:/Users/maill/WORK/Dataset/IMG_2024_08_08_11_34_35S/img_6,сколько 
C:/Users/maill/WORK/Dataset/IMG_2024_08_08_11_34_35S/img_7,Уральской 
C:/Users/maill/WORK/Dataset/IMG_2024_08_08_11_34_35S/img_8,облисполком 
C:/Users/maill/WORK/Dataset/IMG_2024_08_08_11_34_35S/img_9,издал 
C:/Users/maill/WORK/Dataset/IMG_2024_08_08_11_34_35S/img_10,распоряжения
C:/Users/maill/WORK/Dataset/IMG_2024_08_08_11_34_35S/img_11,и
C:/Users/maill/WORK/Dataset/IMG_2024_08_08_11_34_35S/img_12,выпустил 
C:/Users/maill/WORK/Dataset/IMG_2024_08_08_11_34_35S/img_13,декрет 
C:/Users/maill/WORK/Dataset/IMG_2024_08_08_11_34_35S/img_14,по 
C:/Users/maill/WORK/Dataset/IMG_2024_08_08_11_34_35S/img_15,борбе 
C:/Users/maill/WORK/Dataset/IMG_2024_08_08_11_34_35S/img_16,с 
C:/Users/maill/WORK/Dataset/IMG_2024_08_08_11_34_35S/img_17,хулиганством
C:/Users/maill/WORK/Dataset/IMG_2024_08_08_11_34_35S/img_18,но 
C:/Users/maill/WORK/Dataset/IMG_2024_08_08_11_34_35S/img_19,печальная 
C:/Users/maill/WORK/Dataset/IMG_2024_08_08_11_34_35S/img_20,картина 
C:/Users/maill/WORK/Dataset/IMG_2024_08_08_11_34_35S/img_21,у
C:/Users/maill/WORK/Dataset/IMG_2024_08_08_11_34_35S/img_22,нас 
C:/Users/maill/WORK/Dataset/IMG_2024_08_08_11_34_35S/img_23,получается
C:/Users/maill/WORK/Dataset/IMG_2024_08_08_11_34_35S/img_24,В 
C:/Users/maill/WORK/Dataset/IMG_2024_08_08_11_34_35S/img_25,Чебаркульском 
C:/Users/maill/WORK/Dataset/IMG_2024_08_08_11_34_35S/img_26,с/сов. 
C:/Users/maill/WORK/Dataset/IMG_2024_08_08_11_34_35S/img_27,Мидской 
C:/Users/maill/WORK/Dataset/IMG_2024_08_08_11_34_35S/img_28,рик 
C:/Users/maill/WORK/Dataset/IMG_2024_08_08_11_34_35S/img_29,Злат. 
C:/Users/maill/WORK/Dataset/IMG_2024_08_08_11_34_35S/img_30,окр
C:/Users/maill/WORK/Dataset/IMG_2024_08_08_11_34_35S/img_31,малолеткам 
C:/Users/maill/WORK/Dataset/IMG_2024_08_08_11_34_35S/img_32,в 
C:/Users/maill/WORK/Dataset/IMG_2024_08_08_11_34_35S/img_33,праздник 
C:/Users/maill/WORK/Dataset/IMG_2024_08_08_11_34_35S/img_34,Чебарк 
C:/Users/maill/WORK/Dataset/IMG_2024_08_08_11_34_35S/img_35,Сейретения
C:/Users/maill/WORK/Dataset/IMG_2024_08_08_11_34_35S/img_36,вино 
C:/Users/maill/WORK/Dataset/IMG_2024_08_08_11_34_35S/img_37,и
C:/Users/maill/WORK/Dataset/IMG_2024_08_08_11_34_35S/img_38,казенной 
C:/Users/maill/WORK/Dataset/IMG_2024_08_08_11_34_35S/img_39,лавки 
C:/Users/maill/WORK/Dataset/IMG_2024_08_08_11_34_35S/img_40,откупалось 
C:/Users/maill/WORK/Dataset/IMG_2024_08_08_11_34_35S/img_41,и
C:/Users/maill/WORK/Dataset/IMG_2024_08_08_11_34_35S/img_42,сколь-
C:/Users/maill/WORK/Dataset/IMG_2024_08_08_11_34_35S/img_43,Ко 
C:/Users/maill/WORK/Dataset/IMG_2024_08_08_11_34_35S/img_44,угодно 
C:/Users/maill/WORK/Dataset/IMG_2024_08_08_11_34_35S/img_45,и 
C:/Users/maill/WORK/Dataset/IMG_2024_08_08_11_34_35S/img_46,пяным 
C:/Users/maill/WORK/Dataset/IMG_2024_08_08_11_34_35S/img_47,мужикам 
C:/Users/maill/WORK/Dataset/IMG_2024_08_08_11_34_35S/img_48,тоже 
C:/Users/maill/WORK/Dataset/IMG_2024_08_08_11_34_35S/img_49,самое
C:/Users/maill/WORK/Dataset/IMG_2024_08_08_11_34_35S/img_50,События 
C:/Users/maill/WORK/Dataset/IMG_2024_08_08_11_34_35S/img_51,праздники
C:/Users/maill/WORK/Dataset/IMG_2024_08_08_11_34_35S/img_52,дети 
C:/Users/maill/WORK/Dataset/IMG_2024_08_08_11_34_35S/img_53,школьного 
C:/Users/maill/WORK/Dataset/IMG_2024_08_08_11_34_35S/img_54,возроста 
C:/Users/maill/WORK/Dataset/IMG_2024_08_08_11_34_35S/img_55,на 
C:/Users/maill/WORK/Dataset/IMG_2024_08_08_11_34_35S/img_56,любой 
C:/Users/maill/WORK/Dataset/IMG_2024_08_08_11_34_35S/img_57,улице
C:/Users/maill/WORK/Dataset/IMG_2024_08_08_11_34_35S/img_58,можно 
C:/Users/maill/WORK/Dataset/IMG_2024_08_08_11_34_35S/img_59,было 
C:/Users/maill/WORK/Dataset/IMG_2024_08_08_11_34_35S/img_60,увадешь 
C:/Users/maill/WORK/Dataset/IMG_2024_08_08_11_34_35S/img_61,совершенно 
C:/Users/maill/WORK/Dataset/IMG_2024_08_08_11_34_35S/img_62,без 
C:/Users/maill/WORK/Dataset/IMG_2024_08_08_11_34_35S/img_63,сознания
C:/Users/maill/WORK/Dataset/IMG_2024_08_08_11_34_35S/img_64,Самогонился 
C:/Users/maill/WORK/Dataset/IMG_2024_08_08_11_34_35S/img_65,рекой 
C:/Users/maill/WORK/Dataset/IMG_2024_08_08_11_34_35S/img_66,хотя 
C:/Users/maill/WORK/Dataset/IMG_2024_08_08_11_34_35S/img_67,уже 
C:/Users/maill/WORK/Dataset/IMG_2024_08_08_11_34_35S/img_68,сообщялось
C:/Users/maill/WORK/Dataset/IMG_2024_08_08_11_34_35S/img_69,в 
C:/Users/maill/WORK/Dataset/IMG_2024_08_08_11_34_35S/img_70,нашей 
C:/Users/maill/WORK/Dataset/IMG_2024_08_08_11_34_35S/img_71,газете 
C:/Users/maill/WORK/Dataset/IMG_2024_08_08_11_34_35S/img_72,что 
C:/Users/maill/WORK/Dataset/IMG_2024_08_08_11_34_35S/img_73,многие 
C:/Users/maill/WORK/Dataset/IMG_2024_08_08_11_34_35S/img_74,потриктору 
C:/Users/maill/WORK/Dataset/IMG_2024_08_08_11_34_35S/img_75,пропил
C:/Users/maill/WORK/Dataset/IMG_2024_08_08_11_35_38S/img_1,но
C:/Users/maill/WORK/Dataset/IMG_2024_08_08_11_35_38S/img_2,и
C:/Users/maill/WORK/Dataset/IMG_2024_08_08_11_35_38S/img_3,наши
C:/Users/maill/WORK/Dataset/IMG_2024_08_08_11_35_38S/img_4,чебаркульцы
C:/Users/maill/WORK/Dataset/IMG_2024_08_08_11_35_38S/img_5,неподкачали
C:/Users/maill/WORK/Dataset/IMG_2024_08_08_11_35_38S/img_6,поумешило
C:/Users/maill/WORK/Dataset/IMG_2024_08_08_11_35_38S/img_7,хулигины
C:/Users/maill/WORK/Dataset/IMG_2024_08_08_11_35_38S/img_8,то же
C:/Users/maill/WORK/Dataset/IMG_2024_08_08_11_35_38S/img_9,ходили
C:/Users/maill/WORK/Dataset/IMG_2024_08_08_11_35_38S/img_10,ток
C:/Users/maill/WORK/Dataset/IMG_2024_08_08_11_35_38S/img_11,одному
C:/Users/maill/WORK/Dataset/IMG_2024_08_08_11_35_38S/img_12,гр.
C:/Users/maill/WORK/Dataset/IMG_2024_08_08_11_35_38S/img_13,проежающему
C:/Users/maill/WORK/Dataset/IMG_2024_08_08_11_35_38S/img_14,свиснули
C:/Users/maill/WORK/Dataset/IMG_2024_08_08_11_35_38S/img_15,по голове
C:/Users/maill/WORK/Dataset/IMG_2024_08_08_11_35_38S/img_16,и
C:/Users/maill/WORK/Dataset/IMG_2024_08_08_11_35_38S/img_17,проломили
C:/Users/maill/WORK/Dataset/IMG_2024_08_08_11_35_38S/img_18,голову
C:/Users/maill/WORK/Dataset/IMG_2024_08_08_11_35_38S/img_19,и
C:/Users/maill/WORK/Dataset/IMG_2024_08_08_11_35_38S/img_20,последний
C:/Users/maill/WORK/Dataset/IMG_2024_08_08_11_35_38S/img_21,как
C:/Users/maill/WORK/Dataset/IMG_2024_08_08_11_35_38S/img_22,приежий
C:/Users/maill/WORK/Dataset/IMG_2024_08_08_11_35_38S/img_23,не дознался
C:/Users/maill/WORK/Dataset/IMG_2024_08_08_11_35_38S/img_24,только
C:/Users/maill/WORK/Dataset/IMG_2024_08_08_11_35_38S/img_25,сразбитой
C:/Users/maill/WORK/Dataset/IMG_2024_08_08_11_35_38S/img_26,головой
C:/Users/maill/WORK/Dataset/IMG_2024_08_08_11_35_38S/img_27,сходил
C:/Users/maill/WORK/Dataset/IMG_2024_08_08_11_35_38S/img_28,на
C:/Users/maill/WORK/Dataset/IMG_2024_08_08_11_35_38S/img_29,перевязку
C:/Users/maill/WORK/Dataset/IMG_2024_08_08_11_35_38S/img_30,к
C:/Users/maill/WORK/Dataset/IMG_2024_08_08_11_35_38S/img_31,фельшеру
C:/Users/maill/WORK/Dataset/IMG_2024_08_08_11_35_38S/img_32,и
C:/Users/maill/WORK/Dataset/IMG_2024_08_08_11_35_38S/img_33,тем
C:/Users/maill/WORK/Dataset/IMG_2024_08_08_11_35_38S/img_34,как
C:/Users/maill/WORK/Dataset/IMG_2024_08_08_11_35_38S/img_35,шло
C:/Users/maill/WORK/Dataset/IMG_2024_08_08_11_35_38S/img_36,св.
C:/Users/maill/WORK/Dataset/IMG_2024_08_08_11_35_38S/img_37,гр.
C:/Users/maill/WORK/Dataset/IMG_2024_08_08_11_35_38S/img_38,Багачева
C:/Users/maill/WORK/Dataset/IMG_2024_08_08_11_35_38S/img_39,Николая
C:/Users/maill/WORK/Dataset/IMG_2024_08_08_11_35_38S/img_40,схозяйкой
C:/Users/maill/WORK/Dataset/IMG_2024_08_08_11_35_38S/img_41,при
C:/Users/maill/WORK/Dataset/IMG_2024_08_08_11_35_38S/img_42,осмотре
C:/Users/maill/WORK/Dataset/IMG_2024_08_08_11_35_38S/img_43,фельшаром
C:/Users/maill/WORK/Dataset/IMG_2024_08_08_11_35_38S/img_44,оказалась
C:/Users/maill/WORK/Dataset/IMG_2024_08_08_11_35_38S/img_45,сломано
C:/Users/maill/WORK/Dataset/IMG_2024_08_08_11_35_38S/img_46,переносье
C:/Users/maill/WORK/Dataset/IMG_2024_08_08_11_35_38S/img_47,и
C:/Users/maill/WORK/Dataset/IMG_2024_08_08_11_35_38S/img_48,поврежденой
C:/Users/maill/WORK/Dataset/IMG_2024_08_08_11_35_38S/img_49,глаз
C:/Users/maill/WORK/Dataset/IMG_2024_08_08_11_35_38S/img_50,и
C:/Users/maill/WORK/Dataset/IMG_2024_08_08_11_35_38S/img_51,голова
C:/Users/maill/WORK/Dataset/IMG_2024_08_08_11_35_38S/img_52,изломана
C:/Users/maill/WORK/Dataset/IMG_2024_08_08_11_35_38S/img_53,внескольких
C:/Users/maill/WORK/Dataset/IMG_2024_08_08_11_35_38S/img_54,местах
C:/Users/maill/WORK/Dataset/IMG_2024_08_08_11_35_38S/img_55,Кличка
C:/Users/maill/WORK/Dataset/IMG_2024_08_08_11_35_38S/img_56,Кошигин
C:/Users/maill/WORK/Dataset/IMG_2024_08_08_11_35_38S/img_57,Михаил
C:/Users/maill/WORK/Dataset/IMG_2024_08_08_11_35_38S/img_58,Петров
C:/Users/maill/WORK/Dataset/IMG_2024_08_08_11_58_41S/img_1,В
C:/Users/maill/WORK/Dataset/IMG_2024_08_08_11_58_41S/img_2,областную
C:/Users/maill/WORK/Dataset/IMG_2024_08_08_11_58_41S/img_3,Крестьянскую
C:/Users/maill/WORK/Dataset/IMG_2024_08_08_11_58_41S/img_4,газету
C:/Users/maill/WORK/Dataset/IMG_2024_08_08_11_58_41S/img_5,г. Свердловск
C:/Users/maill/WORK/Dataset/IMG_2024_08_08_11_58_41S/img_6,26
C:/Users/maill/WORK/Dataset/IMG_2024_08_08_11_58_41S/img_7,января
C:/Users/maill/WORK/Dataset/IMG_2024_08_08_11_58_41S/img_8,1926
C:/Users/maill/WORK/Dataset/IMG_2024_08_08_11_58_41S/img_9,Посылаю
C:/Users/maill/WORK/Dataset/IMG_2024_08_08_11_58_41S/img_10,для
C:/Users/maill/WORK/Dataset/IMG_2024_08_08_11_58_41S/img_11,Уральск
C:/Users/maill/WORK/Dataset/IMG_2024_08_08_11_58_41S/img_12,областной
C:/Users/maill/WORK/Dataset/IMG_2024_08_08_11_58_41S/img_13,крестьянск
C:/Users/maill/WORK/Dataset/IMG_2024_08_08_11_58_41S/img_14,газеты
C:/Users/maill/WORK/Dataset/IMG_2024_08_08_11_58_41S/img_15,заметку:
C:/Users/maill/WORK/Dataset/IMG_2024_08_08_11_58_41S/img_16,сынки
C:/Users/maill/WORK/Dataset/IMG_2024_08_08_11_58_41S/img_17,и
C:/Users/maill/WORK/Dataset/IMG_2024_08_08_11_58_41S/img_18,"пасынки"""
C:/Users/maill/WORK/Dataset/IMG_2024_08_08_12_03_16S/img_1,Адрес
C:/Users/maill/WORK/Dataset/IMG_2024_08_08_12_03_16S/img_2,мой:
C:/Users/maill/WORK/Dataset/IMG_2024_08_08_12_03_16S/img_3,гр
C:/Users/maill/WORK/Dataset/IMG_2024_08_08_12_03_16S/img_4,Кыштымско
C:/Users/maill/WORK/Dataset/IMG_2024_08_08_12_03_16S/img_5,Завод
C:/Users/maill/WORK/Dataset/IMG_2024_08_08_12_03_16S/img_6,свердловского
C:/Users/maill/WORK/Dataset/IMG_2024_08_08_12_03_16S/img_7,округа
C:/Users/maill/WORK/Dataset/IMG_2024_08_08_12_03_16S/img_8,проживаю
C:/Users/maill/WORK/Dataset/IMG_2024_08_08_12_03_16S/img_9,в
C:/Users/maill/WORK/Dataset/IMG_2024_08_08_12_03_16S/img_10,селе
C:/Users/maill/WORK/Dataset/IMG_2024_08_08_12_03_16S/img_11,булзи
C:/Users/maill/WORK/Dataset/IMG_2024_08_08_12_03_16S/img_12,Кослинского
C:/Users/maill/WORK/Dataset/IMG_2024_08_08_12_03_16S/img_13,раиона
C:/Users/maill/WORK/Dataset/IMG_2024_08_08_12_03_16S/img_15,округа
C:/Users/maill/WORK/Dataset/IMG_2024_08_08_12_03_16S/img_16,Коренькова
C:/Users/maill/WORK/Dataset/IMG_2024_08_08_12_03_16S/img_17,Елизавета
C:/Users/maill/WORK/Dataset/IMG_2024_08_08_12_03_16S/img_18,Григорьевна
C:/Users/maill/WORK/Dataset/IMG_2024_08_08_12_03_16S/img_19,Уральская
C:/Users/maill/WORK/Dataset/IMG_2024_08_08_12_03_16S/img_20,Областная
C:/Users/maill/WORK/Dataset/IMG_2024_08_08_12_03_16S/img_21,Крестьянская Газета.
C:/Users/maill/WORK/Dataset/IMG_2024_08_08_12_03_16S/img_22,№
C:/Users/maill/WORK/Dataset/IMG_2024_08_08_12_03_16S/img_23,1692
C:/Users/maill/WORK/Dataset/IMG_2024_08_08_12_03_16S/img_24,9
C:/Users/maill/WORK/Dataset/IMG_2024_08_08_12_03_16S/img_25,IV
C:/Users/maill/WORK/Dataset/IMG_2024_08_08_12_03_16S/img_26,1926
C:/Users/maill/WORK/Dataset/IMG_2024_08_08_12_03_16S/img_27,г.
C:/Users/maill/WORK/Dataset/IMG_2024_08_08_12_03_16S/img_28,Свердловская
C:/Users/maill/WORK/Dataset/IMG_2024_08_08_12_03_16S/img_30,На расследование
C:/Users/maill/WORK/Dataset/IMG_2024_08_08_12_03_16S/img_31,Cекретно.
C:/Users/maill/WORK/Dataset/IMG_2024_08_08_12_03_16S/img_32,Разглашание
C:/Users/maill/WORK/Dataset/IMG_2024_08_08_12_03_16S/img_33,фамилии
C:/Users/maill/WORK/Dataset/IMG_2024_08_08_12_03_16S/img_34,селькора
C:/Users/maill/WORK/Dataset/IMG_2024_08_08_12_03_16S/img_35,уголовное
C:/Users/maill/WORK/Dataset/IMG_2024_08_08_12_03_16S/img_36,преступление
C:/Users/maill/WORK/Dataset/IMG_2024_08_08_12_03_16S/img_37,О
C:/Users/maill/WORK/Dataset/IMG_2024_08_08_12_03_16S/img_38,результате
C:/Users/maill/WORK/Dataset/IMG_2024_08_08_12_03_16S/img_39,просьба
C:/Users/maill/WORK/Dataset/IMG_2024_08_08_12_03_16S/img_40,сообщить
C:/Users/maill/WORK/Dataset/IMG_2024_08_08_12_03_16S/img_41,с
C:/Users/maill/WORK/Dataset/IMG_2024_08_08_12_03_16S/img_42,возвратом
C:/Users/maill/WORK/Dataset/IMG_2024_08_08_12_03_16S/img_43,этого
C:/Users/maill/WORK/Dataset/IMG_2024_08_08_12_03_16S/img_44,письма.
C:/Users/maill/WORK/Dataset/IMG_2024_08_08_12_03_16S/img_45,Завед.
C:/Users/maill/WORK/Dataset/IMG_2024_08_08_12_03_16S/img_46,Отд.
C:/Users/maill/WORK/Dataset/IMG_2024_08_08_12_03_16S/img_47,Крестьянских
C:/Users/maill/WORK/Dataset/IMG_2024_08_08_12_03_16S/img_48,писем
C:/Users/maill/WORK/Dataset/IMG_2024_08_08_12_03_16S/img_49,Пав.
C:/Users/maill/WORK/Dataset/IMG_2024_08_08_12_03_16S/img_50,Бажов
C:/Users/maill/WORK/Dataset/iMG_2024_08_08_12_34_52S/img_1,и
C:/Users/maill/WORK/Dataset/iMG_2024_08_08_12_34_52S/img_2,сходах
C:/Users/maill/WORK/Dataset/iMG_2024_08_08_12_34_52S/img_3,беднота
C:/Users/maill/WORK/Dataset/iMG_2024_08_08_12_34_52S/img_4,откликнись
C:/Users/maill/WORK/Dataset/iMG_2024_08_08_12_34_52S/img_5,против
C:/Users/maill/WORK/Dataset/iMG_2024_08_08_12_34_52S/img_6,кулака
C:/Users/maill/WORK/Dataset/iMG_2024_08_08_12_34_52S/img_7,эксплотарю
C:/Users/maill/WORK/Dataset/iMG_2024_08_08_12_34_52S/img_8,ра
C:/Users/maill/WORK/Dataset/iMG_2024_08_08_12_34_52S/img_9,Авторъ
C:/Users/maill/WORK/Dataset/iMG_2024_08_08_12_34_52S/img_10,писма
C:/Users/maill/WORK/Dataset/iMG_2024_08_08_12_34_52S/img_11,Граждание
C:/Users/maill/WORK/Dataset/iMG_2024_08_08_12_34_52S/img_12,той
C:/Users/maill/WORK/Dataset/iMG_2024_08_08_12_34_52S/img_13,же
C:/Users/maill/WORK/Dataset/iMG_2024_08_08_12_34_52S/img_14,деревни
C:/Users/maill/WORK/Dataset/iMG_2024_08_08_12_34_52S/img_15,Д.В-пещер.
C:/Users/maill/WORK/Dataset/iMG_2024_08_08_12_34_52S/img_16,Гореки
C:/Users/maill/WORK/Dataset/iMG_2024_08_08_12_34_52S/img_17,сель
C:/Users/maill/WORK/Dataset/iMG_2024_08_08_12_34_52S/img_18,совет
C:/Users/maill/WORK/Dataset/iMG_2024_08_08_12_34_52S/img_19,Осин.
C:/Users/maill/WORK/Dataset/iMG_2024_08_08_12_34_52S/img_20,Рай
C:/Users/maill/WORK/Dataset/iMG_2024_08_08_12_34_52S/img_21,Тимофеи
C:/Users/maill/WORK/Dataset/iMG_2024_08_08_12_34_52S/img_22,Григорьвич
C:/Users/maill/WORK/Dataset/iMG_2024_08_08_12_34_52S/img_23,Шестаков
C:/Users/maill/WORK/Dataset/IMG_2024_08_08_13_01_35S/img_1,В
C:/Users/maill/WORK/Dataset/IMG_2024_08_08_13_01_35S/img_2,редакцию
C:/Users/maill/WORK/Dataset/IMG_2024_08_08_13_01_35S/img_3,Уральской
C:/Users/maill/WORK/Dataset/IMG_2024_08_08_13_01_35S/img_4,Крестьянской
C:/Users/maill/WORK/Dataset/IMG_2024_08_08_13_01_35S/img_5,"газеты"""
C:/Users/maill/WORK/Dataset/IMG_2024_08_08_13_01_35S/img_6,от
C:/Users/maill/WORK/Dataset/IMG_2024_08_08_13_01_35S/img_7,секретаря
C:/Users/maill/WORK/Dataset/IMG_2024_08_08_13_01_35S/img_8,Ярсковского
C:/Users/maill/WORK/Dataset/IMG_2024_08_08_13_01_35S/img_9,района
C:/Users/maill/WORK/Dataset/IMG_2024_08_08_13_01_35S/img_10,Тюм
C:/Users/maill/WORK/Dataset/IMG_2024_08_08_13_01_35S/img_11,окр.
C:/Users/maill/WORK/Dataset/IMG_2024_08_08_13_01_35S/img_12,Деловое
C:/Users/maill/WORK/Dataset/IMG_2024_08_08_13_01_35S/img_13,собрание
C:/Users/maill/WORK/Dataset/IMG_2024_08_08_13_01_35S/img_14,В.С.
C:/Users/maill/WORK/Dataset/IMG_2024_08_08_13_01_35S/img_15,Кузнецком
C:/Users/maill/WORK/Dataset/IMG_2024_08_08_13_01_35S/img_16,Квиштинского
C:/Users/maill/WORK/Dataset/IMG_2024_08_08_13_01_35S/img_17,района
C:/Users/maill/WORK/Dataset/IMG_2024_08_08_13_01_35S/img_18,Св.
C:/Users/maill/WORK/Dataset/IMG_2024_08_08_13_01_35S/img_19,окр.
C:/Users/maill/WORK/Dataset/IMG_2024_08_08_13_01_35S/img_20,11
C:/Users/maill/WORK/Dataset/IMG_2024_08_08_13_01_35S/img_21,июня
C:/Users/maill/WORK/Dataset/IMG_2024_08_08_13_01_35S/img_22,Сельсоветом
C:/Users/maill/WORK/Dataset/IMG_2024_08_08_13_01_35S/img_23,было
C:/Users/maill/WORK/Dataset/IMG_2024_08_08_13_01_35S/img_24,созвано
C:/Users/maill/WORK/Dataset/IMG_2024_08_08_13_01_35S/img_25,общее
C:/Users/maill/WORK/Dataset/IMG_2024_08_08_13_01_35S/img_26,собр.
C:/Users/maill/WORK/Dataset/IMG_2024_08_08_13_01_35S/img_27,гр-н.
C:/Users/maill/WORK/Dataset/IMG_2024_08_08_13_01_35S/img_28,Присутствовало
C:/Users/maill/WORK/Dataset/IMG_2024_08_08_13_01_35S/img_29,113
C:/Users/maill/WORK/Dataset/IMG_2024_08_08_13_01_35S/img_30,человек
C:/Users/maill/WORK/Dataset/IMG_2024_08_08_13_01_35S/img_31,Повестка
C:/Users/maill/WORK/Dataset/IMG_2024_08_08_13_01_35S/img_32,дня
C:/Users/maill/WORK/Dataset/IMG_2024_08_08_13_01_35S/img_33,состояла
C:/Users/maill/WORK/Dataset/IMG_2024_08_08_13_01_35S/img_34,из
C:/Users/maill/WORK/Dataset/IMG_2024_08_08_13_01_35S/img_35,5
C:/Users/maill/WORK/Dataset/IMG_2024_08_08_13_01_35S/img_36,вопросов
C:/Users/maill/WORK/Dataset/IMG_2024_08_08_13_01_35S/img_37,из
C:/Users/maill/WORK/Dataset/IMG_2024_08_08_13_01_35S/img_38,коих
C:/Users/maill/WORK/Dataset/IMG_2024_08_08_13_01_35S/img_39,3
C:/Users/maill/WORK/Dataset/IMG_2024_08_08_13_01_35S/img_40,дополнено
C:/Users/maill/WORK/Dataset/IMG_2024_08_08_13_01_35S/img_41,самом
C:/Users/maill/WORK/Dataset/IMG_2024_08_08_13_01_35S/img_42,собранием
C:/Users/maill/WORK/Dataset/IMG_2024_08_08_13_01_35S/img_43,Вопросы
C:/Users/maill/WORK/Dataset/IMG_2024_08_08_13_01_35S/img_44,были:
C:/Users/maill/WORK/Dataset/IMG_2024_08_08_13_01_35S/img_45,отчет
C:/Users/maill/WORK/Dataset/IMG_2024_08_08_13_01_35S/img_46,выкупе
C:/Users/maill/WORK/Dataset/IMG_2024_08_08_13_01_35S/img_47,хвои;
C:/Users/maill/WORK/Dataset/IMG_2024_08_08_13_01_35S/img_48,об
C:/Users/maill/WORK/Dataset/IMG_2024_08_08_13_01_35S/img_49,укрупнении
C:/Users/maill/WORK/Dataset/IMG_2024_08_08_13_01_35S/img_50,объединения
C:/Users/maill/WORK/Dataset/IMG_2024_08_08_13_01_35S/img_51,скотских
C:/Users/maill/WORK/Dataset/IMG_2024_08_08_13_01_35S/img_52,табунов
C:/Users/maill/WORK/Dataset/IMG_2024_08_08_13_01_35S/img_53,и
C:/Users/maill/WORK/Dataset/IMG_2024_08_08_13_01_35S/img_54,разные
C:/Users/maill/WORK/Dataset/IMG_2024_08_08_13_03_32S/img_1,В
C:/Users/maill/WORK/Dataset/IMG_2024_08_08_13_03_32S/img_2,общем
C:/Users/maill/WORK/Dataset/IMG_2024_08_08_13_03_32S/img_3,собрание
C:/Users/maill/WORK/Dataset/IMG_2024_08_08_13_03_32S/img_4,было
C:/Users/maill/WORK/Dataset/IMG_2024_08_08_13_03_32S/img_5,деловое
C:/Users/maill/WORK/Dataset/IMG_2024_08_08_13_03_32S/img_6,мне
C:/Users/maill/WORK/Dataset/IMG_2024_08_08_13_03_32S/img_7,работающему
C:/Users/maill/WORK/Dataset/IMG_2024_08_08_13_03_32S/img_8,в
C:/Users/maill/WORK/Dataset/IMG_2024_08_08_13_03_32S/img_9,этом
C:/Users/maill/WORK/Dataset/IMG_2024_08_08_13_03_32S/img_10,челе
C:/Users/maill/WORK/Dataset/IMG_2024_08_08_13_03_32S/img_11,4
C:/Users/maill/WORK/Dataset/IMG_2024_08_08_13_03_32S/img_12,года
C:/Users/maill/WORK/Dataset/IMG_2024_08_08_13_03_32S/img_13,тому
C:/Users/maill/WORK/Dataset/IMG_2024_08_08_13_03_32S/img_14,"назад,"
C:/Users/maill/WORK/Dataset/IMG_2024_08_08_13_03_32S/img_15,кажется
C:/Users/maill/WORK/Dataset/IMG_2024_08_08_13_03_32S/img_16,население
C:/Users/maill/WORK/Dataset/IMG_2024_08_08_13_03_32S/img_17,ввыросло
C:/Users/maill/WORK/Dataset/IMG_2024_08_08_13_03_32S/img_18,за
C:/Users/maill/WORK/Dataset/IMG_2024_08_08_13_03_32S/img_19,4
C:/Users/maill/WORK/Dataset/IMG_2024_08_08_13_03_32S/img_20,года
C:/Users/maill/WORK/Dataset/IMG_2024_08_08_13_03_32S/img_21,на
C:/Users/maill/WORK/Dataset/IMG_2024_08_08_13_03_32S/img_22,10-15
C:/Users/maill/WORK/Dataset/IMG_2024_08_08_13_03_32S/img_23,лет
C:/Users/maill/WORK/Dataset/IMG_2024_08_08_13_03_32S/img_24,"выше,"
C:/Users/maill/WORK/Dataset/IMG_2024_08_08_13_03_32S/img_25,культурнее
C:/Users/maill/WORK/Dataset/IMG_2024_08_08_13_03_32S/img_26,против
C:/Users/maill/WORK/Dataset/IMG_2024_08_08_13_03_32S/img_27,до
C:/Users/maill/WORK/Dataset/IMG_2024_08_08_13_03_32S/img_28,революционного.
C:/Users/maill/WORK/Dataset/IMG_2024_08_08_13_03_32S/img_29,2/
C:/Users/maill/WORK/Dataset/IMG_2024_08_08_13_03_32S/img_30,VI
C:/Users/maill/WORK/Dataset/IMG_2024_08_08_13_03_32S/img_31,26
C:/Users/maill/WORK/Dataset/IMG_2024_08_08_13_03_32S/img_32,года.
C:/Users/maill/WORK/Dataset/IMG_2024_08_08_13_03_32S/img_33,ИКнириянов
C:/Users/maill/WORK/Dataset/IMG_2024_08_08_13_03_32S/img_34,Адрес
C:/Users/maill/WORK/Dataset/IMG_2024_08_08_13_03_32S/img_35,мой:
C:/Users/maill/WORK/Dataset/IMG_2024_08_08_13_03_32S/img_36,"Ярковское,"
C:/Users/maill/WORK/Dataset/IMG_2024_08_08_13_03_32S/img_37,Тюм окр.
C:/Users/maill/WORK/Dataset/IMG_2024_08_08_13_03_32S/img_38,Ур. обл.
C:/Users/maill/WORK/Dataset/IMG_2024_08_08_13_03_32S/img_39,Райным
C:/Users/maill/WORK/Dataset/IMG_2024_08_08_13_03_32S/img_40,Вкп(Б)
C:/Users/maill/WORK/Dataset/IMG_2024_08_08_13_03_32S/img_41,Киприянову И. Т.
C:/Users/maill/WORK/Dataset/IMG_2024_08_08_13_03_32S/img_42,О
C:/Users/maill/WORK/Dataset/IMG_2024_08_08_13_03_32S/img_43,Собрании
C:/Users/maill/WORK/Dataset/IMG_2024_08_08_13_03_32S/img_44,я
C:/Users/maill/WORK/Dataset/IMG_2024_08_08_13_03_32S/img_45,описываю
C:/Users/maill/WORK/Dataset/IMG_2024_08_08_13_03_32S/img_46,как
C:/Users/maill/WORK/Dataset/IMG_2024_08_08_13_03_32S/img_47,очеви
C:/Users/maill/WORK/Dataset/IMG_2024_08_08_13_03_32S/img_48,"дец,"
C:/Users/maill/WORK/Dataset/IMG_2024_08_08_13_03_32S/img_49,присутствовал
C:/Users/maill/WORK/Dataset/IMG_2024_08_08_13_03_32S/img_50,во
C:/Users/maill/WORK/Dataset/IMG_2024_08_08_13_03_32S/img_51,время
C:/Users/maill/WORK/Dataset/IMG_2024_08_08_13_03_32S/img_52,отпуска
C:/Users/maill/WORK/Dataset/IMG_2024_08_08_13_03_32S/img_53,ИКнириянов
C:/Users/maill/WORK/Dataset/IMG_2024_08_08_13_03_45S/img_1,г. Свердловск
C:/Users/maill/WORK/Dataset/IMG_2024_08_08_13_03_45S/img_2,дом.
C:/Users/maill/WORK/Dataset/IMG_2024_08_08_13_03_45S/img_3,Крестьянина
C:/Users/maill/WORK/Dataset/IMG_2024_08_08_13_03_45S/img_4,Редакции
C:/Users/maill/WORK/Dataset/IMG_2024_08_08_13_03_45S/img_5,Крестьянской
C:/Users/maill/WORK/Dataset/IMG_2024_08_08_13_03_45S/img_6,"газеты"""
C:/Users/maill/WORK/Dataset/IMG_2024_08_08_13_03_45S/img_7,"Ярковское,"
C:/Users/maill/WORK/Dataset/IMG_2024_08_08_13_03_45S/img_8,Тюм. окр.
C:/Users/maill/WORK/Dataset/IMG_2024_08_08_13_05_21S/img_1,2)
C:/Users/maill/WORK/Dataset/IMG_2024_08_08_13_05_21S/img_2,Кобылица
C:/Users/maill/WORK/Dataset/IMG_2024_08_08_13_05_21S/img_3,Масти
C:/Users/maill/WORK/Dataset/IMG_2024_08_08_13_05_21S/img_4,"гнедо-каряя,"
C:/Users/maill/WORK/Dataset/IMG_2024_08_08_13_05_21S/img_5," Возраст 2 лет,"
C:/Users/maill/WORK/Dataset/IMG_2024_08_08_13_05_21S/img_6,рост
C:/Users/maill/WORK/Dataset/IMG_2024_08_08_13_05_21S/img_7,примерно
C:/Users/maill/WORK/Dataset/IMG_2024_08_08_13_05_21S/img_8,50
C:/Users/maill/WORK/Dataset/IMG_2024_08_08_13_05_21S/img_9,"приметы,"
C:/Users/maill/WORK/Dataset/IMG_2024_08_08_13_05_21S/img_10,грива на
C:/Users/maill/WORK/Dataset/IMG_2024_08_08_13_05_21S/img_11,право.
C:/Users/maill/WORK/Dataset/IMG_2024_08_08_13_05_21S/img_12,Уши
C:/Users/maill/WORK/Dataset/IMG_2024_08_08_13_05_21S/img_13,"целы,"
C:/Users/maill/WORK/Dataset/IMG_2024_08_08_13_05_21S/img_14,на
C:/Users/maill/WORK/Dataset/IMG_2024_08_08_13_05_21S/img_15,правой
C:/Users/maill/WORK/Dataset/IMG_2024_08_08_13_05_21S/img_16,задние
C:/Users/maill/WORK/Dataset/IMG_2024_08_08_13_05_21S/img_18,тавро
C:/Users/maill/WORK/Dataset/IMG_2024_08_08_13_05_21S/img_19,"«С"""
C:/Users/maill/WORK/Dataset/IMG_2024_08_08_13_05_21S/img_20,на
C:/Users/maill/WORK/Dataset/IMG_2024_08_08_13_05_21S/img_21,лбу
C:/Users/maill/WORK/Dataset/IMG_2024_08_08_13_05_21S/img_22,между
C:/Users/maill/WORK/Dataset/IMG_2024_08_08_13_05_21S/img_23,глаз
C:/Users/maill/WORK/Dataset/IMG_2024_08_08_13_05_21S/img_24,пегоская
C:/Users/maill/WORK/Dataset/IMG_2024_08_08_13_05_21S/img_25,"Яма,"
C:/Users/maill/WORK/Dataset/IMG_2024_08_08_13_05_21S/img_26,на
C:/Users/maill/WORK/Dataset/IMG_2024_08_08_13_05_21S/img_27,горле
C:/Users/maill/WORK/Dataset/IMG_2024_08_08_13_05_21S/img_28,пуи
C:/Users/maill/WORK/Dataset/IMG_2024_08_08_13_05_21S/img_29,рубца:
C:/Users/maill/WORK/Dataset/IMG_2024_08_08_13_05_21S/img_30,от
C:/Users/maill/WORK/Dataset/IMG_2024_08_08_13_05_21S/img_31,вольвна
C:/Users/maill/WORK/Dataset/IMG_2024_08_08_13_05_21S/img_32,Зубов.
C:/Users/maill/WORK/Dataset/IMG_2024_08_08_13_05_21S/img_33,собщишь
C:/Users/maill/WORK/Dataset/IMG_2024_08_08_13_05_21S/img_34,по
C:/Users/maill/WORK/Dataset/IMG_2024_08_08_13_05_21S/img_35,адресу:
C:/Users/maill/WORK/Dataset/IMG_2024_08_08_13_05_21S/img_36,"с. Байкановское,"
C:/Users/maill/WORK/Dataset/IMG_2024_08_08_13_05_21S/img_37,Ирбитс
C:/Users/maill/WORK/Dataset/IMG_2024_08_08_13_05_21S/img_38,кого
C:/Users/maill/WORK/Dataset/IMG_2024_08_08_13_05_21S/img_39,округа
C:/Users/maill/WORK/Dataset/IMG_2024_08_08_13_05_21S/img_40,гр-ну
C:/Users/maill/WORK/Dataset/IMG_2024_08_08_13_05_21S/img_41,Соколову
C:/Users/maill/WORK/Dataset/IMG_2024_08_08_13_05_21S/img_42,Петру
C:/Users/maill/WORK/Dataset/IMG_2024_08_08_13_05_21S/img_43,Констан
C:/Users/maill/WORK/Dataset/IMG_2024_08_08_13_05_21S/img_44,тиновичу
C:/Users/maill/WORK/Dataset/IMG_2024_08_08_13_05_21S/img_45,за
C:/Users/maill/WORK/Dataset/IMG_2024_08_08_13_05_21S/img_46,"сообщение,"
C:/Users/maill/WORK/Dataset/IMG_2024_08_08_13_05_21S/img_47,могу
C:/Users/maill/WORK/Dataset/IMG_2024_08_08_13_05_21S/img_48,уплотить
C:/Users/maill/WORK/Dataset/IMG_2024_08_08_13_05_21S/img_49,по
C:/Users/maill/WORK/Dataset/IMG_2024_08_08_13_05_21S/img_50,Соглашению
C:/Users/maill/WORK/Dataset/IMG_2024_08_08_13_05_21S/img_51,примерно
C:/Users/maill/WORK/Dataset/IMG_2024_08_08_13_05_21S/img_52,до
C:/Users/maill/WORK/Dataset/IMG_2024_08_08_13_05_21S/img_53,20
C:/Users/maill/WORK/Dataset/IMG_2024_08_08_13_05_21S/img_54,рублей
C:/Users/maill/WORK/Dataset/IMG_2024_08_08_13_05_21S/img_55,Проситель
C:/Users/maill/WORK/Dataset/IMG_2024_08_08_13_05_21S/img_56,Соколов
C:/Users/maill/WORK/Dataset/IMG_2024_08_08_13_25_10S/img_1,выясненый
C:/Users/maill/WORK/Dataset/IMG_2024_08_08_13_25_10S/img_2,что
C:/Users/maill/WORK/Dataset/IMG_2024_08_08_13_25_10S/img_3,если
C:/Users/maill/WORK/Dataset/IMG_2024_08_08_13_25_10S/img_4,кшо
C:/Users/maill/WORK/Dataset/IMG_2024_08_08_13_25_10S/img_5,из
C:/Users/maill/WORK/Dataset/IMG_2024_08_08_13_25_10S/img_6,гарь
C:/Users/maill/WORK/Dataset/IMG_2024_08_08_13_25_10S/img_8,понадеш
C:/Users/maill/WORK/Dataset/IMG_2024_08_08_13_25_10S/img_9,хотя
C:/Users/maill/WORK/Dataset/IMG_2024_08_08_13_25_10S/img_10,с жердями
C:/Users/maill/WORK/Dataset/IMG_2024_08_08_13_25_10S/img_11,на
C:/Users/maill/WORK/Dataset/IMG_2024_08_08_13_25_10S/img_12,15 R
C:/Users/maill/WORK/Dataset/IMG_2024_08_08_13_25_10S/img_13,поставили
C:/Users/maill/WORK/Dataset/IMG_2024_08_08_13_25_10S/img_14,протокол
C:/Users/maill/WORK/Dataset/IMG_2024_08_08_13_25_10S/img_15,на
C:/Users/maill/WORK/Dataset/IMG_2024_08_08_13_25_10S/img_16,15 р
C:/Users/maill/WORK/Dataset/IMG_2024_08_08_13_25_10S/img_17,загр
C:/Users/maill/WORK/Dataset/IMG_2024_08_08_13_25_10S/img_18,что
C:/Users/maill/WORK/Dataset/IMG_2024_08_08_13_25_10S/img_19,напоили
C:/Users/maill/WORK/Dataset/IMG_2024_08_08_13_25_10S/img_20,а
C:/Users/maill/WORK/Dataset/IMG_2024_08_08_13_25_10S/img_21,ненакормили
C:/Users/maill/WORK/Dataset/IMG_2024_08_08_13_25_10S/img_22,скольго
C:/Users/maill/WORK/Dataset/IMG_2024_08_08_13_25_10S/img_23,раз
C:/Users/maill/WORK/Dataset/IMG_2024_08_08_13_25_10S/img_24,приезжаем
C:/Users/maill/WORK/Dataset/IMG_2024_08_08_13_25_10S/img_25,все
C:/Users/maill/WORK/Dataset/IMG_2024_08_08_13_25_10S/img_27,голодом
C:/Users/maill/WORK/Dataset/IMG_2024_08_08_13_25_10S/img_28,"уезжаем,"
C:/Users/maill/WORK/Dataset/IMG_2024_08_08_13_25_10S/img_29,если
C:/Users/maill/WORK/Dataset/IMG_2024_08_08_13_25_10S/img_30,кто
C:/Users/maill/WORK/Dataset/IMG_2024_08_08_13_25_10S/img_31,увезет
C:/Users/maill/WORK/Dataset/IMG_2024_08_08_13_25_10S/img_32,дерево
C:/Users/maill/WORK/Dataset/IMG_2024_08_08_13_25_10S/img_33,из
C:/Users/maill/WORK/Dataset/IMG_2024_08_08_13_25_10S/img_34,казны
C:/Users/maill/WORK/Dataset/IMG_2024_08_08_13_25_10S/img_35,то
C:/Users/maill/WORK/Dataset/IMG_2024_08_08_13_25_10S/img_36,приходят
C:/Users/maill/WORK/Dataset/IMG_2024_08_08_13_25_10S/img_37,надом
C:/Users/maill/WORK/Dataset/IMG_2024_08_08_13_25_10S/img_38,и
C:/Users/maill/WORK/Dataset/IMG_2024_08_08_13_25_10S/img_39,просят
C:/Users/maill/WORK/Dataset/IMG_2024_08_08_13_25_10S/img_40,угошение
C:/Users/maill/WORK/Dataset/IMG_2024_08_08_13_25_10S/img_41,кто
C:/Users/maill/WORK/Dataset/IMG_2024_08_08_13_25_10S/img_42,угостит
C:/Users/maill/WORK/Dataset/IMG_2024_08_08_13_25_10S/img_43,твие
C:/Users/maill/WORK/Dataset/IMG_2024_08_08_13_25_10S/img_44,кончется
C:/Users/maill/WORK/Dataset/IMG_2024_08_08_13_25_10S/img_45,беспорядок
C:/Users/maill/WORK/Dataset/IMG_2024_08_08_13_25_10S/img_46,в
C:/Users/maill/WORK/Dataset/IMG_2024_08_08_13_25_10S/img_47,лесной
C:/Users/maill/WORK/Dataset/IMG_2024_08_08_13_25_10S/img_48,страже
C:/Users/maill/WORK/Dataset/IMG_2024_08_08_13_25_10S/img_49,немешалобы
C:/Users/maill/WORK/Dataset/IMG_2024_08_08_13_25_10S/img_50,удачный
C:/Users/maill/WORK/Dataset/IMG_2024_08_08_13_25_10S/img_51,жаковый
C:/Users/maill/WORK/Dataset/IMG_2024_08_08_13_25_10S/img_52,порядок
C:/Users/maill/WORK/Dataset/IMG_2024_08_08_13_25_10S/img_53,из
C:/Users/maill/WORK/Dataset/IMG_2024_08_08_13_25_10S/img_54,Чердынского
C:/Users/maill/WORK/Dataset/IMG_2024_08_08_13_25_10S/img_55,лесничества
C:/Users/maill/WORK/Dataset/IMG_2024_08_08_13_25_10S/img_56,1926
C:/Users/maill/WORK/Dataset/IMG_2024_08_08_13_25_10S/img_57,9
C:/Users/maill/WORK/Dataset/IMG_2024_08_08_13_25_10S/img_58,Июня
C:/Users/maill/WORK/Dataset/IMG_2024_08_08_13_25_10S/img_59,гр
C:/Users/maill/WORK/Dataset/IMG_2024_08_08_13_25_10S/img_60,ду
C:/Users/maill/WORK/Dataset/IMG_2024_08_08_13_25_10S/img_61,Горевои
C:/Users/maill/WORK/Dataset/IMG_2024_08_08_13_25_10S/img_62,Русинов Ч. Т.
C:/Users/maill/WORK/Dataset/IMG_2024_08_08_13_25_10S/img_63,Жулановского
C:/Users/maill/WORK/Dataset/IMG_2024_08_08_13_25_10S/img_64,с\с
C:/Users/maill/WORK/Dataset/IMG_2024_08_08_13_25_10S/img_65,верхакамского окр.
C:/Users/maill/WORK/Dataset/IMG_2024_08_08_13_25_10S/img_66,Соликам
C:/Users/maill/WORK/Dataset/IMG_2024_08_08_13_25_10S/img_67,раиона
C:/Users/maill/WORK/Dataset/5_1/img (1),1.5Х.
C:/Users/maill/WORK/Dataset/5_1/img (2),в
C:/Users/maill/WORK/Dataset/5_1/img (3),Редакцию
C:/Users/maill/WORK/Dataset/5_1/img (4),Крестьянской
C:/Users/maill/WORK/Dataset/5_1/img (5),газеты
C:/Users/maill/WORK/Dataset/5_1/img (6),1929г.
C:/Users/maill/WORK/Dataset/5_1/img (7),1929-10-30 00:00:00
C:/Users/maill/WORK/Dataset/5_1/img (8),От
C:/Users/maill/WORK/Dataset/5_1/img (9),Гр-на
C:/Users/maill/WORK/Dataset/5_1/img (10),д.
C:/Users/maill/WORK/Dataset/5_1/img (11),В-Боськи
C:/Users/maill/WORK/Dataset/5_1/img (12),Николаевского
C:/Users/maill/WORK/Dataset/5_1/img (13),С/совет
C:/Users/maill/WORK/Dataset/5_1/img (14),Сысертского
C:/Users/maill/WORK/Dataset/5_1/img (15),Района
C:/Users/maill/WORK/Dataset/5_1/img (16),Сверловского
C:/Users/maill/WORK/Dataset/5_1/img (17),Округа
C:/Users/maill/WORK/Dataset/5_1/img (18),Уральской
C:/Users/maill/WORK/Dataset/5_1/img (19),обл.
C:/Users/maill/WORK/Dataset/5_1/img (20),Пьянкова
C:/Users/maill/WORK/Dataset/5_1/img (21),Василия
C:/Users/maill/WORK/Dataset/5_1/img (22),Яковлева
C:/Users/maill/WORK/Dataset/5_1/img (23),Возвание
C:/Users/maill/WORK/Dataset/5_1/img (24),и
C:/Users/maill/WORK/Dataset/5_1/img (25),моя
C:/Users/maill/WORK/Dataset/5_1/img (26),обстановка
C:/Users/maill/WORK/Dataset/5_1/img (27),жизни
C:/Users/maill/WORK/Dataset/5_1/img (28),вдальнейшем
C:/Users/maill/WORK/Dataset/5_1/img (29),Я
C:/Users/maill/WORK/Dataset/5_1/img (30),сын
C:/Users/maill/WORK/Dataset/5_1/img (31),крестьянина
C:/Users/maill/WORK/Dataset/5_1/img (32),средняка
C:/Users/maill/WORK/Dataset/5_1/img (33),родился
C:/Users/maill/WORK/Dataset/5_1/img (34),в
C:/Users/maill/WORK/Dataset/5_1/img (35),1902
C:/Users/maill/WORK/Dataset/5_1/img (36),году.
C:/Users/maill/WORK/Dataset/5_1/img (37),в
C:/Users/maill/WORK/Dataset/5_1/img (38),1911году
C:/Users/maill/WORK/Dataset/5_1/img (39),родители
C:/Users/maill/WORK/Dataset/5_1/img (40),меня
C:/Users/maill/WORK/Dataset/5_1/img (41),отдали
C:/Users/maill/WORK/Dataset/5_1/img (42),в
C:/Users/maill/WORK/Dataset/5_1/img (43),"с/школу,"
C:/Users/maill/WORK/Dataset/5_1/img (44),я
C:/Users/maill/WORK/Dataset/5_1/img (45),школу
C:/Users/maill/WORK/Dataset/5_1/img (46),окончил
C:/Users/maill/WORK/Dataset/5_1/img (47),сдал
C:/Users/maill/WORK/Dataset/5_1/img (48),"экзамент,"
C:/Users/maill/WORK/Dataset/5_1/img (49),и
C:/Users/maill/WORK/Dataset/5_1/img (50),до
C:/Users/maill/WORK/Dataset/5_1/img (51),1915года
C:/Users/maill/WORK/Dataset/5_1/img (52),я
C:/Users/maill/WORK/Dataset/5_1/img (53),работал
C:/Users/maill/WORK/Dataset/5_1/img (54),в
C:/Users/maill/WORK/Dataset/5_1/img (55),с/хозяйстве
C:/Users/maill/WORK/Dataset/5_1/img (56),со
C:/Users/maill/WORK/Dataset/5_1/img (57),своими
C:/Users/maill/WORK/Dataset/5_1/img (58),"родителями,"
C:/Users/maill/WORK/Dataset/5_1/img (59),в
C:/Users/maill/WORK/Dataset/5_1/img (60),1915
C:/Users/maill/WORK/Dataset/5_1/img (61),году
C:/Users/maill/WORK/Dataset/5_1/img (62),у
C:/Users/maill/WORK/Dataset/5_1/img (63),меня
C:/Users/maill/WORK/Dataset/5_1/img (64),родителя
C:/Users/maill/WORK/Dataset/5_1/img (65),взяли
C:/Users/maill/WORK/Dataset/5_1/img (66),на
C:/Users/maill/WORK/Dataset/5_1/img (67),империалистическую
C:/Users/maill/WORK/Dataset/5_1/img (68),войну
C:/Users/maill/WORK/Dataset/5_1/img (69),после
C:/Users/maill/WORK/Dataset/5_1/img (70),которой
C:/Users/maill/WORK/Dataset/5_1/img (71),он
C:/Users/maill/WORK/Dataset/5_1/img (72),пришел
C:/Users/maill/WORK/Dataset/5_1/img (73),в
C:/Users/maill/WORK/Dataset/5_1/img (74),1917
C:/Users/maill/WORK/Dataset/5_1/img (75),году
C:/Users/maill/WORK/Dataset/5_1/img (76),больным.
C:/Users/maill/WORK/Dataset/5_1/img (77),Мы
C:/Users/maill/WORK/Dataset/5_1/img (78),вто
C:/Users/maill/WORK/Dataset/5_1/img (79),время
C:/Users/maill/WORK/Dataset/5_1/img (80),жили
C:/Users/maill/WORK/Dataset/5_1/img (81),посреднему
C:/Users/maill/WORK/Dataset/5_1/img (82),семья
C:/Users/maill/WORK/Dataset/5_1/img (83),была
C:/Users/maill/WORK/Dataset/5_1/img (84),8
C:/Users/maill/WORK/Dataset/5_1/img (85),"чел,"
C:/Users/maill/WORK/Dataset/5_1/img (86),сеяли
C:/Users/maill/WORK/Dataset/5_1/img (87),2026-08-07 00:00:00
C:/Users/maill/WORK/Dataset/5_1/img (88),для
C:/Users/maill/WORK/Dataset/5_1/img (89),посева
C:/Users/maill/WORK/Dataset/5_1/img (90),всех
C:/Users/maill/WORK/Dataset/5_1/img (91),культур
C:/Users/maill/WORK/Dataset/5_1/img (92),имели
C:/Users/maill/WORK/Dataset/5_1/img (93),"машины,"
C:/Users/maill/WORK/Dataset/5_1/img (94),(1
C:/Users/maill/WORK/Dataset/5_1/img (95),)оппейку
C:/Users/maill/WORK/Dataset/5_1/img (96),"самосброску,"
C:/Users/maill/WORK/Dataset/5_1/img (97),и(
C:/Users/maill/WORK/Dataset/5_1/img (98),2)
C:/Users/maill/WORK/Dataset/5_1/img (99),"молотилку,"
C:/Users/maill/WORK/Dataset/5_1/img (100),в
C:/Users/maill/WORK/Dataset/5_1/img (101),1918
C:/Users/maill/WORK/Dataset/5_1/img (102),году
C:/Users/maill/WORK/Dataset/5_1/img (103),в
C:/Users/maill/WORK/Dataset/5_1/img (104),январе
C:/Users/maill/WORK/Dataset/5_1/img (105),месяце
C:/Users/maill/WORK/Dataset/5_1/img (106),мой
C:/Users/maill/WORK/Dataset/5_1/img (107),родитель
C:/Users/maill/WORK/Dataset/5_1/img (108),скончался.
C:/Users/maill/WORK/Dataset/5_1/img (109),осталось
C:/Users/maill/WORK/Dataset/5_1/img (110),хозяйство
C:/Users/maill/WORK/Dataset/5_1/img (111),под
C:/Users/maill/WORK/Dataset/5_1/img (112),мойм
C:/Users/maill/WORK/Dataset/5_1/img (113),руководством
C:/Users/maill/WORK/Dataset/5_1/img (114),но
C:/Users/maill/WORK/Dataset/5_1/img (115),с
C:/Users/maill/WORK/Dataset/5_1/img (116),этого
C:/Users/maill/WORK/Dataset/5_1/img (117),время
C:/Users/maill/WORK/Dataset/5_1/img (118),я
C:/Users/maill/WORK/Dataset/5_1/img (119),руководитель
C:/Users/maill/WORK/Dataset/5_1/img (120),был
C:/Users/maill/WORK/Dataset/5_1/img (121),"слаб,"
C:/Users/maill/WORK/Dataset/5_1/img (122),не
C:/Users/maill/WORK/Dataset/5_1/img (123),потому
C:/Users/maill/WORK/Dataset/5_1/img (124),я
C:/Users/maill/WORK/Dataset/5_1/img (125),был
C:/Users/maill/WORK/Dataset/5_1/img (126),что
C:/Users/maill/WORK/Dataset/5_1/img (127),"молодой,"
C:/Users/maill/WORK/Dataset/5_1/img (128),а
C:/Users/maill/WORK/Dataset/5_1/img (129),потому
C:/Users/maill/WORK/Dataset/5_1/img (130),что
C:/Users/maill/WORK/Dataset/5_1/img (131),вовремя
C:/Users/maill/WORK/Dataset/5_1/img (132),Гр-н-кой
C:/Users/maill/WORK/Dataset/5_1/img (133),войны
C:/Users/maill/WORK/Dataset/5_1/img (134),приходилось
C:/Users/maill/WORK/Dataset/5_1/img (135),переносить
C:/Users/maill/WORK/Dataset/5_1/img (136),многое
C:/Users/maill/WORK/Dataset/5_1/img (137),в
C:/Users/maill/WORK/Dataset/5_1/img (138),тылу
C:/Users/maill/WORK/Dataset/5_1/img (139),"фронта,"
C:/Users/maill/WORK/Dataset/5_1/img (140),поэтому
C:/Users/maill/WORK/Dataset/5_1/img (141),наше
C:/Users/maill/WORK/Dataset/5_1/img (142),хозяйство
C:/Users/maill/WORK/Dataset/5_1/img (143),с
C:/Users/maill/WORK/Dataset/5_1/img (144),тех
C:/Users/maill/WORK/Dataset/5_1/img (145),пор
C:/Users/maill/WORK/Dataset/5_1/img (146),шло
C:/Users/maill/WORK/Dataset/5_1/img (147),не
C:/Users/maill/WORK/Dataset/5_1/img (148),на
C:/Users/maill/WORK/Dataset/5_1/img (149),прибыль
C:/Users/maill/WORK/Dataset/5_1/img (150),на
C:/Users/maill/WORK/Dataset/5_1/img (151),убыль
C:/Users/maill/WORK/Dataset/5_1/img (152),т.к.
C:/Users/maill/WORK/Dataset/5_1/img (153),все
C:/Users/maill/WORK/Dataset/5_1/img (154),носилось
C:/Users/maill/WORK/Dataset/5_1/img (155),и
C:/Users/maill/WORK/Dataset/5_1/img (156),"старело,"
C:/Users/maill/WORK/Dataset/5_1/img (157),На
C:/Users/maill/WORK/Dataset/5_1/img (158),военной
C:/Users/maill/WORK/Dataset/5_1/img (159),службе
C:/Users/maill/WORK/Dataset/5_1/img (160),я
C:/Users/maill/WORK/Dataset/5_1/img (161),"небыл,"
C:/Users/maill/WORK/Dataset/5_1/img (162),к
C:/Users/maill/WORK/Dataset/5_1/img (163),призову
C:/Users/maill/WORK/Dataset/5_1/img (164),нас
C:/Users/maill/WORK/Dataset/5_1/img (165),брали
C:/Users/maill/WORK/Dataset/5_1/img (166),в
C:/Users/maill/WORK/Dataset/5_1/img (167),Красную
C:/Users/maill/WORK/Dataset/5_1/img (168),Армию
C:/Users/maill/WORK/Dataset/5_1/img (169),в
C:/Users/maill/WORK/Dataset/5_1/img (170),"1924г,"
C:/Users/maill/WORK/Dataset/5_1/img (171),Кде
C:/Users/maill/WORK/Dataset/5_1/img (172),я
C:/Users/maill/WORK/Dataset/5_1/img (173),признан
C:/Users/maill/WORK/Dataset/5_1/img (174),по
C:/Users/maill/WORK/Dataset/5_1/img (175),96
C:/Users/maill/WORK/Dataset/5_1/img (176),статье
C:/Users/maill/WORK/Dataset/5_1/img (177),не
C:/Users/maill/WORK/Dataset/5_1/img (178),годным.
C:/Users/maill/WORK/Dataset/5_1/img (179),до
C:/Users/maill/WORK/Dataset/5_1/img (180),этого
C:/Users/maill/WORK/Dataset/5_1/img (181),время
C:/Users/maill/WORK/Dataset/5_1/img (182),я
C:/Users/maill/WORK/Dataset/5_1/img (183),был
C:/Users/maill/WORK/Dataset/5_1/img (184),человек
C:/Users/maill/WORK/Dataset/5_1/img (185),очень
C:/Users/maill/WORK/Dataset/5_1/img (186),"религиозный,"
C:/Users/maill/WORK/Dataset/5_1/img (187),кде
C:/Users/maill/WORK/Dataset/5_1/img (188),я
C:/Users/maill/WORK/Dataset/5_1/img (189),был
C:/Users/maill/WORK/Dataset/5_1/img (190),под
C:/Users/maill/WORK/Dataset/5_1/img (191),порой
C:/Users/maill/WORK/Dataset/5_1/img (192),религии
C:/Users/maill/WORK/Dataset/5_1/img (193),так
C:/Users/maill/WORK/Dataset/5_1/img (194),как
C:/Users/maill/WORK/Dataset/5_1/img (195),я
C:/Users/maill/WORK/Dataset/5_1/img (196),человек
C:/Users/maill/WORK/Dataset/5_1/img (197),"совестлитвый,"
C:/Users/maill/WORK/Dataset/5_1/img (198),не
C:/Users/maill/WORK/Dataset/5_1/img (199),любил
C:/Users/maill/WORK/Dataset/5_1/img (200),не
C:/Users/maill/WORK/Dataset/5_1/img (201),под
C:/Users/maill/WORK/Dataset/5_1/img (202),каким
C:/Users/maill/WORK/Dataset/5_1/img (203),смеять
C:/Users/maill/WORK/Dataset/5_1/img (204),и
C:/Users/maill/WORK/Dataset/5_1/img (205),в
C:/Users/maill/WORK/Dataset/5_1/img (206),настоящее
C:/Users/maill/WORK/Dataset/5_1/img (207),время
C:/Users/maill/WORK/Dataset/5_1/img (208),"тякойже,"
C:/Users/maill/WORK/Dataset/5_1/img (209),так
C:/Users/maill/WORK/Dataset/5_1/img (210),поэтому
C:/Users/maill/WORK/Dataset/5_1/img (211),я
C:/Users/maill/WORK/Dataset/5_1/img (212),от
C:/Users/maill/WORK/Dataset/5_1/img (213),давался
C:/Users/maill/WORK/Dataset/5_1/img (214),почти
C:/Users/maill/WORK/Dataset/5_1/img (215),весь
C:/Users/maill/WORK/Dataset/5_1/img (216),под
C:/Users/maill/WORK/Dataset/5_1/img (217),идею
C:/Users/maill/WORK/Dataset/5_1/img (218),религии
C:/Users/maill/WORK/Dataset/5_1/img (219),и
C:/Users/maill/WORK/Dataset/5_1/img (220),очень
C:/Users/maill/WORK/Dataset/5_1/img (221),много
C:/Users/maill/WORK/Dataset/5_1/img (222),средств
C:/Users/maill/WORK/Dataset/5_1/img (223),и
C:/Users/maill/WORK/Dataset/5_1/img (224),время
C:/Users/maill/WORK/Dataset/5_1/img (225),я
C:/Users/maill/WORK/Dataset/5_1/img (226),потратил
C:/Users/maill/WORK/Dataset/5_1/img (227),в
C:/Users/maill/WORK/Dataset/5_1/img (228),ту
C:/Users/maill/WORK/Dataset/5_1/img (229),сторону
C:/Users/maill/WORK/Dataset/5_1/img (230),которая
C:/Users/maill/WORK/Dataset/5_1/img (231),служила
C:/Users/maill/WORK/Dataset/5_1/img (232),буржуазии
C:/Users/maill/WORK/Dataset/5_1/img (233),для
C:/Users/maill/WORK/Dataset/5_1/img (234),угнетенья
C:/Users/maill/WORK/Dataset/5_1/img (235),и
C:/Users/maill/WORK/Dataset/5_1/img (236),закабаленья
C:/Users/maill/WORK/Dataset/5_1/img (237),темного
C:/Users/maill/WORK/Dataset/5_1/img (238),пролета
C:/Users/maill/WORK/Dataset/5_1/img (239),риата
C:/Users/maill/WORK/Dataset/5_1/img (240),трудящихся
C:/Users/maill/WORK/Dataset/5_1/img (241),всех
C:/Users/maill/WORK/Dataset/5_1/img (242),"стран,"
C:/Users/maill/WORK/Dataset/5_1/img (243),вот
C:/Users/maill/WORK/Dataset/5_1/img (244),каков
C:/Users/maill/WORK/Dataset/5_1/img (245),был
C:/Users/maill/WORK/Dataset/5_1/img (246),я
C:/Users/maill/WORK/Dataset/5_1/img (247),до
C:/Users/maill/WORK/Dataset/5_1/img (248),1924
C:/Users/maill/WORK/Dataset/5_1/img (249),"года,"
C:/Users/maill/WORK/Dataset/5_1/img (250),и
C:/Users/maill/WORK/Dataset/5_1/img (251),в
C:/Users/maill/WORK/Dataset/5_1/img (252),1924
C:/Users/maill/WORK/Dataset/5_1/img (253),году
C:/Users/maill/WORK/Dataset/5_1/img (254),я
C:/Users/maill/WORK/Dataset/5_1/img (255),в
C:/Users/maill/WORK/Dataset/5_1/img (256),первые
C:/Users/maill/WORK/Dataset/5_1/img (257),уже
C:/Users/maill/WORK/Dataset/5_1/img (258),не
C:/Users/maill/WORK/Dataset/5_1/img (259),поствовал
C:/Users/maill/WORK/Dataset/5_1/img (260),т.к.
C:/Users/maill/WORK/Dataset/5_1/img (261),я
C:/Users/maill/WORK/Dataset/5_1/img (262),считал
C:/Users/maill/WORK/Dataset/5_1/img (263),это
C:/Users/maill/WORK/Dataset/5_1/img (264),завеликий
C:/Users/maill/WORK/Dataset/5_1/img (265),"грех,"
C:/Users/maill/WORK/Dataset/5_1/img (266),и
C:/Users/maill/WORK/Dataset/5_1/img (267),вот
C:/Users/maill/WORK/Dataset/5_1/img (268),с
C:/Users/maill/WORK/Dataset/5_1/img (269),этого
C:/Users/maill/WORK/Dataset/5_1/img (270),же
C:/Users/maill/WORK/Dataset/5_1/img (271),года
C:/Users/maill/WORK/Dataset/5_1/img (272),я
C:/Users/maill/WORK/Dataset/5_1/img (273),стал
C:/Users/maill/WORK/Dataset/5_1/img (274),брать
C:/Users/maill/WORK/Dataset/5_1/img (275),за
C:/Users/maill/WORK/Dataset/5_1/img (276),советские
C:/Users/maill/WORK/Dataset/5_1/img (277),"книжки,"
C:/Users/maill/WORK/Dataset/5_1/img (278),и
C:/Users/maill/WORK/Dataset/5_1/img (279),в
C:/Users/maill/WORK/Dataset/5_1/img (280),этом
C:/Users/maill/WORK/Dataset/5_1/img (281),же
C:/Users/maill/WORK/Dataset/5_1/img (282),году
C:/Users/maill/WORK/Dataset/5_1/img (283),я
C:/Users/maill/WORK/Dataset/5_1/img (284),от
C:/Users/maill/WORK/Dataset/5_1/img (285),делился
C:/Users/maill/WORK/Dataset/5_1/img (286),от
C:/Users/maill/WORK/Dataset/5_1/img (287),семьи
C:/Users/maill/WORK/Dataset/5_1/img (288),не
C:/Users/maill/WORK/Dataset/5_1/img (289),считаясь
C:/Users/maill/WORK/Dataset/5_1/img (290),стем
C:/Users/maill/WORK/Dataset/5_1/img (291),что
C:/Users/maill/WORK/Dataset/5_1/img (292),мне
C:/Users/maill/WORK/Dataset/5_1/img (293),дадут
C:/Users/maill/WORK/Dataset/5_1/img (294),или
C:/Users/maill/WORK/Dataset/5_1/img (295),не
C:/Users/maill/WORK/Dataset/5_1/img (296),дадут
C:/Users/maill/WORK/Dataset/5_1/img (297),из
C:/Users/maill/WORK/Dataset/5_1/img (298),"хозяйства,"
C:/Users/maill/WORK/Dataset/5_1/img (299),от
C:/Users/maill/WORK/Dataset/5_1/img (300),делиться
C:/Users/maill/WORK/Dataset/5_1/img (301),по
C:/Users/maill/WORK/Dataset/5_1/img (302),тому
C:/Users/maill/WORK/Dataset/5_1/img (303),что
C:/Users/maill/WORK/Dataset/5_1/img (304),мать
C:/Users/maill/WORK/Dataset/5_1/img (305),мне
C:/Users/maill/WORK/Dataset/5_1/img (306),не
C:/Users/maill/WORK/Dataset/5_1/img (307),давала
C:/Users/maill/WORK/Dataset/5_1/img (308),от
C:/Users/maill/WORK/Dataset/5_1/img (309),крывать
C:/Users/maill/WORK/Dataset/5_1/img (310),глаза
C:/Users/maill/WORK/Dataset/5_1/img (311),на
C:/Users/maill/WORK/Dataset/5_1/img (312),новую
C:/Users/maill/WORK/Dataset/5_1/img (313),жизнь
C:/Users/maill/WORK/Dataset/5_1/img (314),которая
C:/Users/maill/WORK/Dataset/5_1/img (315),ведет
C:/Users/maill/WORK/Dataset/5_1/img (316),к
C:/Users/maill/WORK/Dataset/5_1/img (317),социализму
C:/Users/maill/WORK/Dataset/5_2/img (1),3.
C:/Users/maill/WORK/Dataset/5_2/img (2),оскорбить
C:/Users/maill/WORK/Dataset/5_2/img (3),зажимчиков
C:/Users/maill/WORK/Dataset/5_2/img (4),"хлеба,"
C:/Users/maill/WORK/Dataset/5_2/img (5),так
C:/Users/maill/WORK/Dataset/5_2/img (6),поэтому
C:/Users/maill/WORK/Dataset/5_2/img (7),их
C:/Users/maill/WORK/Dataset/5_2/img (8),и
C:/Users/maill/WORK/Dataset/5_2/img (9),дальше
C:/Users/maill/WORK/Dataset/5_2/img (10),в
C:/Users/maill/WORK/Dataset/5_2/img (11),комиссию
C:/Users/maill/WORK/Dataset/5_2/img (12),по
C:/Users/maill/WORK/Dataset/5_2/img (13),хлебозаготовке
C:/Users/maill/WORK/Dataset/5_2/img (14),уж
C:/Users/maill/WORK/Dataset/5_2/img (15),не
C:/Users/maill/WORK/Dataset/5_2/img (16),"шевелят,"
C:/Users/maill/WORK/Dataset/5_2/img (17),так
C:/Users/maill/WORK/Dataset/5_2/img (18),что
C:/Users/maill/WORK/Dataset/5_2/img (19),я
C:/Users/maill/WORK/Dataset/5_2/img (20),свою
C:/Users/maill/WORK/Dataset/5_2/img (21),ячейку
C:/Users/maill/WORK/Dataset/5_2/img (22),считаю
C:/Users/maill/WORK/Dataset/5_2/img (23),в
C:/Users/maill/WORK/Dataset/5_2/img (24),партийной
C:/Users/maill/WORK/Dataset/5_2/img (25),работе
C:/Users/maill/WORK/Dataset/5_2/img (26),"слабой,"
C:/Users/maill/WORK/Dataset/5_2/img (27),Авторитета
C:/Users/maill/WORK/Dataset/5_2/img (28),среди
C:/Users/maill/WORK/Dataset/5_2/img (29),бедноты
C:/Users/maill/WORK/Dataset/5_2/img (30),очень
C:/Users/maill/WORK/Dataset/5_2/img (31),"мало,"
C:/Users/maill/WORK/Dataset/5_2/img (32),"т,"
C:/Users/maill/WORK/Dataset/5_2/img (33),"к,"
C:/Users/maill/WORK/Dataset/5_2/img (34),одной
C:/Users/maill/WORK/Dataset/5_2/img (35),части
C:/Users/maill/WORK/Dataset/5_2/img (36),ячейки
C:/Users/maill/WORK/Dataset/5_2/img (37),работать
C:/Users/maill/WORK/Dataset/5_2/img (38),"трудно,"
C:/Users/maill/WORK/Dataset/5_2/img (39),культурно
C:/Users/maill/WORK/Dataset/5_2/img (40),раз-яснительных
C:/Users/maill/WORK/Dataset/5_2/img (41),работ
C:/Users/maill/WORK/Dataset/5_2/img (42),среди
C:/Users/maill/WORK/Dataset/5_2/img (43),бедноты
C:/Users/maill/WORK/Dataset/5_2/img (44),унас
C:/Users/maill/WORK/Dataset/5_2/img (45),можно
C:/Users/maill/WORK/Dataset/5_2/img (46),сказать
C:/Users/maill/WORK/Dataset/5_2/img (47),что
C:/Users/maill/WORK/Dataset/5_2/img (48),не
C:/Users/maill/WORK/Dataset/5_2/img (49),"ведется,"
C:/Users/maill/WORK/Dataset/5_2/img (50),все
C:/Users/maill/WORK/Dataset/5_2/img (51),занеименьем
C:/Users/maill/WORK/Dataset/5_2/img (52),актива
C:/Users/maill/WORK/Dataset/5_2/img (53),ячейки.
C:/Users/maill/WORK/Dataset/5_2/img (54),Товарищи
C:/Users/maill/WORK/Dataset/5_2/img (55),трудящиеся
C:/Users/maill/WORK/Dataset/5_2/img (56),запомните
C:/Users/maill/WORK/Dataset/5_2/img (57),раз
C:/Users/maill/WORK/Dataset/5_2/img (58),и
C:/Users/maill/WORK/Dataset/5_2/img (59),"навсегда,"
C:/Users/maill/WORK/Dataset/5_2/img (60),что
C:/Users/maill/WORK/Dataset/5_2/img (61),у
C:/Users/maill/WORK/Dataset/5_2/img (62),нас
C:/Users/maill/WORK/Dataset/5_2/img (63),в
C:/Users/maill/WORK/Dataset/5_2/img (64),жизни
C:/Users/maill/WORK/Dataset/5_2/img (65),осталось
C:/Users/maill/WORK/Dataset/5_2/img (66),только
C:/Users/maill/WORK/Dataset/5_2/img (67),два
C:/Users/maill/WORK/Dataset/5_2/img (68),"пути,"
C:/Users/maill/WORK/Dataset/5_2/img (69),путь
C:/Users/maill/WORK/Dataset/5_2/img (70),к
C:/Users/maill/WORK/Dataset/5_2/img (71),капи-
C:/Users/maill/WORK/Dataset/5_2/img (72),тализму
C:/Users/maill/WORK/Dataset/5_2/img (73),и
C:/Users/maill/WORK/Dataset/5_2/img (74),угнетению
C:/Users/maill/WORK/Dataset/5_2/img (75),"трудящихся,"
C:/Users/maill/WORK/Dataset/5_2/img (76),и
C:/Users/maill/WORK/Dataset/5_2/img (77),путь
C:/Users/maill/WORK/Dataset/5_2/img (78),к
C:/Users/maill/WORK/Dataset/5_2/img (79),социализму
C:/Users/maill/WORK/Dataset/5_2/img (80),который
C:/Users/maill/WORK/Dataset/5_2/img (81),говорит
C:/Users/maill/WORK/Dataset/5_2/img (82),за
C:/Users/maill/WORK/Dataset/5_2/img (83),то
C:/Users/maill/WORK/Dataset/5_2/img (84),что
C:/Users/maill/WORK/Dataset/5_2/img (85),бросайте
C:/Users/maill/WORK/Dataset/5_2/img (86),все
C:/Users/maill/WORK/Dataset/5_2/img (87),индивидуально
C:/Users/maill/WORK/Dataset/5_2/img (88),мелко
C:/Users/maill/WORK/Dataset/5_2/img (89),распыленное
C:/Users/maill/WORK/Dataset/5_2/img (90),хозяйство
C:/Users/maill/WORK/Dataset/5_2/img (91),и
C:/Users/maill/WORK/Dataset/5_2/img (92),соединяйтесь
C:/Users/maill/WORK/Dataset/5_2/img (93),в
C:/Users/maill/WORK/Dataset/5_2/img (94),более
C:/Users/maill/WORK/Dataset/5_2/img (95),крупное
C:/Users/maill/WORK/Dataset/5_2/img (96),Товарищи
C:/Users/maill/WORK/Dataset/5_2/img (97),не
C:/Users/maill/WORK/Dataset/5_2/img (98),забывайте
C:/Users/maill/WORK/Dataset/5_2/img (99),военную
C:/Users/maill/WORK/Dataset/5_2/img (100),эпоху
C:/Users/maill/WORK/Dataset/5_2/img (101),империалистичес-
C:/Users/maill/WORK/Dataset/5_2/img (102),кой
C:/Users/maill/WORK/Dataset/5_2/img (103),и
C:/Users/maill/WORK/Dataset/5_2/img (104),Гражданской
C:/Users/maill/WORK/Dataset/5_2/img (105),войны
C:/Users/maill/WORK/Dataset/5_2/img (106),что
C:/Users/maill/WORK/Dataset/5_2/img (107),нам
C:/Users/maill/WORK/Dataset/5_2/img (108),принесла
C:/Users/maill/WORK/Dataset/5_2/img (109),эта
C:/Users/maill/WORK/Dataset/5_2/img (110),"война,"
C:/Users/maill/WORK/Dataset/5_2/img (111),она
C:/Users/maill/WORK/Dataset/5_2/img (112),принесла
C:/Users/maill/WORK/Dataset/5_2/img (113),нам
C:/Users/maill/WORK/Dataset/5_2/img (114),разру
C:/Users/maill/WORK/Dataset/5_2/img (115),холод
C:/Users/maill/WORK/Dataset/5_2/img (116),голод
C:/Users/maill/WORK/Dataset/5_2/img (117),дальше
C:/Users/maill/WORK/Dataset/5_2/img (118),если
C:/Users/maill/WORK/Dataset/5_2/img (119),бы
C:/Users/maill/WORK/Dataset/5_2/img (120),не
C:/Users/maill/WORK/Dataset/5_2/img (121),было
C:/Users/maill/WORK/Dataset/5_2/img (122),советской
C:/Users/maill/WORK/Dataset/5_2/img (123),республики
C:/Users/maill/WORK/Dataset/5_2/img (124),диктары
C:/Users/maill/WORK/Dataset/5_2/img (125),пролета-
C:/Users/maill/WORK/Dataset/5_2/img (126),"риата,"
C:/Users/maill/WORK/Dataset/5_2/img (127),то
C:/Users/maill/WORK/Dataset/5_2/img (128),трудящихся
C:/Users/maill/WORK/Dataset/5_2/img (129),капиталисты
C:/Users/maill/WORK/Dataset/5_2/img (130),зажали
C:/Users/maill/WORK/Dataset/5_2/img (131),бы
C:/Users/maill/WORK/Dataset/5_2/img (132),в
C:/Users/maill/WORK/Dataset/5_2/img (133),свои
C:/Users/maill/WORK/Dataset/5_2/img (134),крепкие
C:/Users/maill/WORK/Dataset/5_2/img (135),"когти,"
C:/Users/maill/WORK/Dataset/5_2/img (136),и
C:/Users/maill/WORK/Dataset/5_2/img (137),пуще
C:/Users/maill/WORK/Dataset/5_2/img (138),старого
C:/Users/maill/WORK/Dataset/5_2/img (139),гнета
C:/Users/maill/WORK/Dataset/5_2/img (140),стали
C:/Users/maill/WORK/Dataset/5_2/img (141),бы
C:/Users/maill/WORK/Dataset/5_2/img (142),они
C:/Users/maill/WORK/Dataset/5_2/img (143),нас
C:/Users/maill/WORK/Dataset/5_2/img (144),"терзать,"
C:/Users/maill/WORK/Dataset/5_2/img (145),тогда
C:/Users/maill/WORK/Dataset/5_2/img (146),бы
C:/Users/maill/WORK/Dataset/5_2/img (147),уж
C:/Users/maill/WORK/Dataset/5_2/img (148),они
C:/Users/maill/WORK/Dataset/5_2/img (149),были
C:/Users/maill/WORK/Dataset/5_2/img (150),сильне
C:/Users/maill/WORK/Dataset/5_2/img (151),чем
C:/Users/maill/WORK/Dataset/5_2/img (152),в
C:/Users/maill/WORK/Dataset/5_2/img (153),ста-
C:/Users/maill/WORK/Dataset/5_2/img (154),рое
C:/Users/maill/WORK/Dataset/5_2/img (155),прошлое
C:/Users/maill/WORK/Dataset/5_2/img (156),"время,"
C:/Users/maill/WORK/Dataset/5_2/img (157),тогда
C:/Users/maill/WORK/Dataset/5_2/img (158),бы
C:/Users/maill/WORK/Dataset/5_2/img (159),они
C:/Users/maill/WORK/Dataset/5_2/img (160),стали
C:/Users/maill/WORK/Dataset/5_2/img (161),говорить
C:/Users/maill/WORK/Dataset/5_2/img (162),что
C:/Users/maill/WORK/Dataset/5_2/img (163),вы
C:/Users/maill/WORK/Dataset/5_2/img (164),баран!
C:/Users/maill/WORK/Dataset/5_2/img (165),пустоголовые
C:/Users/maill/WORK/Dataset/5_2/img (166),все!
C:/Users/maill/WORK/Dataset/5_2/img (167),щетинились
C:/Users/maill/WORK/Dataset/5_2/img (168),на
C:/Users/maill/WORK/Dataset/5_2/img (169),нас
C:/Users/maill/WORK/Dataset/5_2/img (170),и
C:/Users/maill/WORK/Dataset/5_2/img (171),дружно...
C:/Users/maill/WORK/Dataset/5_2/img (172),примались!
C:/Users/maill/WORK/Dataset/5_2/img (173),"завинтовку,"
C:/Users/maill/WORK/Dataset/5_2/img (174),но
C:/Users/maill/WORK/Dataset/5_2/img (175),не
C:/Users/maill/WORK/Dataset/5_2/img (176),могли
C:/Users/maill/WORK/Dataset/5_2/img (177),мы
C:/Users/maill/WORK/Dataset/5_2/img (178),сломить
C:/Users/maill/WORK/Dataset/5_2/img (179),"капитам,"
C:/Users/maill/WORK/Dataset/5_2/img (180),которым
C:/Users/maill/WORK/Dataset/5_2/img (181),вы
C:/Users/maill/WORK/Dataset/5_2/img (182),гольдо
C:/Users/maill/WORK/Dataset/5_2/img (183),бы
C:/Users/maill/WORK/Dataset/5_2/img (184),пользовались
C:/Users/maill/WORK/Dataset/5_2/img (185),до
C:/Users/maill/WORK/Dataset/5_2/img (186),военное
C:/Users/maill/WORK/Dataset/5_2/img (187),"время,"
C:/Users/maill/WORK/Dataset/5_2/img (188),так
C:/Users/maill/WORK/Dataset/5_2/img (189),теперь
C:/Users/maill/WORK/Dataset/5_2/img (190),то
C:/Users/maill/WORK/Dataset/5_2/img (191),уж
C:/Users/maill/WORK/Dataset/5_2/img (192),мы
C:/Users/maill/WORK/Dataset/5_2/img (193),вас
C:/Users/maill/WORK/Dataset/5_2/img (194),не
C:/Users/maill/WORK/Dataset/5_2/img (195),боимся
C:/Users/maill/WORK/Dataset/5_2/img (196),вы
C:/Users/maill/WORK/Dataset/5_2/img (197),наши
C:/Users/maill/WORK/Dataset/5_2/img (198),рабы;
C:/Users/maill/WORK/Dataset/5_2/img (199),куда
C:/Users/maill/WORK/Dataset/5_2/img (200),вас
C:/Users/maill/WORK/Dataset/5_2/img (201),пошлем
C:/Users/maill/WORK/Dataset/5_2/img (202),и
C:/Users/maill/WORK/Dataset/5_2/img (203),"пойдете,"
C:/Users/maill/WORK/Dataset/5_2/img (204),что
C:/Users/maill/WORK/Dataset/5_2/img (205),вас
C:/Users/maill/WORK/Dataset/5_2/img (206),заставили
C:/Users/maill/WORK/Dataset/5_2/img (207),и
C:/Users/maill/WORK/Dataset/5_2/img (208),вы
C:/Users/maill/WORK/Dataset/5_2/img (209),"сделайте,"
C:/Users/maill/WORK/Dataset/5_2/img (210),сколько
C:/Users/maill/WORK/Dataset/5_2/img (211),вам
C:/Users/maill/WORK/Dataset/5_2/img (212),дадим
C:/Users/maill/WORK/Dataset/5_2/img (213),столько
C:/Users/maill/WORK/Dataset/5_2/img (214),"получай,"
C:/Users/maill/WORK/Dataset/5_2/img (215),и
C:/Users/maill/WORK/Dataset/5_2/img (216),чем
C:/Users/maill/WORK/Dataset/5_2/img (217),вам
C:/Users/maill/WORK/Dataset/5_2/img (218),прикажем
C:/Users/maill/WORK/Dataset/5_2/img (219),тем
C:/Users/maill/WORK/Dataset/5_2/img (220),и
C:/Users/maill/WORK/Dataset/5_2/img (221),"расплатятся,"
C:/Users/maill/WORK/Dataset/5_2/img (222),а
C:/Users/maill/WORK/Dataset/5_2/img (223),если
C:/Users/maill/WORK/Dataset/5_2/img (224),не
C:/Users/maill/WORK/Dataset/5_2/img (225),стерпите
C:/Users/maill/WORK/Dataset/5_2/img (226),не
C:/Users/maill/WORK/Dataset/5_2/img (227),будите
C:/Users/maill/WORK/Dataset/5_2/img (228),"слушать,"
C:/Users/maill/WORK/Dataset/5_2/img (229),то
C:/Users/maill/WORK/Dataset/5_2/img (230),силою
C:/Users/maill/WORK/Dataset/5_2/img (231),божьей
C:/Users/maill/WORK/Dataset/5_2/img (232),"воли,"
C:/Users/maill/WORK/Dataset/5_2/img (233),мы
C:/Users/maill/WORK/Dataset/5_2/img (234),вас
C:/Users/maill/WORK/Dataset/5_2/img (235),живыми
C:/Users/maill/WORK/Dataset/5_2/img (236),в
C:/Users/maill/WORK/Dataset/5_2/img (237),землю
C:/Users/maill/WORK/Dataset/5_2/img (238),зароем
C:/Users/maill/WORK/Dataset/5_2/img (239),и
C:/Users/maill/WORK/Dataset/5_2/img (240),отжил
C:/Users/maill/WORK/Dataset/5_2/img (241),на
C:/Users/maill/WORK/Dataset/5_2/img (242),белом
C:/Users/maill/WORK/Dataset/5_2/img (243),"свете,"
C:/Users/maill/WORK/Dataset/5_2/img (244),Так
C:/Users/maill/WORK/Dataset/5_2/img (245),вот
C:/Users/maill/WORK/Dataset/5_2/img (246),Товарищи
C:/Users/maill/WORK/Dataset/5_2/img (247),за
C:/Users/maill/WORK/Dataset/5_2/img (248),помните
C:/Users/maill/WORK/Dataset/5_2/img (249),мною
C:/Users/maill/WORK/Dataset/5_2/img (250),из
C:/Users/maill/WORK/Dataset/5_2/img (251),ложен-
C:/Users/maill/WORK/Dataset/5_2/img (252),ные
C:/Users/maill/WORK/Dataset/5_2/img (253),слова
C:/Users/maill/WORK/Dataset/5_2/img (254),которые
C:/Users/maill/WORK/Dataset/5_2/img (255),я
C:/Users/maill/WORK/Dataset/5_2/img (256),чувству
C:/Users/maill/WORK/Dataset/5_2/img (257),в
C:/Users/maill/WORK/Dataset/5_2/img (258),серце
C:/Users/maill/WORK/Dataset/5_2/img (259),своем
C:/Users/maill/WORK/Dataset/5_2/img (260),что
C:/Users/maill/WORK/Dataset/5_2/img (261),бы
C:/Users/maill/WORK/Dataset/5_2/img (262),должно
C:/Users/maill/WORK/Dataset/5_2/img (263),получиться
C:/Users/maill/WORK/Dataset/5_2/img (264),от
C:/Users/maill/WORK/Dataset/5_2/img (265),власти
C:/Users/maill/WORK/Dataset/5_2/img (266),"капитализма,"
C:/Users/maill/WORK/Dataset/5_2/img (267),еще
C:/Users/maill/WORK/Dataset/5_2/img (268),раз
C:/Users/maill/WORK/Dataset/5_2/img (269),"обращаюсь,"
C:/Users/maill/WORK/Dataset/5_2/img (270),Трудящиеся
C:/Users/maill/WORK/Dataset/5_2/img (271),запомните
C:/Users/maill/WORK/Dataset/5_2/img (272),эти
C:/Users/maill/WORK/Dataset/5_2/img (273),слова
C:/Users/maill/WORK/Dataset/5_2/img (274),положите
C:/Users/maill/WORK/Dataset/5_2/img (275),у
C:/Users/maill/WORK/Dataset/5_2/img (276),себя
C:/Users/maill/WORK/Dataset/5_2/img (277),на
C:/Users/maill/WORK/Dataset/5_2/img (278),сердце
C:/Users/maill/WORK/Dataset/5_2/img (279),и
C:/Users/maill/WORK/Dataset/5_2/img (280),не
C:/Users/maill/WORK/Dataset/5_2/img (281),разставайтесь
C:/Users/maill/WORK/Dataset/5_2/img (282),сними
C:/Users/maill/WORK/Dataset/5_3/img (1),5.
C:/Users/maill/WORK/Dataset/5_3/img (2),и
C:/Users/maill/WORK/Dataset/5_3/img (3),этим
C:/Users/maill/WORK/Dataset/5_3/img (4),самым
C:/Users/maill/WORK/Dataset/5_3/img (5),они
C:/Users/maill/WORK/Dataset/5_3/img (6),думают
C:/Users/maill/WORK/Dataset/5_3/img (7),подорвать
C:/Users/maill/WORK/Dataset/5_3/img (8),советский
C:/Users/maill/WORK/Dataset/5_3/img (9),союз
C:/Users/maill/WORK/Dataset/5_3/img (10),власть
C:/Users/maill/WORK/Dataset/5_3/img (11),"пролетарскую,"
C:/Users/maill/WORK/Dataset/5_3/img (12),но
C:/Users/maill/WORK/Dataset/5_3/img (13),нет
C:/Users/maill/WORK/Dataset/5_3/img (14),товарищи
C:/Users/maill/WORK/Dataset/5_3/img (15),сколько
C:/Users/maill/WORK/Dataset/5_3/img (16),они
C:/Users/maill/WORK/Dataset/5_3/img (17),раз
C:/Users/maill/WORK/Dataset/5_3/img (18),пытались
C:/Users/maill/WORK/Dataset/5_3/img (19),сорвать
C:/Users/maill/WORK/Dataset/5_3/img (20),совсех
C:/Users/maill/WORK/Dataset/5_3/img (21),сторон
C:/Users/maill/WORK/Dataset/5_3/img (22),порвать
C:/Users/maill/WORK/Dataset/5_3/img (23),торговые
C:/Users/maill/WORK/Dataset/5_3/img (24),сношенья
C:/Users/maill/WORK/Dataset/5_3/img (25),но
C:/Users/maill/WORK/Dataset/5_3/img (26),все
C:/Users/maill/WORK/Dataset/5_3/img (27),же
C:/Users/maill/WORK/Dataset/5_3/img (28),опять
C:/Users/maill/WORK/Dataset/5_3/img (29),которое
C:/Users/maill/WORK/Dataset/5_3/img (30),нибудь
C:/Users/maill/WORK/Dataset/5_3/img (31),государство
C:/Users/maill/WORK/Dataset/5_3/img (32),не
C:/Users/maill/WORK/Dataset/5_3/img (33),может
C:/Users/maill/WORK/Dataset/5_3/img (34),жить
C:/Users/maill/WORK/Dataset/5_3/img (35),без
C:/Users/maill/WORK/Dataset/5_3/img (36),торговых
C:/Users/maill/WORK/Dataset/5_3/img (37),отношений
C:/Users/maill/WORK/Dataset/5_3/img (38),с
C:/Users/maill/WORK/Dataset/5_3/img (39),советским
C:/Users/maill/WORK/Dataset/5_3/img (40),союзом
C:/Users/maill/WORK/Dataset/5_3/img (41),опять
C:/Users/maill/WORK/Dataset/5_3/img (42),снова
C:/Users/maill/WORK/Dataset/5_3/img (43),договариваются.
C:/Users/maill/WORK/Dataset/5_3/img (44),сколько
C:/Users/maill/WORK/Dataset/5_3/img (45),делают
C:/Users/maill/WORK/Dataset/5_3/img (46),бандитских
C:/Users/maill/WORK/Dataset/5_3/img (47),поступков
C:/Users/maill/WORK/Dataset/5_3/img (48),нале-
C:/Users/maill/WORK/Dataset/5_3/img (49),тов
C:/Users/maill/WORK/Dataset/5_3/img (50),грабежей
C:/Users/maill/WORK/Dataset/5_3/img (51),убийств
C:/Users/maill/WORK/Dataset/5_3/img (52),на
C:/Users/maill/WORK/Dataset/5_3/img (53),советским
C:/Users/maill/WORK/Dataset/5_3/img (54),посольством
C:/Users/maill/WORK/Dataset/5_3/img (55),в
C:/Users/maill/WORK/Dataset/5_3/img (56),капита-
C:/Users/maill/WORK/Dataset/5_3/img (57),листических
C:/Users/maill/WORK/Dataset/5_3/img (58),странах
C:/Users/maill/WORK/Dataset/5_3/img (59),и
C:/Users/maill/WORK/Dataset/5_3/img (60),последни
C:/Users/maill/WORK/Dataset/5_3/img (61),раз
C:/Users/maill/WORK/Dataset/5_3/img (62),до
C:/Users/maill/WORK/Dataset/5_3/img (63),настоящего
C:/Users/maill/WORK/Dataset/5_3/img (64),времени
C:/Users/maill/WORK/Dataset/5_3/img (65),совершен
C:/Users/maill/WORK/Dataset/5_3/img (66),китайскими
C:/Users/maill/WORK/Dataset/5_3/img (67),властями
C:/Users/maill/WORK/Dataset/5_3/img (68),бандитский
C:/Users/maill/WORK/Dataset/5_3/img (69),налёт
C:/Users/maill/WORK/Dataset/5_3/img (70),на
C:/Users/maill/WORK/Dataset/5_3/img (71),К.В.Ж.д.
C:/Users/maill/WORK/Dataset/5_3/img (72),все
C:/Users/maill/WORK/Dataset/5_3/img (73),хотят
C:/Users/maill/WORK/Dataset/5_3/img (74),спровоцыровать
C:/Users/maill/WORK/Dataset/5_3/img (75),советский
C:/Users/maill/WORK/Dataset/5_3/img (76),союз
C:/Users/maill/WORK/Dataset/5_3/img (77),"навойну,"
C:/Users/maill/WORK/Dataset/5_3/img (78),это
C:/Users/maill/WORK/Dataset/5_3/img (79),значить
C:/Users/maill/WORK/Dataset/5_3/img (80),убедить
C:/Users/maill/WORK/Dataset/5_3/img (81),хотят
C:/Users/maill/WORK/Dataset/5_3/img (82),своих
C:/Users/maill/WORK/Dataset/5_3/img (83),рабочих
C:/Users/maill/WORK/Dataset/5_3/img (84),и
C:/Users/maill/WORK/Dataset/5_3/img (85),"крестьян,"
C:/Users/maill/WORK/Dataset/5_3/img (86),в
C:/Users/maill/WORK/Dataset/5_3/img (87),том
C:/Users/maill/WORK/Dataset/5_3/img (88),что
C:/Users/maill/WORK/Dataset/5_3/img (89),мол
C:/Users/maill/WORK/Dataset/5_3/img (90),советский
C:/Users/maill/WORK/Dataset/5_3/img (91),союз
C:/Users/maill/WORK/Dataset/5_3/img (92),не
C:/Users/maill/WORK/Dataset/5_3/img (93),хотел
C:/Users/maill/WORK/Dataset/5_3/img (94),выступать
C:/Users/maill/WORK/Dataset/5_3/img (95),войной
C:/Users/maill/WORK/Dataset/5_3/img (96),и
C:/Users/maill/WORK/Dataset/5_3/img (97),посильно
C:/Users/maill/WORK/Dataset/5_3/img (98),забрать
C:/Users/maill/WORK/Dataset/5_3/img (99),то
C:/Users/maill/WORK/Dataset/5_3/img (100),или
C:/Users/maill/WORK/Dataset/5_3/img (101),инное
C:/Users/maill/WORK/Dataset/5_3/img (102),"государство,"
C:/Users/maill/WORK/Dataset/5_3/img (103),и
C:/Users/maill/WORK/Dataset/5_3/img (104),тут
C:/Users/maill/WORK/Dataset/5_3/img (105),мол
C:/Users/maill/WORK/Dataset/5_3/img (106),смотрите
C:/Users/maill/WORK/Dataset/5_3/img (107),советский
C:/Users/maill/WORK/Dataset/5_3/img (108),союз
C:/Users/maill/WORK/Dataset/5_3/img (109),в
C:/Users/maill/WORK/Dataset/5_3/img (110),перед
C:/Users/maill/WORK/Dataset/5_3/img (111),налетает
C:/Users/maill/WORK/Dataset/5_3/img (112),и
C:/Users/maill/WORK/Dataset/5_3/img (113),объявляет
C:/Users/maill/WORK/Dataset/5_3/img (114),"войну,"
C:/Users/maill/WORK/Dataset/5_3/img (115),но
C:/Users/maill/WORK/Dataset/5_3/img (116),нет!
C:/Users/maill/WORK/Dataset/5_3/img (117),товарищи
C:/Users/maill/WORK/Dataset/5_3/img (118),советский
C:/Users/maill/WORK/Dataset/5_3/img (119),союз
C:/Users/maill/WORK/Dataset/5_3/img (120),не
C:/Users/maill/WORK/Dataset/5_3/img (121),таков
C:/Users/maill/WORK/Dataset/5_3/img (122),он
C:/Users/maill/WORK/Dataset/5_3/img (123),не
C:/Users/maill/WORK/Dataset/5_3/img (124),думает
C:/Users/maill/WORK/Dataset/5_3/img (125),как
C:/Users/maill/WORK/Dataset/5_3/img (126),думают
C:/Users/maill/WORK/Dataset/5_3/img (127),"капиталисты,"
C:/Users/maill/WORK/Dataset/5_3/img (128),советский
C:/Users/maill/WORK/Dataset/5_3/img (129),союз
C:/Users/maill/WORK/Dataset/5_3/img (130),много
C:/Users/maill/WORK/Dataset/5_3/img (131),переносит
C:/Users/maill/WORK/Dataset/5_3/img (132),"убытков,"
C:/Users/maill/WORK/Dataset/5_3/img (133),от
C:/Users/maill/WORK/Dataset/5_3/img (134),бандитских
C:/Users/maill/WORK/Dataset/5_3/img (135),налетов
C:/Users/maill/WORK/Dataset/5_3/img (136),и
C:/Users/maill/WORK/Dataset/5_3/img (137),своих
C:/Users/maill/WORK/Dataset/5_3/img (138),в
C:/Users/maill/WORK/Dataset/5_3/img (139),нутренних
C:/Users/maill/WORK/Dataset/5_3/img (140),врагов
C:/Users/maill/WORK/Dataset/5_3/img (141),которые
C:/Users/maill/WORK/Dataset/5_3/img (142),всячески
C:/Users/maill/WORK/Dataset/5_3/img (143),стараются
C:/Users/maill/WORK/Dataset/5_3/img (144),за
C:/Users/maill/WORK/Dataset/5_3/img (145),тормозить
C:/Users/maill/WORK/Dataset/5_3/img (146),строительству
C:/Users/maill/WORK/Dataset/5_3/img (147),в
C:/Users/maill/WORK/Dataset/5_3/img (148),промышленности
C:/Users/maill/WORK/Dataset/5_3/img (149),с/хозяйстве
C:/Users/maill/WORK/Dataset/5_3/img (150),НО...
C:/Users/maill/WORK/Dataset/5_3/img (151),ВОЙНА!
C:/Users/maill/WORK/Dataset/5_3/img (152),еще
C:/Users/maill/WORK/Dataset/5_3/img (153),более
C:/Users/maill/WORK/Dataset/5_3/img (154),понесет
C:/Users/maill/WORK/Dataset/5_3/img (155),"убытков,"
C:/Users/maill/WORK/Dataset/5_3/img (156),но
C:/Users/maill/WORK/Dataset/5_3/img (157),товарищи
C:/Users/maill/WORK/Dataset/5_3/img (158),не
C:/Users/maill/WORK/Dataset/5_3/img (159),"забудьте,"
C:/Users/maill/WORK/Dataset/5_3/img (160),убытки
C:/Users/maill/WORK/Dataset/5_3/img (161),тогда
C:/Users/maill/WORK/Dataset/5_3/img (162),будут
C:/Users/maill/WORK/Dataset/5_3/img (163),финансовые
C:/Users/maill/WORK/Dataset/5_3/img (164),промышленные
C:/Users/maill/WORK/Dataset/5_3/img (165),и
C:/Users/maill/WORK/Dataset/5_3/img (166),с/хозяйственные;
C:/Users/maill/WORK/Dataset/5_3/img (167),и
C:/Users/maill/WORK/Dataset/5_3/img (168),убытки
C:/Users/maill/WORK/Dataset/5_3/img (169),будут
C:/Users/maill/WORK/Dataset/5_3/img (170),и
C:/Users/maill/WORK/Dataset/5_3/img (171),человеческие
C:/Users/maill/WORK/Dataset/5_3/img (172),прибыль
C:/Users/maill/WORK/Dataset/5_3/img (173),только
C:/Users/maill/WORK/Dataset/5_3/img (174),может
C:/Users/maill/WORK/Dataset/5_3/img (175),получиться
C:/Users/maill/WORK/Dataset/5_3/img (176),только
C:/Users/maill/WORK/Dataset/5_3/img (177),"то,"
C:/Users/maill/WORK/Dataset/5_3/img (178),более
C:/Users/maill/WORK/Dataset/5_3/img (179),будет
C:/Users/maill/WORK/Dataset/5_3/img (180),раненых
C:/Users/maill/WORK/Dataset/5_3/img (181),инвалидов
C:/Users/maill/WORK/Dataset/5_3/img (182),и
C:/Users/maill/WORK/Dataset/5_3/img (183),вечных
C:/Users/maill/WORK/Dataset/5_3/img (184),"калек,"
C:/Users/maill/WORK/Dataset/5_3/img (185),не
C:/Users/maill/WORK/Dataset/5_3/img (186),забывайте
C:/Users/maill/WORK/Dataset/5_3/img (187),товарищи
C:/Users/maill/WORK/Dataset/5_3/img (188),эту
C:/Users/maill/WORK/Dataset/5_3/img (189),прибыль
C:/Users/maill/WORK/Dataset/5_3/img (190),которая
C:/Users/maill/WORK/Dataset/5_3/img (191),осталась
C:/Users/maill/WORK/Dataset/5_3/img (192),от
C:/Users/maill/WORK/Dataset/5_3/img (193),империалистичес-
C:/Users/maill/WORK/Dataset/5_3/img (194),кой
C:/Users/maill/WORK/Dataset/5_3/img (195),войны
C:/Users/maill/WORK/Dataset/5_3/img (196),и
C:/Users/maill/WORK/Dataset/5_3/img (197),гражданской
C:/Users/maill/WORK/Dataset/5_3/img (198),они
C:/Users/maill/WORK/Dataset/5_3/img (199),унас
C:/Users/maill/WORK/Dataset/5_3/img (200),еще
C:/Users/maill/WORK/Dataset/5_3/img (201),"наглазах,"
C:/Users/maill/WORK/Dataset/5_3/img (202),так
C:/Users/maill/WORK/Dataset/5_3/img (203),вот.
C:/Users/maill/WORK/Dataset/5_3/img (204),Товарищи
C:/Users/maill/WORK/Dataset/5_3/img (205),трудящиеся
C:/Users/maill/WORK/Dataset/5_3/img (206),на
C:/Users/maill/WORK/Dataset/5_3/img (207),ответ
C:/Users/maill/WORK/Dataset/5_3/img (208),на
C:/Users/maill/WORK/Dataset/5_3/img (209),бандитский
C:/Users/maill/WORK/Dataset/5_3/img (210),налет
C:/Users/maill/WORK/Dataset/5_3/img (211),К.В.Ж.д.
C:/Users/maill/WORK/Dataset/5_3/img (212),ленинградские
C:/Users/maill/WORK/Dataset/5_3/img (213),рабочие
C:/Users/maill/WORK/Dataset/5_3/img (214),от
C:/Users/maill/WORK/Dataset/5_3/img (215),ветим
C:/Users/maill/WORK/Dataset/5_3/img (216),не
C:/Users/maill/WORK/Dataset/5_3/img (217),военным
C:/Users/maill/WORK/Dataset/5_3/img (218),"выступлением,"
C:/Users/maill/WORK/Dataset/5_3/img (219),а
C:/Users/maill/WORK/Dataset/5_3/img (220),выпуском
C:/Users/maill/WORK/Dataset/5_3/img (221),нового
C:/Users/maill/WORK/Dataset/5_3/img (222),3го
C:/Users/maill/WORK/Dataset/5_3/img (223),займа
C:/Users/maill/WORK/Dataset/5_3/img (224),индуст-
C:/Users/maill/WORK/Dataset/5_3/img (225),риализации
C:/Users/maill/WORK/Dataset/5_3/img (226),для
C:/Users/maill/WORK/Dataset/5_3/img (227),"того,"
C:/Users/maill/WORK/Dataset/5_3/img (228),чтобы
C:/Users/maill/WORK/Dataset/5_3/img (229),еще
C:/Users/maill/WORK/Dataset/5_3/img (230),сильнее
C:/Users/maill/WORK/Dataset/5_3/img (231),развернуть
C:/Users/maill/WORK/Dataset/5_3/img (232),рас-
C:/Users/maill/WORK/Dataset/5_3/img (233),ширить
C:/Users/maill/WORK/Dataset/5_3/img (234),наше
C:/Users/maill/WORK/Dataset/5_3/img (235),строительство
C:/Users/maill/WORK/Dataset/5_3/img (236),чтобы
C:/Users/maill/WORK/Dataset/5_3/img (237),скорее
C:/Users/maill/WORK/Dataset/5_3/img (238),выполнить
C:/Users/maill/WORK/Dataset/5_3/img (239),наш
C:/Users/maill/WORK/Dataset/5_3/img (240),пяти
C:/Users/maill/WORK/Dataset/5_3/img (241),летний
C:/Users/maill/WORK/Dataset/5_3/img (242),план
C:/Users/maill/WORK/Dataset/5_3/img (243),"строительства,"
C:/Users/maill/WORK/Dataset/5_3/img (244),чтобы
C:/Users/maill/WORK/Dataset/5_3/img (245),нам
C:/Users/maill/WORK/Dataset/5_3/img (246),скорее
C:/Users/maill/WORK/Dataset/5_3/img (247),можно
C:/Users/maill/WORK/Dataset/5_3/img (248),было
C:/Users/maill/WORK/Dataset/5_3/img (249),пользоваться
C:/Users/maill/WORK/Dataset/5_3/img (250),своими
C:/Users/maill/WORK/Dataset/5_3/img (251),не
C:/Users/maill/WORK/Dataset/5_3/img (252),обходимыми
C:/Users/maill/WORK/Dataset/5_3/img (253),и
C:/Users/maill/WORK/Dataset/5_3/img (254),промышленными
C:/Users/maill/WORK/Dataset/5_3/img (255),товарами
C:/Users/maill/WORK/Dataset/5_3/img (256),скорее
C:/Users/maill/WORK/Dataset/5_3/img (257),подня
C:/Users/maill/WORK/Dataset/5_3/img (258),с/хозяйство
C:/Users/maill/WORK/Dataset/5_3/img (259),на
C:/Users/maill/WORK/Dataset/5_3/img (260),культурны
C:/Users/maill/WORK/Dataset/5_3/img (261),уровень
C:/Users/maill/WORK/Dataset/5_3/img (262),"спромышленностью,"
C:/Users/maill/WORK/Dataset/5_3/img (263),и
C:/Users/maill/WORK/Dataset/5_3/img (264),поставить
C:/Users/maill/WORK/Dataset/5_3/img (265),его
C:/Users/maill/WORK/Dataset/5_3/img (266),на
C:/Users/maill/WORK/Dataset/5_3/img (267),соцыалистическую
C:/Users/maill/WORK/Dataset/5_3/img (268),ногу
C:/Users/maill/WORK/Dataset/5_4/img (1),6.
C:/Users/maill/WORK/Dataset/5_4/img (2),Товарищи
C:/Users/maill/WORK/Dataset/5_4/img (3),Трудящиеся
C:/Users/maill/WORK/Dataset/5_4/img (4),только
C:/Users/maill/WORK/Dataset/5_4/img (5),при
C:/Users/maill/WORK/Dataset/5_4/img (6),выполнении
C:/Users/maill/WORK/Dataset/5_4/img (7),плана
C:/Users/maill/WORK/Dataset/5_4/img (8),мы
C:/Users/maill/WORK/Dataset/5_4/img (9),переживем
C:/Users/maill/WORK/Dataset/5_4/img (10),все
C:/Users/maill/WORK/Dataset/5_4/img (11),"трудности,"
C:/Users/maill/WORK/Dataset/5_4/img (12),Товарищи
C:/Users/maill/WORK/Dataset/5_4/img (13),в
C:/Users/maill/WORK/Dataset/5_4/img (14),особенности
C:/Users/maill/WORK/Dataset/5_4/img (15),крестьяне
C:/Users/maill/WORK/Dataset/5_4/img (16),нам
C:/Users/maill/WORK/Dataset/5_4/img (17),не
C:/Users/maill/WORK/Dataset/5_4/img (18),надо
C:/Users/maill/WORK/Dataset/5_4/img (19),отговариваться
C:/Users/maill/WORK/Dataset/5_4/img (20),от
C:/Users/maill/WORK/Dataset/5_4/img (21),3го
C:/Users/maill/WORK/Dataset/5_4/img (22),займа
C:/Users/maill/WORK/Dataset/5_4/img (23),"Индустриализации,"
C:/Users/maill/WORK/Dataset/5_4/img (24),а
C:/Users/maill/WORK/Dataset/5_4/img (25),нам
C:/Users/maill/WORK/Dataset/5_4/img (26),нужно
C:/Users/maill/WORK/Dataset/5_4/img (27),так
C:/Users/maill/WORK/Dataset/5_4/img (28),же
C:/Users/maill/WORK/Dataset/5_4/img (29),приветствовать
C:/Users/maill/WORK/Dataset/5_4/img (30),Ленинградских
C:/Users/maill/WORK/Dataset/5_4/img (31),рабочих
C:/Users/maill/WORK/Dataset/5_4/img (32),за
C:/Users/maill/WORK/Dataset/5_4/img (33),3й
C:/Users/maill/WORK/Dataset/5_4/img (34),займ
C:/Users/maill/WORK/Dataset/5_4/img (35),Индустриализации
C:/Users/maill/WORK/Dataset/5_4/img (36),Как
C:/Users/maill/WORK/Dataset/5_4/img (37),приветствуют
C:/Users/maill/WORK/Dataset/5_4/img (38),рабочие
C:/Users/maill/WORK/Dataset/5_4/img (39),всего
C:/Users/maill/WORK/Dataset/5_4/img (40),советского
C:/Users/maill/WORK/Dataset/5_4/img (41),"союза,"
C:/Users/maill/WORK/Dataset/5_4/img (42),да
C:/Users/maill/WORK/Dataset/5_4/img (43),здравствует
C:/Users/maill/WORK/Dataset/5_4/img (44),новый
C:/Users/maill/WORK/Dataset/5_4/img (45),выпуск
C:/Users/maill/WORK/Dataset/5_4/img (46),3го
C:/Users/maill/WORK/Dataset/5_4/img (47),займа
C:/Users/maill/WORK/Dataset/5_4/img (48),"Индустриализации,"
C:/Users/maill/WORK/Dataset/5_4/img (49),да
C:/Users/maill/WORK/Dataset/5_4/img (50),здравствуют
C:/Users/maill/WORK/Dataset/5_4/img (51),ленинградские
C:/Users/maill/WORK/Dataset/5_4/img (52),передовики
C:/Users/maill/WORK/Dataset/5_4/img (53),нашего
C:/Users/maill/WORK/Dataset/5_4/img (54),советс-
C:/Users/maill/WORK/Dataset/5_4/img (55),кого
C:/Users/maill/WORK/Dataset/5_4/img (56),"строительства,"
C:/Users/maill/WORK/Dataset/5_4/img (57),далее
C:/Users/maill/WORK/Dataset/5_4/img (58),я
C:/Users/maill/WORK/Dataset/5_4/img (59),обращаюсь
C:/Users/maill/WORK/Dataset/5_4/img (60),к
C:/Users/maill/WORK/Dataset/5_4/img (61),крестьянам
C:/Users/maill/WORK/Dataset/5_4/img (62),беднякам
C:/Users/maill/WORK/Dataset/5_4/img (63),и
C:/Users/maill/WORK/Dataset/5_4/img (64),сред-
C:/Users/maill/WORK/Dataset/5_4/img (65),някам
C:/Users/maill/WORK/Dataset/5_4/img (66),всего
C:/Users/maill/WORK/Dataset/5_4/img (67),советского
C:/Users/maill/WORK/Dataset/5_4/img (68),"союза,"
C:/Users/maill/WORK/Dataset/5_4/img (69),наша
C:/Users/maill/WORK/Dataset/5_4/img (70),задача
C:/Users/maill/WORK/Dataset/5_4/img (71),свами
C:/Users/maill/WORK/Dataset/5_4/img (72),не
C:/Users/maill/WORK/Dataset/5_4/img (73),подорвать
C:/Users/maill/WORK/Dataset/5_4/img (74),пяти
C:/Users/maill/WORK/Dataset/5_4/img (75),летнего
C:/Users/maill/WORK/Dataset/5_4/img (76),плана
C:/Users/maill/WORK/Dataset/5_4/img (77),не
C:/Users/maill/WORK/Dataset/5_4/img (78),обходимо
C:/Users/maill/WORK/Dataset/5_4/img (79),на
C:/Users/maill/WORK/Dataset/5_4/img (80),пряч
C:/Users/maill/WORK/Dataset/5_4/img (81),свои
C:/Users/maill/WORK/Dataset/5_4/img (82),силы
C:/Users/maill/WORK/Dataset/5_4/img (83),выполнить
C:/Users/maill/WORK/Dataset/5_4/img (84),хлебозаготовительные
C:/Users/maill/WORK/Dataset/5_4/img (85),планы
C:/Users/maill/WORK/Dataset/5_4/img (86),выпущенные
C:/Users/maill/WORK/Dataset/5_4/img (87),правительством
C:/Users/maill/WORK/Dataset/5_4/img (88),правительством
C:/Users/maill/WORK/Dataset/5_4/img (89),Ц.К.
C:/Users/maill/WORK/Dataset/5_4/img (90),В.К.П.(б)
C:/Users/maill/WORK/Dataset/5_4/img (91),и
C:/Users/maill/WORK/Dataset/5_4/img (92),В.Ц.И.К.
C:/Users/maill/WORK/Dataset/5_4/img (93),"С.С.С.Р,"
C:/Users/maill/WORK/Dataset/5_4/img (94),и
C:/Users/maill/WORK/Dataset/5_4/img (95),поднимать
C:/Users/maill/WORK/Dataset/5_4/img (96),посевную
C:/Users/maill/WORK/Dataset/5_4/img (97),компанию
C:/Users/maill/WORK/Dataset/5_4/img (98),как
C:/Users/maill/WORK/Dataset/5_4/img (99),расширяли
C:/Users/maill/WORK/Dataset/5_4/img (100),в
C:/Users/maill/WORK/Dataset/5_4/img (101),нынешнем
C:/Users/maill/WORK/Dataset/5_4/img (102),1929г.
C:/Users/maill/WORK/Dataset/5_4/img (103),весеннюю
C:/Users/maill/WORK/Dataset/5_4/img (104),и
C:/Users/maill/WORK/Dataset/5_4/img (105),осеннюю
C:/Users/maill/WORK/Dataset/5_4/img (106),посевную
C:/Users/maill/WORK/Dataset/5_4/img (107),"площадь,"
C:/Users/maill/WORK/Dataset/5_4/img (108),также
C:/Users/maill/WORK/Dataset/5_4/img (109),сильки
C:/Users/maill/WORK/Dataset/5_4/img (110),на
C:/Users/maill/WORK/Dataset/5_4/img (111),прягем
C:/Users/maill/WORK/Dataset/5_4/img (112),на
C:/Users/maill/WORK/Dataset/5_4/img (113),расширение
C:/Users/maill/WORK/Dataset/5_4/img (114),весенней
C:/Users/maill/WORK/Dataset/5_4/img (115),посевной
C:/Users/maill/WORK/Dataset/5_4/img (116),площади
C:/Users/maill/WORK/Dataset/5_4/img (117),и
C:/Users/maill/WORK/Dataset/5_4/img (118),поднимем
C:/Users/maill/WORK/Dataset/5_4/img (119),урожайность
C:/Users/maill/WORK/Dataset/5_4/img (120),в
C:/Users/maill/WORK/Dataset/5_4/img (121),1930
C:/Users/maill/WORK/Dataset/5_4/img (122),году.
C:/Users/maill/WORK/Dataset/5_4/img (123),только
C:/Users/maill/WORK/Dataset/5_4/img (124),при
C:/Users/maill/WORK/Dataset/5_4/img (125),выполнении
C:/Users/maill/WORK/Dataset/5_4/img (126),хлебозаготовок
C:/Users/maill/WORK/Dataset/5_4/img (127),и
C:/Users/maill/WORK/Dataset/5_4/img (128),при
C:/Users/maill/WORK/Dataset/5_4/img (129),расширении
C:/Users/maill/WORK/Dataset/5_4/img (130),посевной
C:/Users/maill/WORK/Dataset/5_4/img (131),площади
C:/Users/maill/WORK/Dataset/5_4/img (132),и
C:/Users/maill/WORK/Dataset/5_4/img (133),повышении
C:/Users/maill/WORK/Dataset/5_4/img (134),урожай-
C:/Users/maill/WORK/Dataset/5_4/img (135),"ности,"
C:/Users/maill/WORK/Dataset/5_4/img (136),мы
C:/Users/maill/WORK/Dataset/5_4/img (137),легко
C:/Users/maill/WORK/Dataset/5_4/img (138),можем
C:/Users/maill/WORK/Dataset/5_4/img (139),суметь
C:/Users/maill/WORK/Dataset/5_4/img (140),выполнить
C:/Users/maill/WORK/Dataset/5_4/img (141),пяти
C:/Users/maill/WORK/Dataset/5_4/img (142),летний
C:/Users/maill/WORK/Dataset/5_4/img (143),план
C:/Users/maill/WORK/Dataset/5_4/img (144),строительства
C:/Users/maill/WORK/Dataset/5_4/img (145),и
C:/Users/maill/WORK/Dataset/5_4/img (146),преодалеть
C:/Users/maill/WORK/Dataset/5_4/img (147),наши
C:/Users/maill/WORK/Dataset/5_4/img (148),существующие
C:/Users/maill/WORK/Dataset/5_4/img (149),"трудности,"
C:/Users/maill/WORK/Dataset/5_4/img (150),только
C:/Users/maill/WORK/Dataset/5_4/img (151),тогда
C:/Users/maill/WORK/Dataset/5_4/img (152),мы
C:/Users/maill/WORK/Dataset/5_4/img (153),можем
C:/Users/maill/WORK/Dataset/5_4/img (154),освободиться
C:/Users/maill/WORK/Dataset/5_4/img (155),от
C:/Users/maill/WORK/Dataset/5_4/img (156),капиталистических
C:/Users/maill/WORK/Dataset/5_4/img (157),попыток
C:/Users/maill/WORK/Dataset/5_4/img (158),сорвать
C:/Users/maill/WORK/Dataset/5_4/img (159),наше
C:/Users/maill/WORK/Dataset/5_4/img (160),советское
C:/Users/maill/WORK/Dataset/5_4/img (161),хозяйство.
C:/Users/maill/WORK/Dataset/5_4/img (162),товарищи
C:/Users/maill/WORK/Dataset/5_4/img (163),бедняка
C:/Users/maill/WORK/Dataset/5_4/img (164),и
C:/Users/maill/WORK/Dataset/5_4/img (165),средняки
C:/Users/maill/WORK/Dataset/5_4/img (166),не
C:/Users/maill/WORK/Dataset/5_4/img (167),смотрите
C:/Users/maill/WORK/Dataset/5_4/img (168),на
C:/Users/maill/WORK/Dataset/5_4/img (169),кулаков
C:/Users/maill/WORK/Dataset/5_4/img (170),и
C:/Users/maill/WORK/Dataset/5_4/img (171),злостных
C:/Users/maill/WORK/Dataset/5_4/img (172),зажимщиков
C:/Users/maill/WORK/Dataset/5_4/img (173),хлеба
C:/Users/maill/WORK/Dataset/5_4/img (174),и
C:/Users/maill/WORK/Dataset/5_4/img (175),чего
C:/Users/maill/WORK/Dataset/5_4/img (176),они
C:/Users/maill/WORK/Dataset/5_4/img (177),на
C:/Users/maill/WORK/Dataset/5_4/img (178),певают
C:/Users/maill/WORK/Dataset/5_4/img (179),и
C:/Users/maill/WORK/Dataset/5_4/img (180),не
C:/Users/maill/WORK/Dataset/5_4/img (181),будьте
C:/Users/maill/WORK/Dataset/5_4/img (182),сами
C:/Users/maill/WORK/Dataset/5_4/img (183),"таковыми,"
C:/Users/maill/WORK/Dataset/5_4/img (184),это
C:/Users/maill/WORK/Dataset/5_4/img (185),есть
C:/Users/maill/WORK/Dataset/5_4/img (186),"полный,"
C:/Users/maill/WORK/Dataset/5_4/img (187),распад
C:/Users/maill/WORK/Dataset/5_4/img (188),нашей
C:/Users/maill/WORK/Dataset/5_4/img (189),будущей
C:/Users/maill/WORK/Dataset/5_4/img (190),"жизни,"
C:/Users/maill/WORK/Dataset/5_4/img (191),кулаки
C:/Users/maill/WORK/Dataset/5_4/img (192),нас
C:/Users/maill/WORK/Dataset/5_4/img (193),подводят
C:/Users/maill/WORK/Dataset/5_4/img (194),к
C:/Users/maill/WORK/Dataset/5_4/img (195),власти
C:/Users/maill/WORK/Dataset/5_4/img (196),капиталистического
C:/Users/maill/WORK/Dataset/5_4/img (197),гнета
C:/Users/maill/WORK/Dataset/5_4/img (198),Товерищи
C:/Users/maill/WORK/Dataset/5_4/img (199),бедняки
C:/Users/maill/WORK/Dataset/5_4/img (200),и
C:/Users/maill/WORK/Dataset/5_4/img (201),средняки!
C:/Users/maill/WORK/Dataset/5_4/img (202),Кулаки
C:/Users/maill/WORK/Dataset/5_4/img (203),нэпманы(?)
C:/Users/maill/WORK/Dataset/5_4/img (204),попы
C:/Users/maill/WORK/Dataset/5_4/img (205),и
C:/Users/maill/WORK/Dataset/5_4/img (206),"сектанты,"
C:/Users/maill/WORK/Dataset/5_4/img (207),они
C:/Users/maill/WORK/Dataset/5_4/img (208),всячески
C:/Users/maill/WORK/Dataset/5_4/img (209),стараются
C:/Users/maill/WORK/Dataset/5_4/img (210),подорвать
C:/Users/maill/WORK/Dataset/5_4/img (211),наше
C:/Users/maill/WORK/Dataset/5_4/img (212),советское
C:/Users/maill/WORK/Dataset/5_4/img (213),хозяйство.
C:/Users/maill/WORK/Dataset/5_5/img (1),7.
C:/Users/maill/WORK/Dataset/5_5/img (2),дальше
C:/Users/maill/WORK/Dataset/5_5/img (3),я
C:/Users/maill/WORK/Dataset/5_5/img (4),обращаюсь
C:/Users/maill/WORK/Dataset/5_5/img (5),ковсем
C:/Users/maill/WORK/Dataset/5_5/img (6),трудящимся
C:/Users/maill/WORK/Dataset/5_5/img (7),рабочим
C:/Users/maill/WORK/Dataset/5_5/img (8),работницам
C:/Users/maill/WORK/Dataset/5_5/img (9),крестьянам
C:/Users/maill/WORK/Dataset/5_5/img (10),и
C:/Users/maill/WORK/Dataset/5_5/img (11),крестьянкам
C:/Users/maill/WORK/Dataset/5_5/img (12),батракам
C:/Users/maill/WORK/Dataset/5_5/img (13),батрачкам
C:/Users/maill/WORK/Dataset/5_5/img (14),беднякам
C:/Users/maill/WORK/Dataset/5_5/img (15),и
C:/Users/maill/WORK/Dataset/5_5/img (16),"беднячкам,"
C:/Users/maill/WORK/Dataset/5_5/img (17),нам
C:/Users/maill/WORK/Dataset/5_5/img (18),вочтобыто
C:/Users/maill/WORK/Dataset/5_5/img (19),не
C:/Users/maill/WORK/Dataset/5_5/img (20),стало
C:/Users/maill/WORK/Dataset/5_5/img (21),нужно
C:/Users/maill/WORK/Dataset/5_5/img (22),преодолеть
C:/Users/maill/WORK/Dataset/5_5/img (23),силу
C:/Users/maill/WORK/Dataset/5_5/img (24),религиозного
C:/Users/maill/WORK/Dataset/5_5/img (25),"дурмана,"
C:/Users/maill/WORK/Dataset/5_5/img (26),активнее
C:/Users/maill/WORK/Dataset/5_5/img (27),участвоть
C:/Users/maill/WORK/Dataset/5_5/img (28),на
C:/Users/maill/WORK/Dataset/5_5/img (29),бедняцких
C:/Users/maill/WORK/Dataset/5_5/img (30),собраниях
C:/Users/maill/WORK/Dataset/5_5/img (31),так
C:/Users/maill/WORK/Dataset/5_5/img (32),и
C:/Users/maill/WORK/Dataset/5_5/img (33),на
C:/Users/maill/WORK/Dataset/5_5/img (34),открытых
C:/Users/maill/WORK/Dataset/5_5/img (35),партийных
C:/Users/maill/WORK/Dataset/5_5/img (36),"собраньях,"
C:/Users/maill/WORK/Dataset/5_5/img (37),совниманыем
C:/Users/maill/WORK/Dataset/5_5/img (38),слушать
C:/Users/maill/WORK/Dataset/5_5/img (39),партийцев
C:/Users/maill/WORK/Dataset/5_5/img (40),которые
C:/Users/maill/WORK/Dataset/5_5/img (41),выпол-
C:/Users/maill/WORK/Dataset/5_5/img (42),няют
C:/Users/maill/WORK/Dataset/5_5/img (43),линию
C:/Users/maill/WORK/Dataset/5_5/img (44),Ц.К.
C:/Users/maill/WORK/Dataset/5_5/img (45),В.К.П
C:/Users/maill/WORK/Dataset/5_5/img (46),(б)
C:/Users/maill/WORK/Dataset/5_5/img (47),ведущую
C:/Users/maill/WORK/Dataset/5_5/img (48),позаветам
C:/Users/maill/WORK/Dataset/5_5/img (49),В.И.
C:/Users/maill/WORK/Dataset/5_5/img (50),Ленина
C:/Users/maill/WORK/Dataset/5_5/img (51),и
C:/Users/maill/WORK/Dataset/5_5/img (52),чаще
C:/Users/maill/WORK/Dataset/5_5/img (53),задавать
C:/Users/maill/WORK/Dataset/5_5/img (54),вопросы
C:/Users/maill/WORK/Dataset/5_5/img (55),на
C:/Users/maill/WORK/Dataset/5_5/img (56),которые
C:/Users/maill/WORK/Dataset/5_5/img (57),вопреки
C:/Users/maill/WORK/Dataset/5_5/img (58),партиец
C:/Users/maill/WORK/Dataset/5_5/img (59),может
C:/Users/maill/WORK/Dataset/5_5/img (60),"ответить,"
C:/Users/maill/WORK/Dataset/5_5/img (61),и
C:/Users/maill/WORK/Dataset/5_5/img (62),так
C:/Users/maill/WORK/Dataset/5_5/img (63),моя
C:/Users/maill/WORK/Dataset/5_5/img (64),и
C:/Users/maill/WORK/Dataset/5_5/img (65),партийная
C:/Users/maill/WORK/Dataset/5_5/img (66),прозьба
C:/Users/maill/WORK/Dataset/5_5/img (67),ковсем
C:/Users/maill/WORK/Dataset/5_5/img (68),трудящимся
C:/Users/maill/WORK/Dataset/5_5/img (69),активистам
C:/Users/maill/WORK/Dataset/5_5/img (70),к
C:/Users/maill/WORK/Dataset/5_5/img (71),советскому
C:/Users/maill/WORK/Dataset/5_5/img (72),хозяйству
C:/Users/maill/WORK/Dataset/5_5/img (73),не
C:/Users/maill/WORK/Dataset/5_5/img (74),медленно
C:/Users/maill/WORK/Dataset/5_5/img (75),вступать
C:/Users/maill/WORK/Dataset/5_5/img (76),в
C:/Users/maill/WORK/Dataset/5_5/img (77),ряды
C:/Users/maill/WORK/Dataset/5_5/img (78),В.К.П.(б)
C:/Users/maill/WORK/Dataset/5_5/img (79),и
C:/Users/maill/WORK/Dataset/5_5/img (80),активнее
C:/Users/maill/WORK/Dataset/5_5/img (81),участвовать
C:/Users/maill/WORK/Dataset/5_5/img (82),в
C:/Users/maill/WORK/Dataset/5_5/img (83),работе
C:/Users/maill/WORK/Dataset/5_5/img (84),"ячеек,"
C:/Users/maill/WORK/Dataset/5_5/img (85),тогда
C:/Users/maill/WORK/Dataset/5_5/img (86),мы
C:/Users/maill/WORK/Dataset/5_5/img (87),скорее
C:/Users/maill/WORK/Dataset/5_5/img (88),преодолеем
C:/Users/maill/WORK/Dataset/5_5/img (89),трудности
C:/Users/maill/WORK/Dataset/5_5/img (90),советскова
C:/Users/maill/WORK/Dataset/5_5/img (91),"государства,"
C:/Users/maill/WORK/Dataset/5_5/img (92),скорее
C:/Users/maill/WORK/Dataset/5_5/img (93),сломим
C:/Users/maill/WORK/Dataset/5_5/img (94),гнет
C:/Users/maill/WORK/Dataset/5_5/img (95),капиталистических
C:/Users/maill/WORK/Dataset/5_5/img (96),"палачей,"
C:/Users/maill/WORK/Dataset/5_5/img (97),которые
C:/Users/maill/WORK/Dataset/5_5/img (98),всячески
C:/Users/maill/WORK/Dataset/5_5/img (99),стараются
C:/Users/maill/WORK/Dataset/5_5/img (100),сломить
C:/Users/maill/WORK/Dataset/5_5/img (101),советский
C:/Users/maill/WORK/Dataset/5_5/img (102),союз
C:/Users/maill/WORK/Dataset/5_5/img (103),и
C:/Users/maill/WORK/Dataset/5_5/img (104),задушить
C:/Users/maill/WORK/Dataset/5_5/img (105),всех
C:/Users/maill/WORK/Dataset/5_5/img (106),рабочих
C:/Users/maill/WORK/Dataset/5_5/img (107),и
C:/Users/maill/WORK/Dataset/5_5/img (108),крестьян
C:/Users/maill/WORK/Dataset/5_5/img (109),всего
C:/Users/maill/WORK/Dataset/5_5/img (110),"мира,"
C:/Users/maill/WORK/Dataset/5_5/img (111),чем
C:/Users/maill/WORK/Dataset/5_5/img (112),скореем
C:/Users/maill/WORK/Dataset/5_5/img (113),мы
C:/Users/maill/WORK/Dataset/5_5/img (114),преодолеем
C:/Users/maill/WORK/Dataset/5_5/img (115),труд-
C:/Users/maill/WORK/Dataset/5_5/img (116),"ностей,"
C:/Users/maill/WORK/Dataset/5_5/img (117),тем
C:/Users/maill/WORK/Dataset/5_5/img (118),скорее
C:/Users/maill/WORK/Dataset/5_5/img (119),мы
C:/Users/maill/WORK/Dataset/5_5/img (120),освободим
C:/Users/maill/WORK/Dataset/5_5/img (121),наших
C:/Users/maill/WORK/Dataset/5_5/img (122),зарубеж-
C:/Users/maill/WORK/Dataset/5_5/img (123),ных
C:/Users/maill/WORK/Dataset/5_5/img (124),(заграничных)
C:/Users/maill/WORK/Dataset/5_5/img (125),товарищей
C:/Users/maill/WORK/Dataset/5_5/img (126),которые
C:/Users/maill/WORK/Dataset/5_5/img (127),живут
C:/Users/maill/WORK/Dataset/5_5/img (128),под
C:/Users/maill/WORK/Dataset/5_5/img (129),игом
C:/Users/maill/WORK/Dataset/5_5/img (130),"палачей,"
C:/Users/maill/WORK/Dataset/5_5/img (131),долой
C:/Users/maill/WORK/Dataset/5_5/img (132),капитализм
C:/Users/maill/WORK/Dataset/5_5/img (133),да
C:/Users/maill/WORK/Dataset/5_5/img (134),здравстует
C:/Users/maill/WORK/Dataset/5_5/img (135),Мировая
C:/Users/maill/WORK/Dataset/5_5/img (136),революцыя
C:/Users/maill/WORK/Dataset/5_5/img (137),да
C:/Users/maill/WORK/Dataset/5_5/img (138),здравстует
C:/Users/maill/WORK/Dataset/5_5/img (139),коминтерн
C:/Users/maill/WORK/Dataset/5_5/img (140),рабочих
C:/Users/maill/WORK/Dataset/5_5/img (141),и
C:/Users/maill/WORK/Dataset/5_5/img (142),крестьян
C:/Users/maill/WORK/Dataset/5_5/img (143),всего
C:/Users/maill/WORK/Dataset/5_5/img (144),мира
C:/Users/maill/WORK/Dataset/5_5/img (145),да
C:/Users/maill/WORK/Dataset/5_5/img (146),здравстует
C:/Users/maill/WORK/Dataset/5_5/img (147),наш
C:/Users/maill/WORK/Dataset/5_5/img (148),руководящий
C:/Users/maill/WORK/Dataset/5_5/img (149),Орган
C:/Users/maill/WORK/Dataset/5_5/img (150),все
C:/Users/maill/WORK/Dataset/5_5/img (151),союзная
C:/Users/maill/WORK/Dataset/5_5/img (152),комунистическая
C:/Users/maill/WORK/Dataset/5_5/img (153),партия
C:/Users/maill/WORK/Dataset/5_5/img (154),большевиков
C:/Users/maill/WORK/Dataset/5_5/img (155),дальше
C:/Users/maill/WORK/Dataset/5_5/img (156),я
C:/Users/maill/WORK/Dataset/5_5/img (157),обращаюсь
C:/Users/maill/WORK/Dataset/5_5/img (158),к
C:/Users/maill/WORK/Dataset/5_5/img (159),редколлегие
C:/Users/maill/WORK/Dataset/5_5/img (160),стем
C:/Users/maill/WORK/Dataset/5_5/img (161),что
C:/Users/maill/WORK/Dataset/5_5/img (162),ладно
C:/Users/maill/WORK/Dataset/5_5/img (163),ли
C:/Users/maill/WORK/Dataset/5_5/img (164),я
C:/Users/maill/WORK/Dataset/5_5/img (165),пишу
C:/Users/maill/WORK/Dataset/5_5/img (166),и
C:/Users/maill/WORK/Dataset/5_5/img (167),злагаю
C:/Users/maill/WORK/Dataset/5_5/img (168),свои
C:/Users/maill/WORK/Dataset/5_5/img (169),мысли
C:/Users/maill/WORK/Dataset/5_5/img (170),прошу
C:/Users/maill/WORK/Dataset/5_5/img (171),меня
C:/Users/maill/WORK/Dataset/5_5/img (172),извинить
C:/Users/maill/WORK/Dataset/5_5/img (173),если
C:/Users/maill/WORK/Dataset/5_5/img (174),чего
C:/Users/maill/WORK/Dataset/5_5/img (175),не
C:/Users/maill/WORK/Dataset/5_5/img (176),ладно
C:/Users/maill/WORK/Dataset/5_5/img (177),написал
C:/Users/maill/WORK/Dataset/5_5/img (178),и
C:/Users/maill/WORK/Dataset/5_5/img (179),прошу
C:/Users/maill/WORK/Dataset/5_5/img (180),поправить
C:/Users/maill/WORK/Dataset/5_5/img (181),и
C:/Users/maill/WORK/Dataset/5_5/img (182),пустить
C:/Users/maill/WORK/Dataset/5_5/img (183),в
C:/Users/maill/WORK/Dataset/5_5/img (184),"печать,"
C:/Users/maill/WORK/Dataset/5_5/img (185),а
C:/Users/maill/WORK/Dataset/5_5/img (186),если
C:/Users/maill/WORK/Dataset/5_5/img (187),чего
C:/Users/maill/WORK/Dataset/5_5/img (188),неладно
C:/Users/maill/WORK/Dataset/5_5/img (189),дайте
C:/Users/maill/WORK/Dataset/5_5/img (190),мне
C:/Users/maill/WORK/Dataset/5_5/img (191),"ответ,"
C:/Users/maill/WORK/Dataset/5_5/img (192),т.к.
C:/Users/maill/WORK/Dataset/5_5/img (193),"я,"
C:/Users/maill/WORK/Dataset/5_5/img (194),пишу
C:/Users/maill/WORK/Dataset/5_5/img (195),в
C:/Users/maill/WORK/Dataset/5_5/img (196),первый
C:/Users/maill/WORK/Dataset/5_5/img (197),"раз,"
C:/Users/maill/WORK/Dataset/5_5/img (198),ваш
C:/Users/maill/WORK/Dataset/5_5/img (199),подписчик
C:/Users/maill/WORK/Dataset/5_5/img (200),на
C:/Users/maill/WORK/Dataset/5_5/img (201),кр-ую
C:/Users/maill/WORK/Dataset/5_5/img (202),га-ту
C:/Users/maill/WORK/Dataset/5_5/img (203),В.Я.
C:/Users/maill/WORK/Dataset/5_5/img (204),Пьянков
C:/Users/maill/WORK/Dataset/5_6/img (1),вопрос
C:/Users/maill/WORK/Dataset/5_6/img (2),теперь
C:/Users/maill/WORK/Dataset/5_6/img (3),яже
C:/Users/maill/WORK/Dataset/5_6/img (4),прошу
C:/Users/maill/WORK/Dataset/5_6/img (5),ответит
C:/Users/maill/WORK/Dataset/5_6/img (6),мне
C:/Users/maill/WORK/Dataset/5_6/img (7),на
C:/Users/maill/WORK/Dataset/5_6/img (8),мой
C:/Users/maill/WORK/Dataset/5_6/img (9),вопрос
C:/Users/maill/WORK/Dataset/5_6/img (10),будут
C:/Users/maill/WORK/Dataset/5_6/img (11),ли
C:/Users/maill/WORK/Dataset/5_6/img (12),приматься
C:/Users/maill/WORK/Dataset/5_6/img (13),на
C:/Users/maill/WORK/Dataset/5_6/img (14),тракторные
C:/Users/maill/WORK/Dataset/5_6/img (15),курсы
C:/Users/maill/WORK/Dataset/5_6/img (16),бедняки
C:/Users/maill/WORK/Dataset/5_6/img (17),из
C:/Users/maill/WORK/Dataset/5_6/img (18),"крестьян,"
C:/Users/maill/WORK/Dataset/5_6/img (19),из
C:/Users/maill/WORK/Dataset/5_6/img (20),деревни
C:/Users/maill/WORK/Dataset/5_6/img (21),неорганизованного
C:/Users/maill/WORK/Dataset/5_6/img (22),на-
C:/Users/maill/WORK/Dataset/5_6/img (23),селенья
C:/Users/maill/WORK/Dataset/5_6/img (24),если
C:/Users/maill/WORK/Dataset/5_6/img (25),будут
C:/Users/maill/WORK/Dataset/5_6/img (26),то
C:/Users/maill/WORK/Dataset/5_6/img (27),какие
C:/Users/maill/WORK/Dataset/5_6/img (28),документы
C:/Users/maill/WORK/Dataset/5_6/img (29),нужно
C:/Users/maill/WORK/Dataset/5_6/img (30),иметь
C:/Users/maill/WORK/Dataset/5_6/img (31),для
C:/Users/maill/WORK/Dataset/5_6/img (32),поступленья
C:/Users/maill/WORK/Dataset/5_6/img (33),на
C:/Users/maill/WORK/Dataset/5_6/img (34),"тракториста,"
C:/Users/maill/WORK/Dataset/5_6/img (35),д.
C:/Users/maill/WORK/Dataset/5_6/img (36),В-Боевки
C:/Users/maill/WORK/Dataset/5_6/img (37),В.Я.
C:/Users/maill/WORK/Dataset/5_6/img (38),Пьянков
C:/Users/maill/WORK/Dataset/5_6/img (39),вопрос
C:/Users/maill/WORK/Dataset/5_6/img (40),мой
C:/Users/maill/WORK/Dataset/5_6/img (41),же
C:/Users/maill/WORK/Dataset/5_6/img (42),могут
C:/Users/maill/WORK/Dataset/5_6/img (43),ли
C:/Users/maill/WORK/Dataset/5_6/img (44),дать
C:/Users/maill/WORK/Dataset/5_6/img (45),трактор
C:/Users/maill/WORK/Dataset/5_6/img (46),для
C:/Users/maill/WORK/Dataset/5_6/img (47),в
C:/Users/maill/WORK/Dataset/5_6/img (48),новь
C:/Users/maill/WORK/Dataset/5_6/img (49),организованной
C:/Users/maill/WORK/Dataset/5_6/img (50),коммуны
C:/Users/maill/WORK/Dataset/5_6/img (51),в
C:/Users/maill/WORK/Dataset/5_6/img (52),количестве
C:/Users/maill/WORK/Dataset/5_6/img (53),10
C:/Users/maill/WORK/Dataset/5_6/img (54),"семей,"
C:/Users/maill/WORK/Dataset/5_6/img (55),так
C:/Users/maill/WORK/Dataset/5_6/img (56),как
C:/Users/maill/WORK/Dataset/5_6/img (57),в
C:/Users/maill/WORK/Dataset/5_6/img (58),комуну
C:/Users/maill/WORK/Dataset/5_6/img (59),находятся
C:/Users/maill/WORK/Dataset/5_6/img (60),только
C:/Users/maill/WORK/Dataset/5_6/img (61),семьи
C:/Users/maill/WORK/Dataset/5_6/img (62),самые
C:/Users/maill/WORK/Dataset/5_6/img (63),"бедняцкие,"
C:/Users/maill/WORK/Dataset/5_6/img (64),изкоторых
C:/Users/maill/WORK/Dataset/5_6/img (65),только
C:/Users/maill/WORK/Dataset/5_6/img (66),5
C:/Users/maill/WORK/Dataset/5_6/img (67),лош
C:/Users/maill/WORK/Dataset/5_6/img (68),и
C:/Users/maill/WORK/Dataset/5_6/img (69),те
C:/Users/maill/WORK/Dataset/5_6/img (70),"плохие,"
C:/Users/maill/WORK/Dataset/5_6/img (71),В.Я.
C:/Users/maill/WORK/Dataset/5_6/img (72),Пьянков.
C:/Users/maill/WORK/Dataset/5_6/img (73),затем
C:/Users/maill/WORK/Dataset/5_6/img (74),я
C:/Users/maill/WORK/Dataset/5_6/img (75),еще
C:/Users/maill/WORK/Dataset/5_6/img (76),обращаюсь
C:/Users/maill/WORK/Dataset/5_6/img (77),в
C:/Users/maill/WORK/Dataset/5_6/img (78),крестьянскую
C:/Users/maill/WORK/Dataset/5_6/img (79),"газету,"
C:/Users/maill/WORK/Dataset/5_6/img (80),мне
C:/Users/maill/WORK/Dataset/5_6/img (81),очень
C:/Users/maill/WORK/Dataset/5_6/img (82),хотится
C:/Users/maill/WORK/Dataset/5_6/img (83),быть
C:/Users/maill/WORK/Dataset/5_6/img (84),в
C:/Users/maill/WORK/Dataset/5_6/img (85),"комуне,"
C:/Users/maill/WORK/Dataset/5_6/img (86),только
C:/Users/maill/WORK/Dataset/5_6/img (87),из
C:/Users/maill/WORK/Dataset/5_6/img (88),затого
C:/Users/maill/WORK/Dataset/5_6/img (89),что
C:/Users/maill/WORK/Dataset/5_6/img (90),бы
C:/Users/maill/WORK/Dataset/5_6/img (91),показать
C:/Users/maill/WORK/Dataset/5_6/img (92),нашей
C:/Users/maill/WORK/Dataset/5_6/img (93),бедноте
C:/Users/maill/WORK/Dataset/5_6/img (94),которая
C:/Users/maill/WORK/Dataset/5_6/img (95),сейчас
C:/Users/maill/WORK/Dataset/5_6/img (96),становится
C:/Users/maill/WORK/Dataset/5_6/img (97),на
C:/Users/maill/WORK/Dataset/5_6/img (98),дыбы
C:/Users/maill/WORK/Dataset/5_6/img (99),"т,е,"
C:/Users/maill/WORK/Dataset/5_6/img (100),идет
C:/Users/maill/WORK/Dataset/5_6/img (101),уже
C:/Users/maill/WORK/Dataset/5_6/img (102),против
C:/Users/maill/WORK/Dataset/5_6/img (103),власти
C:/Users/maill/WORK/Dataset/5_6/img (104),из
C:/Users/maill/WORK/Dataset/5_6/img (105),закризица
C:/Users/maill/WORK/Dataset/5_6/img (106),"хлеба,"
C:/Users/maill/WORK/Dataset/5_6/img (107),а
C:/Users/maill/WORK/Dataset/5_6/img (108),начнем
C:/Users/maill/WORK/Dataset/5_6/img (109),разс-
C:/Users/maill/WORK/Dataset/5_6/img (110),казывать
C:/Users/maill/WORK/Dataset/5_6/img (111),сучность
C:/Users/maill/WORK/Dataset/5_6/img (112),строительства
C:/Users/maill/WORK/Dataset/5_6/img (113),пятилетняго
C:/Users/maill/WORK/Dataset/5_6/img (114),плана
C:/Users/maill/WORK/Dataset/5_6/img (115),и
C:/Users/maill/WORK/Dataset/5_6/img (116),будущиго
C:/Users/maill/WORK/Dataset/5_6/img (117),соцыализма
C:/Users/maill/WORK/Dataset/5_6/img (118),(то
C:/Users/maill/WORK/Dataset/5_6/img (119),б)
C:/Users/maill/WORK/Dataset/5_6/img (120),и
C:/Users/maill/WORK/Dataset/5_6/img (121),про
C:/Users/maill/WORK/Dataset/5_6/img (122),колхозы
C:/Users/maill/WORK/Dataset/5_6/img (123),и
C:/Users/maill/WORK/Dataset/5_6/img (124),"коммуны,"
C:/Users/maill/WORK/Dataset/5_6/img (125),то
C:/Users/maill/WORK/Dataset/5_6/img (126),беднота
C:/Users/maill/WORK/Dataset/5_6/img (127),только
C:/Users/maill/WORK/Dataset/5_6/img (128),то
C:/Users/maill/WORK/Dataset/5_6/img (129),и
C:/Users/maill/WORK/Dataset/5_6/img (130),отвечает
C:/Users/maill/WORK/Dataset/5_6/img (131),что
C:/Users/maill/WORK/Dataset/5_6/img (132),мол
C:/Users/maill/WORK/Dataset/5_6/img (133),к
C:/Users/maill/WORK/Dataset/5_6/img (134),тому
C:/Users/maill/WORK/Dataset/5_6/img (135),времю
C:/Users/maill/WORK/Dataset/5_6/img (136),пропадеш
C:/Users/maill/WORK/Dataset/5_6/img (137),а
C:/Users/maill/WORK/Dataset/5_6/img (138),если
C:/Users/maill/WORK/Dataset/5_6/img (139),прокомуну
C:/Users/maill/WORK/Dataset/5_6/img (140),и
C:/Users/maill/WORK/Dataset/5_6/img (141),колхоз
C:/Users/maill/WORK/Dataset/5_6/img (142),так
C:/Users/maill/WORK/Dataset/5_6/img (143),один
C:/Users/maill/WORK/Dataset/5_6/img (144),ответ
C:/Users/maill/WORK/Dataset/5_6/img (145),вымол
C:/Users/maill/WORK/Dataset/5_6/img (146),коммунисты
C:/Users/maill/WORK/Dataset/5_6/img (147),так
C:/Users/maill/WORK/Dataset/5_6/img (148),почему
C:/Users/maill/WORK/Dataset/5_6/img (149),не
C:/Users/maill/WORK/Dataset/5_6/img (150),входите
C:/Users/maill/WORK/Dataset/5_6/img (151),не
C:/Users/maill/WORK/Dataset/5_6/img (152),кто
C:/Users/maill/WORK/Dataset/5_6/img (153),в
C:/Users/maill/WORK/Dataset/5_6/img (154),"комуну,"
C:/Users/maill/WORK/Dataset/5_6/img (155),а
C:/Users/maill/WORK/Dataset/5_6/img (156),нас
C:/Users/maill/WORK/Dataset/5_6/img (157),хотите
C:/Users/maill/WORK/Dataset/5_6/img (158),"загнать,"
C:/Users/maill/WORK/Dataset/5_6/img (159),указывают
C:/Users/maill/WORK/Dataset/5_6/img (160),на
C:/Users/maill/WORK/Dataset/5_6/img (161),бывшую
C:/Users/maill/WORK/Dataset/5_6/img (162),унас
C:/Users/maill/WORK/Dataset/5_6/img (163),коммуну
C:/Users/maill/WORK/Dataset/5_6/img (164),"Урал,"
C:/Users/maill/WORK/Dataset/5_6/img (165),что
C:/Users/maill/WORK/Dataset/5_6/img (166),была
C:/Users/maill/WORK/Dataset/5_6/img (167),унас
C:/Users/maill/WORK/Dataset/5_6/img (168),коммуна
C:/Users/maill/WORK/Dataset/5_6/img (169),-
C:/Users/maill/WORK/Dataset/5_6/img (170),так
C:/Users/maill/WORK/Dataset/5_6/img (171),что
C:/Users/maill/WORK/Dataset/5_6/img (172),изнее
C:/Users/maill/WORK/Dataset/5_6/img (173),вышло
C:/Users/maill/WORK/Dataset/5_6/img (174),все
C:/Users/maill/WORK/Dataset/5_6/img (175),разбежались
C:/Users/maill/WORK/Dataset/5_6/img (176),раз
C:/Users/maill/WORK/Dataset/5_6/img (177),ехались
C:/Users/maill/WORK/Dataset/5_6/img (178),не
C:/Users/maill/WORK/Dataset/5_6/img (179),кого
C:/Users/maill/WORK/Dataset/5_6/img (180),не
C:/Users/maill/WORK/Dataset/5_6/img (181),стало
C:/Users/maill/WORK/Dataset/5_6/img (182),который
C:/Users/maill/WORK/Dataset/5_6/img (183),раз
C:/Users/maill/WORK/Dataset/5_6/img (184),я
C:/Users/maill/WORK/Dataset/5_6/img (185),от
C:/Users/maill/WORK/Dataset/5_6/img (186),вечаю
C:/Users/maill/WORK/Dataset/5_6/img (187),иззачего
C:/Users/maill/WORK/Dataset/5_6/img (188),это
C:/Users/maill/WORK/Dataset/5_6/img (189),было
C:/Users/maill/WORK/Dataset/5_6/img (190),так
C:/Users/maill/WORK/Dataset/5_6/img (191),раньше
C:/Users/maill/WORK/Dataset/5_6/img (192),и
C:/Users/maill/WORK/Dataset/5_6/img (193),как
C:/Users/maill/WORK/Dataset/5_6/img (194),теперь
C:/Users/maill/WORK/Dataset/5_6/img (195),ведется
C:/Users/maill/WORK/Dataset/5_6/img (196),т.
C:/Users/maill/WORK/Dataset/5_6/img (197),к.
C:/Users/maill/WORK/Dataset/5_6/img (198),я
C:/Users/maill/WORK/Dataset/5_6/img (199),читаю
C:/Users/maill/WORK/Dataset/5_6/img (200),все
C:/Users/maill/WORK/Dataset/5_6/img (201),все
C:/Users/maill/WORK/Dataset/5_6/img (202),время
C:/Users/maill/WORK/Dataset/5_6/img (203),кр.
C:/Users/maill/WORK/Dataset/5_6/img (204),газ.
C:/Users/maill/WORK/Dataset/5_6/img (205),а
C:/Users/maill/WORK/Dataset/5_6/img (206),если
C:/Users/maill/WORK/Dataset/5_6/img (207),я
C:/Users/maill/WORK/Dataset/5_6/img (208),партийцам
C:/Users/maill/WORK/Dataset/5_6/img (209),начну
C:/Users/maill/WORK/Dataset/5_6/img (210),говорить
C:/Users/maill/WORK/Dataset/5_6/img (211),так
C:/Users/maill/WORK/Dataset/5_6/img (212),они
C:/Users/maill/WORK/Dataset/5_6/img (213),слушать
C:/Users/maill/WORK/Dataset/5_6/img (214),не
C:/Users/maill/WORK/Dataset/5_6/img (215),"хотят,"
C:/Users/maill/WORK/Dataset/5_6/img (216),а
C:/Users/maill/WORK/Dataset/5_6/img (217),от
C:/Users/maill/WORK/Dataset/5_6/img (218),вет
C:/Users/maill/WORK/Dataset/5_6/img (219),тот
C:/Users/maill/WORK/Dataset/5_6/img (220),ну
C:/Users/maill/WORK/Dataset/5_6/img (221),посмотреть
C:/Users/maill/WORK/Dataset/5_6/img (222),еще
C:/Users/maill/WORK/Dataset/5_6/img (223),"надо,"
C:/Users/maill/WORK/Dataset/5_6/img (224),а
C:/Users/maill/WORK/Dataset/5_6/img (225),оно
C:/Users/maill/WORK/Dataset/5_6/img (226),прочем
C:/Users/maill/WORK/Dataset/5_6/img (227),то
C:/Users/maill/WORK/Dataset/5_6/img (228),меня
C:/Users/maill/WORK/Dataset/5_6/img (229),им
C:/Users/maill/WORK/Dataset/5_6/img (230),и
C:/Users/maill/WORK/Dataset/5_6/img (231),не
C:/Users/maill/WORK/Dataset/5_6/img (232),надо
C:/Users/maill/WORK/Dataset/5_6/img (233),слушать
C:/Users/maill/WORK/Dataset/5_6/img (234),то
C:/Users/maill/WORK/Dataset/5_6/img (235),а
C:/Users/maill/WORK/Dataset/5_6/img (236),если
C:/Users/maill/WORK/Dataset/5_6/img (237),должны
C:/Users/maill/WORK/Dataset/5_6/img (238),раз
C:/Users/maill/WORK/Dataset/5_6/img (239),яснять
C:/Users/maill/WORK/Dataset/5_6/img (240),так
C:/Users/maill/WORK/Dataset/5_6/img (241),как
C:/Users/maill/WORK/Dataset/5_6/img (242),они
C:/Users/maill/WORK/Dataset/5_6/img (243),меня
C:/Users/maill/WORK/Dataset/5_6/img (244),постаре
C:/Users/maill/WORK/Dataset/5_6/img (245),я
C:/Users/maill/WORK/Dataset/5_6/img (246),считаю
C:/Users/maill/WORK/Dataset/5_6/img (247),это
C:/Users/maill/WORK/Dataset/5_6/img (248),не
C:/Users/maill/WORK/Dataset/5_6/img (249),есть
C:/Users/maill/WORK/Dataset/5_6/img (250),комунист
C:/Users/maill/WORK/Dataset/Text_1/img_0,Нелевина
C:/Users/maill/WORK/Dataset/Text_1/img_1,Михаила
C:/Users/maill/WORK/Dataset/Text_1/img_2,Деревенские
C:/Users/maill/WORK/Dataset/Text_1/img_3,частушки
C:/Users/maill/WORK/Dataset/Text_1/img_4,1)
C:/Users/maill/WORK/Dataset/Text_1/img_5,Товарищу
C:/Users/maill/WORK/Dataset/Text_1/img_6,"могили,"
C:/Users/maill/WORK/Dataset/Text_1/img_7,мне
C:/Users/maill/WORK/Dataset/Text_1/img_8,молодчику
C:/Users/maill/WORK/Dataset/Text_1/img_9,тюрма?
C:/Users/maill/WORK/Dataset/Text_1/img_10,Покоронят
C:/Users/maill/WORK/Dataset/Text_1/img_11,мое
C:/Users/maill/WORK/Dataset/Text_1/img_12,тело.
C:/Users/maill/WORK/Dataset/Text_1/img_13,подзелены
C:/Users/maill/WORK/Dataset/Text_1/img_14,тополя?
C:/Users/maill/WORK/Dataset/Text_1/img_15,2)
C:/Users/maill/WORK/Dataset/Text_1/img_16,Внашей
C:/Users/maill/WORK/Dataset/Text_1/img_17,деревушке
C:/Users/maill/WORK/Dataset/Text_1/img_18,сотворились
C:/Users/maill/WORK/Dataset/Text_1/img_19,"чудеса,"
C:/Users/maill/WORK/Dataset/Text_1/img_20,Богородица
C:/Users/maill/WORK/Dataset/Text_1/img_21,святая.
C:/Users/maill/WORK/Dataset/Text_1/img_22,в
C:/Users/maill/WORK/Dataset/Text_1/img_23,девких
C:/Users/maill/WORK/Dataset/Text_1/img_24,сына
C:/Users/maill/WORK/Dataset/Text_1/img_25,принесла?
C:/Users/maill/WORK/Dataset/Text_1/img_26,3)
C:/Users/maill/WORK/Dataset/Text_1/img_27,Все
C:/Users/maill/WORK/Dataset/Text_1/img_28,святи
C:/Users/maill/WORK/Dataset/Text_1/img_29,за
C:/Users/maill/WORK/Dataset/Text_1/img_30,"пировали,"
C:/Users/maill/WORK/Dataset/Text_1/img_31,видно
C:/Users/maill/WORK/Dataset/Text_1/img_32,бога
C:/Users/maill/WORK/Dataset/Text_1/img_33,дома
C:/Users/maill/WORK/Dataset/Text_1/img_34,нет
C:/Users/maill/WORK/Dataset/Text_1/img_35,Богородица
C:/Users/maill/WORK/Dataset/Text_1/img_36,святая
C:/Users/maill/WORK/Dataset/Text_1/img_37,комсомольцам
C:/Users/maill/WORK/Dataset/Text_1/img_38,ними
C:/Users/maill/WORK/Dataset/Text_1/img_39,кичет?
C:/Users/maill/WORK/Dataset/Text_10/img_1,налогоплательщи
C:/Users/maill/WORK/Dataset/Text_10/img_2,Середняк-Пуд
C:/Users/maill/WORK/Dataset/Text_10/img_3,"Багданыч,"
C:/Users/maill/WORK/Dataset/Text_10/img_4,одолж
C:/Users/maill/WORK/Dataset/Text_10/img_5,нужно
C:/Users/maill/WORK/Dataset/Text_10/img_6,досро
C:/Users/maill/WORK/Dataset/Text_10/img_7,на
C:/Users/maill/WORK/Dataset/Text_10/img_8,налог
C:/Users/maill/WORK/Dataset/Text_10/img_9,внести
C:/Users/maill/WORK/Dataset/Text_10/img_10,государства
C:/Users/maill/WORK/Dataset/Text_10/img_11,поддержать
C:/Users/maill/WORK/Dataset/Text_10/img_12,Богатый—Акто
C:/Users/maill/WORK/Dataset/Text_10/img_13,тебе
C:/Users/maill/WORK/Dataset/Text_10/img_14,велел
C:/Users/maill/WORK/Dataset/Text_10/img_15,полностью
C:/Users/maill/WORK/Dataset/Text_10/img_16,об-екты
C:/Users/maill/WORK/Dataset/Text_10/img_17,вписать?
C:/Users/maill/WORK/Dataset/Text_10/img_18,Вот
C:/Users/maill/WORK/Dataset/Text_10/img_19,и
C:/Users/maill/WORK/Dataset/Text_10/img_20,"плати,"
C:/Users/maill/WORK/Dataset/Text_10/img_21,как
C:/Users/maill/WORK/Dataset/Text_10/img_22,знаешь
C:/Users/maill/WORK/Dataset/Text_10/img_23,У
C:/Users/maill/WORK/Dataset/Text_10/img_24,меня
C:/Users/maill/WORK/Dataset/Text_10/img_25,деньги
C:/Users/maill/WORK/Dataset/Text_10/img_26,трудом
C:/Users/maill/WORK/Dataset/Text_10/img_27,нажи
C:/Users/maill/WORK/Dataset/Text_10/img_28,ты
C:/Users/maill/WORK/Dataset/Text_10/img_29,для
C:/Users/maill/WORK/Dataset/Text_10/img_30,"себя,"
C:/Users/maill/WORK/Dataset/Text_10/img_31,и
C:/Users/maill/WORK/Dataset/Text_10/img_32,не
C:/Users/maill/WORK/Dataset/Text_10/img_33,для
C:/Users/maill/WORK/Dataset/Text_10/img_34,государства
C:/Users/maill/WORK/Dataset/Text_10/img_35,Налогоплательщики
C:/Users/maill/WORK/Dataset/Text_10/img_36,в
C:/Users/maill/WORK/Dataset/Text_10/img_37,сентябре
C:/Users/maill/WORK/Dataset/Text_10/img_38,"Богатый—кум,"
C:/Users/maill/WORK/Dataset/Text_10/img_39,подпиши
C:/Users/maill/WORK/Dataset/Text_10/img_40,акт
C:/Users/maill/WORK/Dataset/Text_10/img_41,"Заверь,"
C:/Users/maill/WORK/Dataset/Text_10/img_42,что
C:/Users/maill/WORK/Dataset/Text_10/img_43,я
C:/Users/maill/WORK/Dataset/Text_10/img_44,нечаянный
C:/Users/maill/WORK/Dataset/Text_10/img_45,взабывчивости
C:/Users/maill/WORK/Dataset/Text_10/img_46,не
C:/Users/maill/WORK/Dataset/Text_10/img_47,вписал
C:/Users/maill/WORK/Dataset/Text_10/img_48,некоторые
C:/Users/maill/WORK/Dataset/Text_10/img_49,"об-екты,"
C:/Users/maill/WORK/Dataset/Text_10/img_50,середняк—
C:/Users/maill/WORK/Dataset/Text_10/img_51,Акто
C:/Users/maill/WORK/Dataset/Text_10/img_52,тебе
C:/Users/maill/WORK/Dataset/Text_10/img_53,велел
C:/Users/maill/WORK/Dataset/Text_10/img_54,скрыть?
C:/Users/maill/WORK/Dataset/Text_10/img_55,Ду
C:/Users/maill/WORK/Dataset/Text_10/img_56,мал
C:/Users/maill/WORK/Dataset/Text_10/img_57,украсть
C:/Users/maill/WORK/Dataset/Text_10/img_58,у     фвфвфывффв
C:/Users/maill/WORK/Dataset/Text_10/img_59,"государства,"
C:/Users/maill/WORK/Dataset/Text_10/img_60,а
C:/Users/maill/WORK/Dataset/Text_10/img_61,как
C:/Users/maill/WORK/Dataset/Text_10/img_62,штрафнули
C:/Users/maill/WORK/Dataset/Text_10/img_63,на
C:/Users/maill/WORK/Dataset/Text_10/img_64,"100р.,"
C:/Users/maill/WORK/Dataset/Text_10/img_65,так
C:/Users/maill/WORK/Dataset/Text_10/img_66,кум
C:/Users/maill/WORK/Dataset/Text_10/img_67,скрывай
C:/Users/maill/WORK/Dataset/Text_10/img_68,вора.
C:/Users/maill/WORK/Dataset/Text_10/img_69,Я
C:/Users/maill/WORK/Dataset/Text_10/img_70,строитель
C:/Users/maill/WORK/Dataset/Text_10/img_71,а
C:/Users/maill/WORK/Dataset/Text_10/img_72,неразрушитель
C:/Users/maill/WORK/Dataset/Text_10/img_74,Акта
C:/Users/maill/WORK/Dataset/Text_10/img_75,я
C:/Users/maill/WORK/Dataset/Text_10/img_76,неподпишу
C:/Users/maill/WORK/Dataset/Text_10/img_77,и
C:/Users/maill/WORK/Dataset/Text_10/img_78,другим
C:/Users/maill/WORK/Dataset/Text_10/img_79,не
C:/Users/maill/WORK/Dataset/Text_10/img_80,посоветую
C:/Users/maill/WORK/Dataset/text_11/img_1,�������
C:/Users/maill/WORK/Dataset/text_11/img_2,�����
C:/Users/maill/WORK/Dataset/text_11/img_3,��������
C:/Users/maill/WORK/Dataset/text_11/img_4,����
C:/Users/maill/WORK/Dataset/text_11/img_5,���������
C:/Users/maill/WORK/Dataset/text_11/img_6,�.
C:/Users/maill/WORK/Dataset/text_11/img_7,�.
C:/Users/maill/WORK/Dataset/text_11/img_8,��������
C:/Users/maill/WORK/Dataset/text_11/img_9,���������
C:/Users/maill/WORK/Dataset/text_11/img_10,������
C:/Users/maill/WORK/Dataset/text_11/img_11,�������
C:/Users/maill/WORK/Dataset/text_11/img_12,����
C:/Users/maill/WORK/Dataset/text_11/img_13,��������
C:/Users/maill/WORK/Dataset/text_11/img_14,8
C:/Users/maill/WORK/Dataset/text_11/img_15,�����
C:/Users/maill/WORK/Dataset/text_11/img_16,�.
C:/Users/maill/WORK/Dataset/text_11/img_17,�������
C:/Users/maill/WORK/Dataset/text_11/img_18,������
C:/Users/maill/WORK/Dataset/text_11/img_19,�����
C:/Users/maill/WORK/Dataset/text_11/img_20,���������
C:/Users/maill/WORK/Dataset/text_11/img_21,����������
C:/Users/maill/WORK/Dataset/text_11/img_22,������
C:/Users/maill/WORK/Dataset/text_11/img_23,����
C:/Users/maill/WORK/Dataset/text_11/img_24,��������
C:/Users/maill/WORK/Dataset/text_11/img_25,�����������
C:/Users/maill/WORK/Dataset/text_11/img_26,���
C:/Users/maill/WORK/Dataset/text_11/img_27,������
C:/Users/maill/WORK/Dataset/text_11/img_28,��
C:/Users/maill/WORK/Dataset/text_11/img_29,�����
C:/Users/maill/WORK/Dataset/text_11/img_30,����������
C:/Users/maill/WORK/Dataset/text_11/img_31,�����
C:/Users/maill/WORK/Dataset/text_11/img_32,���
C:/Users/maill/WORK/Dataset/text_11/img_33,������
C:/Users/maill/WORK/Dataset/text_11/img_34,���������
C:/Users/maill/WORK/Dataset/text_11/img_35,���������
C:/Users/maill/WORK/Dataset/text_11/img_36,����������
C:/Users/maill/WORK/Dataset/text_11/img_37,�����
C:/Users/maill/WORK/Dataset/text_11/img_38,����
C:/Users/maill/WORK/Dataset/text_11/img_39,�����������
C:/Users/maill/WORK/Dataset/text_11/img_40,�������
C:/Users/maill/WORK/Dataset/text_11/img_41,�������
C:/Users/maill/WORK/Dataset/text_11/img_42,��������
C:/Users/maill/WORK/Dataset/text_11/img_43,��������
C:/Users/maill/WORK/Dataset/text_11/img_44,�����
C:/Users/maill/WORK/Dataset/text_11/img_45,�������.
C:/Users/maill/WORK/Dataset/text_11/img_46,���������
C:/Users/maill/WORK/Dataset/text_11/img_47,���������
C:/Users/maill/WORK/Dataset/text_11/img_48,��
C:/Users/maill/WORK/Dataset/text_11/img_49,���������
C:/Users/maill/WORK/Dataset/text_11/img_50,�����
C:/Users/maill/WORK/Dataset/text_11/img_51,�.
C:/Users/maill/WORK/Dataset/text_11/img_52,�������
C:/Users/maill/WORK/Dataset/text_11/img_53,���������
C:/Users/maill/WORK/Dataset/text_11/img_54,���
C:/Users/maill/WORK/Dataset/text_11/img_55,�������
C:/Users/maill/WORK/Dataset/text_11/img_56,������
C:/Users/maill/WORK/Dataset/text_11/img_57,����������
C:/Users/maill/WORK/Dataset/text_12/img_1,6)
C:/Users/maill/WORK/Dataset/text_12/img_2,15
C:/Users/maill/WORK/Dataset/text_12/img_3,������
C:/Users/maill/WORK/Dataset/text_12/img_4,�
C:/Users/maill/WORK/Dataset/text_12/img_5,26
C:/Users/maill/WORK/Dataset/text_12/img_6,�
C:/Users/maill/WORK/Dataset/text_12/img_7,������������
C:/Users/maill/WORK/Dataset/text_12/img_8,������
C:/Users/maill/WORK/Dataset/text_12/img_9,�������������
C:/Users/maill/WORK/Dataset/text_12/img_10,�����
C:/Users/maill/WORK/Dataset/text_12/img_11,����
C:/Users/maill/WORK/Dataset/text_12/img_12,�
C:/Users/maill/WORK/Dataset/text_12/img_13,�����.
C:/Users/maill/WORK/Dataset/text_12/img_14,����
C:/Users/maill/WORK/Dataset/text_12/img_15,�
C:/Users/maill/WORK/Dataset/text_12/img_16,�������������
C:/Users/maill/WORK/Dataset/text_12/img_17,�
C:/Users/maill/WORK/Dataset/text_12/img_18,��-
C:/Users/maill/WORK/Dataset/text_12/img_19,�������
C:/Users/maill/WORK/Dataset/text_12/img_20,�����.
C:/Users/maill/WORK/Dataset/text_12/img_21,�������
C:/Users/maill/WORK/Dataset/text_12/img_22,����
C:/Users/maill/WORK/Dataset/text_12/img_23,�
C:/Users/maill/WORK/Dataset/text_12/img_24,������
C:/Users/maill/WORK/Dataset/text_12/img_25,�����
C:/Users/maill/WORK/Dataset/text_12/img_26,��-
C:/Users/maill/WORK/Dataset/text_12/img_27,�����
C:/Users/maill/WORK/Dataset/text_12/img_28,�
C:/Users/maill/WORK/Dataset/text_12/img_29,�����
C:/Users/maill/WORK/Dataset/text_12/img_30,������
C:/Users/maill/WORK/Dataset/text_12/img_31,����������
C:/Users/maill/WORK/Dataset/text_12/img_32,����.
C:/Users/maill/WORK/Dataset/text_12/img_33,��
C:/Users/maill/WORK/Dataset/text_12/img_34,�����
C:/Users/maill/WORK/Dataset/text_12/img_35,�
C:/Users/maill/WORK/Dataset/text_12/img_36,���
C:/Users/maill/WORK/Dataset/text_12/img_37,���������
C:/Users/maill/WORK/Dataset/text_12/img_38,��
C:/Users/maill/WORK/Dataset/text_12/img_39,�����
C:/Users/maill/WORK/Dataset/text_12/img_40,������
C:/Users/maill/WORK/Dataset/text_12/img_41,"�����,"
C:/Users/maill/WORK/Dataset/text_12/img_42,���
C:/Users/maill/WORK/Dataset/text_12/img_43,"����,"
C:/Users/maill/WORK/Dataset/text_12/img_44,�
C:/Users/maill/WORK/Dataset/text_12/img_45,������
C:/Users/maill/WORK/Dataset/text_12/img_46,���
C:/Users/maill/WORK/Dataset/text_12/img_47,������
C:/Users/maill/WORK/Dataset/text_12/img_48,������
C:/Users/maill/WORK/Dataset/text_12/img_49,����.
C:/Users/maill/WORK/Dataset/text_12/img_50,������
C:/Users/maill/WORK/Dataset/text_12/img_51,������
C:/Users/maill/WORK/Dataset/text_12/img_52,�
C:/Users/maill/WORK/Dataset/text_12/img_53,���
C:/Users/maill/WORK/Dataset/text_12/img_54,���������
C:/Users/maill/WORK/Dataset/text_12/img_55,��
C:/Users/maill/WORK/Dataset/text_12/img_56,���
C:/Users/maill/WORK/Dataset/text_12/img_57,"�����,"
C:/Users/maill/WORK/Dataset/text_12/img_58,��
C:/Users/maill/WORK/Dataset/text_12/img_59,�����
C:/Users/maill/WORK/Dataset/text_12/img_60,������
C:/Users/maill/WORK/Dataset/text_12/img_61,"�������,"
C:/Users/maill/WORK/Dataset/text_12/img_62,�������
C:/Users/maill/WORK/Dataset/text_12/img_63,��
C:/Users/maill/WORK/Dataset/text_12/img_64,�����
C:/Users/maill/WORK/Dataset/text_12/img_65,��
C:/Users/maill/WORK/Dataset/text_12/img_66,�����
C:/Users/maill/WORK/Dataset/text_12/img_67,���������
C:/Users/maill/WORK/Dataset/text_12/img_68,�����
C:/Users/maill/WORK/Dataset/text_12/img_69,��
C:/Users/maill/WORK/Dataset/text_12/img_70,�����.
C:/Users/maill/WORK/Dataset/text_12/img_71,����
C:/Users/maill/WORK/Dataset/text_12/img_72,�
C:/Users/maill/WORK/Dataset/text_12/img_73,���������:
C:/Users/maill/WORK/Dataset/text_12/img_74,���
C:/Users/maill/WORK/Dataset/text_12/img_75,������
C:/Users/maill/WORK/Dataset/text_12/img_76,��������
C:/Users/maill/WORK/Dataset/text_12/img_77,��
C:/Users/maill/WORK/Dataset/text_12/img_78,�������
C:/Users/maill/WORK/Dataset/text_12/img_79,�������
C:/Users/maill/WORK/Dataset/text_12/img_80,���������
C:/Users/maill/WORK/Dataset/text_12/img_81,"�����,"
C:/Users/maill/WORK/Dataset/text_12/img_82,���
C:/Users/maill/WORK/Dataset/text_12/img_83,�
C:/Users/maill/WORK/Dataset/text_12/img_84,���
C:/Users/maill/WORK/Dataset/text_12/img_85,��
C:/Users/maill/WORK/Dataset/text_12/img_86,"����,"
C:/Users/maill/WORK/Dataset/text_12/img_87,�����
C:/Users/maill/WORK/Dataset/text_12/img_88,���������
C:/Users/maill/WORK/Dataset/text_12/img_89,"�����,"
C:/Users/maill/WORK/Dataset/text_12/img_90,����
C:/Users/maill/WORK/Dataset/text_12/img_91,(�������)
C:/Users/maill/WORK/Dataset/text_12/img_92,����
C:/Users/maill/WORK/Dataset/text_12/img_93,�������
C:/Users/maill/WORK/Dataset/text_12/img_94,����������:
C:/Users/maill/WORK/Dataset/text_12/img_95,��������
C:/Users/maill/WORK/Dataset/text_12/img_96,����-
C:/Users/maill/WORK/Dataset/text_12/img_97,����.
C:/Users/maill/WORK/Dataset/text_12/img_98,������
C:/Users/maill/WORK/Dataset/text_12/img_99,���
C:/Users/maill/WORK/Dataset/text_12/img_100,�
C:/Users/maill/WORK/Dataset/text_12/img_101,�����
C:/Users/maill/WORK/Dataset/text_12/img_102,��������
C:/Users/maill/WORK/Dataset/text_12/img_103,���������
C:/Users/maill/WORK/Dataset/text_12/img_104,-
C:/Users/maill/WORK/Dataset/text_12/img_105,���
C:/Users/maill/WORK/Dataset/text_12/img_106,��
C:/Users/maill/WORK/Dataset/text_12/img_107,���������
C:/Users/maill/WORK/Dataset/text_12/img_108,�������
C:/Users/maill/WORK/Dataset/text_12/img_109,�����
C:/Users/maill/WORK/Dataset/text_12/img_110,����������
C:/Users/maill/WORK/Dataset/text_12/img_111,�
C:/Users/maill/WORK/Dataset/text_12/img_112,������
C:/Users/maill/WORK/Dataset/text_12/img_113,�������
C:/Users/maill/WORK/Dataset/text_12/img_114,����
C:/Users/maill/WORK/Dataset/text_12/img_115,�
C:/Users/maill/WORK/Dataset/text_12/img_116,"�������,"
C:/Users/maill/WORK/Dataset/text_12/img_117,�
C:/Users/maill/WORK/Dataset/text_12/img_118,���
C:/Users/maill/WORK/Dataset/text_12/img_119,��
C:/Users/maill/WORK/Dataset/text_12/img_120,�����������
C:/Users/maill/WORK/Dataset/text_12/img_121,���������
C:/Users/maill/WORK/Dataset/text_12/img_122,�������
C:/Users/maill/WORK/Dataset/text_12/img_123,�������
C:/Users/maill/WORK/Dataset/text_12/img_124,����
C:/Users/maill/WORK/Dataset/text_12/img_125,�������
C:/Users/maill/WORK/Dataset/text_12/img_126,���������
C:/Users/maill/WORK/Dataset/text_12/img_127,"�������,"
C:/Users/maill/WORK/Dataset/text_12/img_128,����������
C:/Users/maill/WORK/Dataset/text_12/img_129,���.
C:/Users/maill/WORK/Dataset/text_12/img_130,���
C:/Users/maill/WORK/Dataset/text_12/img_131,���
C:/Users/maill/WORK/Dataset/text_12/img_132,�������-�������
C:/Users/maill/WORK/Dataset/text_12/img_133,���������
C:/Users/maill/WORK/Dataset/text_12/img_134,�������
C:/Users/maill/WORK/Dataset/text_12/img_135,�������
C:/Users/maill/WORK/Dataset/text_12/img_136,"�������,"
C:/Users/maill/WORK/Dataset/text_12/img_137,"������,"
C:/Users/maill/WORK/Dataset/text_12/img_138,���
C:/Users/maill/WORK/Dataset/text_12/img_139,��
C:/Users/maill/WORK/Dataset/text_12/img_140,�����
C:/Users/maill/WORK/Dataset/text_12/img_141,������
C:/Users/maill/WORK/Dataset/text_12/img_142,�������
C:/Users/maill/WORK/Dataset/text_12/img_143,�
C:/Users/maill/WORK/Dataset/text_12/img_144,������.
C:/Users/maill/WORK/Dataset/text_12/img_145,�����
C:/Users/maill/WORK/Dataset/text_12/img_146,���-
C:/Users/maill/WORK/Dataset/text_12/img_147,���
C:/Users/maill/WORK/Dataset/text_12/img_148,��
C:/Users/maill/WORK/Dataset/text_12/img_149,�����
C:/Users/maill/WORK/Dataset/text_12/img_150,������
C:/Users/maill/WORK/Dataset/text_12/img_151,�
C:/Users/maill/WORK/Dataset/text_12/img_152,���
C:/Users/maill/WORK/Dataset/text_12/img_153,����������
C:/Users/maill/WORK/Dataset/text_12/img_154,�
C:/Users/maill/WORK/Dataset/text_12/img_155,��
C:/Users/maill/WORK/Dataset/text_12/img_156,����
C:/Users/maill/WORK/Dataset/text_12/img_157,���.
C:/Users/maill/WORK/Dataset/text_12/img_158,�����
C:/Users/maill/WORK/Dataset/text_12/img_159,���������
C:/Users/maill/WORK/Dataset/text_12/img_160,����
C:/Users/maill/WORK/Dataset/text_12/img_161,������
C:/Users/maill/WORK/Dataset/text_12/img_162,�
C:/Users/maill/WORK/Dataset/text_12/img_163,�������
C:/Users/maill/WORK/Dataset/text_12/img_164,"�������,"
C:/Users/maill/WORK/Dataset/text_12/img_165,�
C:/Users/maill/WORK/Dataset/text_12/img_166,�
C:/Users/maill/WORK/Dataset/text_12/img_167,�������
C:/Users/maill/WORK/Dataset/text_12/img_168,����
C:/Users/maill/WORK/Dataset/text_12/img_169,�����-
C:/Users/maill/WORK/Dataset/text_12/img_170,�����
C:/Users/maill/WORK/Dataset/text_12/img_171,�
C:/Users/maill/WORK/Dataset/text_12/img_172,������������
C:/Users/maill/WORK/Dataset/text_12/img_173,������
C:/Users/maill/WORK/Dataset/text_12/img_174,�.
C:/Users/maill/WORK/Dataset/text_12/img_175,��.
C:/Users/maill/WORK/Dataset/text_12/img_176,������
C:/Users/maill/WORK/Dataset/text_12/img_177,��-
C:/Users/maill/WORK/Dataset/text_12/img_178,����
C:/Users/maill/WORK/Dataset/text_12/img_179,"���������,"
C:/Users/maill/WORK/Dataset/text_12/img_180,�����
C:/Users/maill/WORK/Dataset/text_12/img_181,���
C:/Users/maill/WORK/Dataset/text_12/img_182,�
C:/Users/maill/WORK/Dataset/text_12/img_183,������
C:/Users/maill/WORK/Dataset/text_12/img_184,����
C:/Users/maill/WORK/Dataset/text_12/img_185,����������
C:/Users/maill/WORK/Dataset/text_12/img_186,����������
C:/Users/maill/WORK/Dataset/text_12/img_187,�
C:/Users/maill/WORK/Dataset/text_12/img_188,�����������
C:/Users/maill/WORK/Dataset/text_12/img_189,���
C:/Users/maill/WORK/Dataset/text_12/img_190,���
C:/Users/maill/WORK/Dataset/text_12/img_191,"����,"
C:/Users/maill/WORK/Dataset/text_12/img_192,�����
C:/Users/maill/WORK/Dataset/text_12/img_193,�����
C:/Users/maill/WORK/Dataset/text_12/img_194,����
C:/Users/maill/WORK/Dataset/text_12/img_195,����-
C:/Users/maill/WORK/Dataset/text_12/img_196,��
C:/Users/maill/WORK/Dataset/text_12/img_197,���������
C:/Users/maill/WORK/Dataset/text_12/img_198,��
C:/Users/maill/WORK/Dataset/text_12/img_199,�����
C:/Users/maill/WORK/Dataset/text_12/img_200,�������
C:/Users/maill/WORK/Dataset/text_12/img_201,������-
C:/Users/maill/WORK/Dataset/text_12/img_202,������������
C:/Users/maill/WORK/Dataset/text_12/img_203,�����������.
C:/Users/maill/WORK/Dataset/text_12/img_204,��
C:/Users/maill/WORK/Dataset/text_12/img_205,�����
C:/Users/maill/WORK/Dataset/text_12/img_206,�����.
C:/Users/maill/WORK/Dataset/text_12/img_207,����-��
C:/Users/maill/WORK/Dataset/text_12/img_208,�
C:/Users/maill/WORK/Dataset/text_12/img_209,����
C:/Users/maill/WORK/Dataset/text_12/img_210,������
C:/Users/maill/WORK/Dataset/text_12/img_211,�����
C:/Users/maill/WORK/Dataset/text_12/img_212,��
C:/Users/maill/WORK/Dataset/text_12/img_213,���������.
C:/Users/maill/WORK/Dataset/text_12/img_214,������
C:/Users/maill/WORK/Dataset/text_12/img_215,�
C:/Users/maill/WORK/Dataset/text_12/img_216,�
C:/Users/maill/WORK/Dataset/text_12/img_217,����
C:/Users/maill/WORK/Dataset/text_12/img_218,��
C:/Users/maill/WORK/Dataset/text_12/img_219,��������
C:/Users/maill/WORK/Dataset/text_12/img_220,���������
C:/Users/maill/WORK/Dataset/text_12/img_221,�
C:/Users/maill/WORK/Dataset/text_12/img_222,��.
C:/Users/maill/WORK/Dataset/text_12/img_223,���.
C:/Users/maill/WORK/Dataset/text_12/img_224,�
C:/Users/maill/WORK/Dataset/text_12/img_225,����������
C:/Users/maill/WORK/Dataset/text_12/img_226,�������
C:/Users/maill/WORK/Dataset/text_12/img_227,����
C:/Users/maill/WORK/Dataset/text_12/img_228,�������
C:/Users/maill/WORK/Dataset/text_12/img_229,�����
C:/Users/maill/WORK/Dataset/text_12/img_230,�����
C:/Users/maill/WORK/Dataset/text_12/img_231,�
C:/Users/maill/WORK/Dataset/text_12/img_232,�������:
C:/Users/maill/WORK/Dataset/text_12/img_233,����
C:/Users/maill/WORK/Dataset/text_12/img_234,���
C:/Users/maill/WORK/Dataset/text_12/img_235,���
C:/Users/maill/WORK/Dataset/text_12/img_236,�
C:/Users/maill/WORK/Dataset/text_12/img_237,���
C:/Users/maill/WORK/Dataset/text_12/img_238,�����?
C:/Users/maill/WORK/Dataset/text_13/img_1,7)
C:/Users/maill/WORK/Dataset/text_13/img_2,�
C:/Users/maill/WORK/Dataset/text_13/img_3,1911
C:/Users/maill/WORK/Dataset/text_13/img_4,����
C:/Users/maill/WORK/Dataset/text_13/img_5,�
C:/Users/maill/WORK/Dataset/text_13/img_6,��������
C:/Users/maill/WORK/Dataset/text_13/img_7,��
C:/Users/maill/WORK/Dataset/text_13/img_8,����������
C:/Users/maill/WORK/Dataset/text_13/img_9,������
C:/Users/maill/WORK/Dataset/text_13/img_10,�
C:/Users/maill/WORK/Dataset/text_13/img_11,����
C:/Users/maill/WORK/Dataset/text_13/img_12,����������
C:/Users/maill/WORK/Dataset/text_13/img_13,"������,"
C:/Users/maill/WORK/Dataset/text_13/img_14,��
C:/Users/maill/WORK/Dataset/text_13/img_15,������
C:/Users/maill/WORK/Dataset/text_13/img_16,��
C:/Users/maill/WORK/Dataset/text_13/img_17,�����
C:/Users/maill/WORK/Dataset/text_13/img_18,�������
C:/Users/maill/WORK/Dataset/text_13/img_19,"����,"
C:/Users/maill/WORK/Dataset/text_13/img_20,����
C:/Users/maill/WORK/Dataset/text_13/img_21,�
C:/Users/maill/WORK/Dataset/text_13/img_22,���
C:/Users/maill/WORK/Dataset/text_13/img_23,"����,"
C:/Users/maill/WORK/Dataset/text_13/img_24,�
C:/Users/maill/WORK/Dataset/text_13/img_25,"������,"
C:/Users/maill/WORK/Dataset/text_13/img_26,"��������,"
C:/Users/maill/WORK/Dataset/text_13/img_27,�
C:/Users/maill/WORK/Dataset/text_13/img_28,������
C:/Users/maill/WORK/Dataset/text_13/img_29,��
C:/Users/maill/WORK/Dataset/text_13/img_30,"���,"
C:/Users/maill/WORK/Dataset/text_13/img_31,����������
C:/Users/maill/WORK/Dataset/text_13/img_32,�
C:/Users/maill/WORK/Dataset/text_13/img_33,�����������
C:/Users/maill/WORK/Dataset/text_13/img_34,"���,"
C:/Users/maill/WORK/Dataset/text_13/img_35,�
C:/Users/maill/WORK/Dataset/text_13/img_36,������
C:/Users/maill/WORK/Dataset/text_13/img_37,��
C:/Users/maill/WORK/Dataset/text_13/img_38,������.
C:/Users/maill/WORK/Dataset/text_13/img_39,�����
C:/Users/maill/WORK/Dataset/text_13/img_40,�
C:/Users/maill/WORK/Dataset/text_13/img_41,��.
C:/Users/maill/WORK/Dataset/text_13/img_42,���.
C:/Users/maill/WORK/Dataset/text_13/img_43,�������
C:/Users/maill/WORK/Dataset/text_13/img_44,����
C:/Users/maill/WORK/Dataset/text_13/img_45,�����
C:/Users/maill/WORK/Dataset/text_13/img_46,���
C:/Users/maill/WORK/Dataset/text_13/img_47,����
C:/Users/maill/WORK/Dataset/text_13/img_48,"���,"
C:/Users/maill/WORK/Dataset/text_13/img_49,�����
C:/Users/maill/WORK/Dataset/text_13/img_50,����
C:/Users/maill/WORK/Dataset/text_13/img_51,��
C:/Users/maill/WORK/Dataset/text_13/img_52,����
C:/Users/maill/WORK/Dataset/text_13/img_53,������.
C:/Users/maill/WORK/Dataset/text_13/img_54,�����
C:/Users/maill/WORK/Dataset/text_13/img_55,���
C:/Users/maill/WORK/Dataset/text_13/img_56,�����:
C:/Users/maill/WORK/Dataset/text_13/img_57,���
C:/Users/maill/WORK/Dataset/text_13/img_58,������
C:/Users/maill/WORK/Dataset/text_13/img_59,�
C:/Users/maill/WORK/Dataset/text_13/img_60,�.
C:/Users/maill/WORK/Dataset/text_13/img_61,���������
C:/Users/maill/WORK/Dataset/text_13/img_62,����������
C:/Users/maill/WORK/Dataset/text_13/img_63,������
C:/Users/maill/WORK/Dataset/text_13/img_64,��.
C:/Users/maill/WORK/Dataset/text_13/img_65,���.
C:/Users/maill/WORK/Dataset/text_13/img_66,�������������.
C:/Users/maill/WORK/Dataset/text_13/img_67,���
C:/Users/maill/WORK/Dataset/text_13/img_68,���������
C:/Users/maill/WORK/Dataset/text_13/img_69,��
C:/Users/maill/WORK/Dataset/text_13/img_70,��������:
C:/Users/maill/WORK/Dataset/text_13/img_71,�������.
C:/Users/maill/WORK/Dataset/text_13/img_72,������.
C:/Users/maill/WORK/Dataset/text_13/img_73,������.
C:/Users/maill/WORK/Dataset/text_13/img_74,�������
C:/Users/maill/WORK/Dataset/text_13/img_75,�����
C:/Users/maill/WORK/Dataset/text_13/img_76,"���������""?"
C:/Users/maill/WORK/Dataset/text_13/img_77,���
C:/Users/maill/WORK/Dataset/text_13/img_78,���������
C:/Users/maill/WORK/Dataset/text_13/img_79,������:
C:/Users/maill/WORK/Dataset/text_13/img_80,����������
C:/Users/maill/WORK/Dataset/text_13/img_81,486.
C:/Users/maill/WORK/Dataset/text_13/img_82,�.
C:/Users/maill/WORK/Dataset/text_13/img_83,�.
C:/Users/maill/WORK/Dataset/text_13/img_84,������������
C:/Users/maill/WORK/Dataset/text_13/img_85,5/VI
C:/Users/maill/WORK/Dataset/text_13/img_86,26.
C:/Users/maill/WORK/Dataset/text_13/img_87,�.
C:/Users/maill/WORK/Dataset/text_13/img_88,���������
C:/Users/maill/WORK/Dataset/text_14/img_1,�������
C:/Users/maill/WORK/Dataset/text_14/img_2,15
C:/Users/maill/WORK/Dataset/text_14/img_3,���
C:/Users/maill/WORK/Dataset/text_14/img_4,1926
C:/Users/maill/WORK/Dataset/text_14/img_5,����
C:/Users/maill/WORK/Dataset/text_14/img_6,����
C:/Users/maill/WORK/Dataset/text_14/img_7,�
C:/Users/maill/WORK/Dataset/text_14/img_8,3
C:/Users/maill/WORK/Dataset/text_14/img_9,��
C:/Users/maill/WORK/Dataset/text_14/img_10,�������
C:/Users/maill/WORK/Dataset/text_14/img_11,1924
C:/Users/maill/WORK/Dataset/text_14/img_12,����
C:/Users/maill/WORK/Dataset/text_14/img_13,��
C:/Users/maill/WORK/Dataset/text_14/img_14,13
C:/Users/maill/WORK/Dataset/text_14/img_15,�������
C:/Users/maill/WORK/Dataset/text_14/img_16,1926
C:/Users/maill/WORK/Dataset/text_14/img_17,�.
C:/Users/maill/WORK/Dataset/text_14/img_18,��
C:/Users/maill/WORK/Dataset/text_14/img_19,��-��
C:/Users/maill/WORK/Dataset/text_14/img_20,�������������
C:/Users/maill/WORK/Dataset/text_14/img_21,������
C:/Users/maill/WORK/Dataset/text_14/img_22,�����������
C:/Users/maill/WORK/Dataset/text_14/img_23,����
C:/Users/maill/WORK/Dataset/text_14/img_24,����
C:/Users/maill/WORK/Dataset/text_14/img_25,��
C:/Users/maill/WORK/Dataset/text_14/img_26,�
C:/Users/maill/WORK/Dataset/text_14/img_27,�
C:/Users/maill/WORK/Dataset/text_14/img_28,�
C:/Users/maill/WORK/Dataset/text_14/img_29,�
C:/Users/maill/WORK/Dataset/text_14/img_30,�������
C:/Users/maill/WORK/Dataset/text_14/img_31,�
C:/Users/maill/WORK/Dataset/text_14/img_32,���
C:/Users/maill/WORK/Dataset/text_14/img_33,��������
C:/Users/maill/WORK/Dataset/text_14/img_34,��
C:/Users/maill/WORK/Dataset/text_14/img_35,����������������
C:/Users/maill/WORK/Dataset/text_14/img_36,2�
C:/Users/maill/WORK/Dataset/text_14/img_37,���������
C:/Users/maill/WORK/Dataset/text_14/img_38,������
C:/Users/maill/WORK/Dataset/text_14/img_39,�
C:/Users/maill/WORK/Dataset/text_14/img_40,1925
C:/Users/maill/WORK/Dataset/text_14/img_41,����
C:/Users/maill/WORK/Dataset/text_14/img_42,�����������
C:/Users/maill/WORK/Dataset/text_14/img_43,�
C:/Users/maill/WORK/Dataset/text_14/img_44,���������
C:/Users/maill/WORK/Dataset/text_14/img_45,40
C:/Users/maill/WORK/Dataset/text_14/img_46,20
C:/Users/maill/WORK/Dataset/text_14/img_47,��
C:/Users/maill/WORK/Dataset/text_14/img_48,�������
C:/Users/maill/WORK/Dataset/text_14/img_49,���
C:/Users/maill/WORK/Dataset/text_14/img_50,�������
C:/Users/maill/WORK/Dataset/text_14/img_51,��
C:/Users/maill/WORK/Dataset/text_14/img_52,�����������
C:/Users/maill/WORK/Dataset/text_14/img_53,��
C:/Users/maill/WORK/Dataset/text_14/img_54,����
C:/Users/maill/WORK/Dataset/text_14/img_55,1925
C:/Users/maill/WORK/Dataset/text_14/img_56,���
C:/Users/maill/WORK/Dataset/text_14/img_57,52
C:/Users/maill/WORK/Dataset/text_14/img_58,���
C:/Users/maill/WORK/Dataset/text_14/img_59,1
C:/Users/maill/WORK/Dataset/text_14/img_60,33
C:/Users/maill/WORK/Dataset/text_14/img_61,1/4
C:/Users/maill/WORK/Dataset/text_14/img_62,69
C:/Users/maill/WORK/Dataset/text_14/img_63,30
C:/Users/maill/WORK/Dataset/text_14/img_64,��
C:/Users/maill/WORK/Dataset/text_14/img_65,�����������
C:/Users/maill/WORK/Dataset/text_14/img_66,������������
C:/Users/maill/WORK/Dataset/text_14/img_67,����;
C:/Users/maill/WORK/Dataset/text_14/img_68,�
C:/Users/maill/WORK/Dataset/text_14/img_69,1925
C:/Users/maill/WORK/Dataset/text_14/img_70,����
C:/Users/maill/WORK/Dataset/text_14/img_71,���������
C:/Users/maill/WORK/Dataset/text_14/img_72,��
C:/Users/maill/WORK/Dataset/text_14/img_73,������
C:/Users/maill/WORK/Dataset/text_14/img_74,10
C:/Users/maill/WORK/Dataset/text_14/img_75,���
C:/Users/maill/WORK/Dataset/text_14/img_76,��������
C:/Users/maill/WORK/Dataset/text_14/img_77,�������������
C:/Users/maill/WORK/Dataset/text_14/img_78,�
C:/Users/maill/WORK/Dataset/text_14/img_79,��������
C:/Users/maill/WORK/Dataset/text_14/img_80,���������
C:/Users/maill/WORK/Dataset/text_14/img_81,15
C:/Users/maill/WORK/Dataset/text_14/img_82,����.
C:/Users/maill/WORK/Dataset/text_14/img_83,�������
C:/Users/maill/WORK/Dataset/text_14/img_84,�����
C:/Users/maill/WORK/Dataset/text_14/img_85,700
C:/Users/maill/WORK/Dataset/text_14/img_86,24
C:/Users/maill/WORK/Dataset/text_14/img_87,168
C:/Users/maill/WORK/Dataset/text_14/img_88,������
C:/Users/maill/WORK/Dataset/text_14/img_89,�
C:/Users/maill/WORK/Dataset/text_14/img_90,��������
C:/Users/maill/WORK/Dataset/text_14/img_91,�������
C:/Users/maill/WORK/Dataset/text_14/img_92,�������
C:/Users/maill/WORK/Dataset/text_14/img_93,�����
C:/Users/maill/WORK/Dataset/text_14/img_94,257
C:/Users/maill/WORK/Dataset/text_14/img_95,30
C:/Users/maill/WORK/Dataset/text_14/img_96,/������
C:/Users/maill/WORK/Dataset/text_14/img_97,���������
C:/Users/maill/WORK/Dataset/text_14/img_98,����
C:/Users/maill/WORK/Dataset/text_14/img_99,����.
C:/Users/maill/WORK/Dataset/text_14/img_100,30
C:/Users/maill/WORK/Dataset/text_14/img_101,�/.
C:/Users/maill/WORK/Dataset/text_14/img_102,��
C:/Users/maill/WORK/Dataset/text_14/img_103,���������
C:/Users/maill/WORK/Dataset/text_14/img_104,�����
C:/Users/maill/WORK/Dataset/text_14/img_105,��������
C:/Users/maill/WORK/Dataset/text_14/img_106,��
C:/Users/maill/WORK/Dataset/text_14/img_107,���������
C:/Users/maill/WORK/Dataset/text_14/img_108,������
C:/Users/maill/WORK/Dataset/text_14/img_109,������������
C:/Users/maill/WORK/Dataset/text_14/img_110,��������
C:/Users/maill/WORK/Dataset/text_14/img_111,�
C:/Users/maill/WORK/Dataset/text_14/img_112,�����
C:/Users/maill/WORK/Dataset/text_14/img_113,123
C:/Users/maill/WORK/Dataset/text_14/img_114,12
C:/Users/maill/WORK/Dataset/text_14/img_115,�������
C:/Users/maill/WORK/Dataset/text_14/img_116,�
C:/Users/maill/WORK/Dataset/text_14/img_117,���
C:/Users/maill/WORK/Dataset/text_14/img_118,����������
C:/Users/maill/WORK/Dataset/text_14/img_119,134
C:/Users/maill/WORK/Dataset/text_14/img_120,18
C:/Users/maill/WORK/Dataset/text_14/img_121,134
C:/Users/maill/WORK/Dataset/text_14/img_122,18
C:/Users/maill/WORK/Dataset/text_14/img_123,�
C:/Users/maill/WORK/Dataset/text_14/img_124,��
C:/Users/maill/WORK/Dataset/text_14/img_125,1926
C:/Users/maill/WORK/Dataset/text_14/img_126,�����������
C:/Users/maill/WORK/Dataset/text_14/img_127,�
C:/Users/maill/WORK/Dataset/text_14/img_128,45
C:/Users/maill/WORK/Dataset/text_14/img_129,22
C:/Users/maill/WORK/Dataset/text_14/img_130,50
C:/Users/maill/WORK/Dataset/text_14/img_131,150
C:/Users/maill/WORK/Dataset/text_14/img_132,68
C:/Users/maill/WORK/Dataset/text_14/img_133,�����
C:/Users/maill/WORK/Dataset/text_14/img_134,����������
C:/Users/maill/WORK/Dataset/text_14/img_135,/
C:/Users/maill/WORK/Dataset/text_14/img_136,156
C:/Users/maill/WORK/Dataset/text_14/img_137,�.
C:/Users/maill/WORK/Dataset/text_14/img_138,68
C:/Users/maill/WORK/Dataset/text_14/img_139,/
C:/Users/maill/WORK/Dataset/text_14/img_140,���
C:/Users/maill/WORK/Dataset/text_14/img_141,���������
C:/Users/maill/WORK/Dataset/text_14/img_142,�����
C:/Users/maill/WORK/Dataset/text_14/img_143,���.
C:/Users/maill/WORK/Dataset/text_14/img_144,68
C:/Users/maill/WORK/Dataset/text_14/img_145,�.
C:/Users/maill/WORK/Dataset/text_14/img_146,��������
C:/Users/maill/WORK/Dataset/text_14/img_147,���
C:/Users/maill/WORK/Dataset/text_14/img_148,����
C:/Users/maill/WORK/Dataset/text_14/img_149,�����
C:/Users/maill/WORK/Dataset/text_14/img_150,������
C:/Users/maill/WORK/Dataset/text_14/img_151,��������
C:/Users/maill/WORK/Dataset/text_14/img_152,����
C:/Users/maill/WORK/Dataset/text_14/img_153,���
C:/Users/maill/WORK/Dataset/text_14/img_154,��
C:/Users/maill/WORK/Dataset/text_14/img_155,����
C:/Users/maill/WORK/Dataset/text_14/img_156,�������
C:/Users/maill/WORK/Dataset/text_15/img_1,�������
C:/Users/maill/WORK/Dataset/text_15/img_2,��������.
C:/Users/maill/WORK/Dataset/text_15/img_3,����
C:/Users/maill/WORK/Dataset/text_15/img_4,�����
C:/Users/maill/WORK/Dataset/text_15/img_5,�
C:/Users/maill/WORK/Dataset/text_15/img_6,�������������
C:/Users/maill/WORK/Dataset/text_15/img_7,�������
C:/Users/maill/WORK/Dataset/text_15/img_8,�����������
C:/Users/maill/WORK/Dataset/text_15/img_9,�
C:/Users/maill/WORK/Dataset/text_15/img_10,����
C:/Users/maill/WORK/Dataset/text_15/img_11,����������
C:/Users/maill/WORK/Dataset/text_15/img_12,����
C:/Users/maill/WORK/Dataset/text_15/img_13,���
C:/Users/maill/WORK/Dataset/text_15/img_14,"�������,"
C:/Users/maill/WORK/Dataset/text_15/img_15,��
C:/Users/maill/WORK/Dataset/text_15/img_16,������
C:/Users/maill/WORK/Dataset/text_15/img_17,�
C:/Users/maill/WORK/Dataset/text_15/img_18,�����
C:/Users/maill/WORK/Dataset/text_15/img_19,�����
C:/Users/maill/WORK/Dataset/text_15/img_20,�������
C:/Users/maill/WORK/Dataset/text_15/img_21,�
C:/Users/maill/WORK/Dataset/text_15/img_22,"�����,"
C:/Users/maill/WORK/Dataset/text_15/img_23,��������
C:/Users/maill/WORK/Dataset/text_15/img_24,�����
C:/Users/maill/WORK/Dataset/text_15/img_25,��
C:/Users/maill/WORK/Dataset/text_15/img_26,������
C:/Users/maill/WORK/Dataset/text_15/img_27,������������
C:/Users/maill/WORK/Dataset/text_15/img_28,������
C:/Users/maill/WORK/Dataset/text_15/img_29,���
C:/Users/maill/WORK/Dataset/text_15/img_30,������
C:/Users/maill/WORK/Dataset/text_15/img_31,����
C:/Users/maill/WORK/Dataset/text_15/img_32,����
C:/Users/maill/WORK/Dataset/text_15/img_33,"�����������,"
C:/Users/maill/WORK/Dataset/text_15/img_34,����
C:/Users/maill/WORK/Dataset/text_15/img_35,�����
C:/Users/maill/WORK/Dataset/text_15/img_36,������
C:/Users/maill/WORK/Dataset/text_15/img_37,�������
C:/Users/maill/WORK/Dataset/text_15/img_38,�����
C:/Users/maill/WORK/Dataset/text_15/img_39,����
C:/Users/maill/WORK/Dataset/text_15/img_40,�
C:/Users/maill/WORK/Dataset/text_15/img_41,����
C:/Users/maill/WORK/Dataset/text_15/img_42,��������
C:/Users/maill/WORK/Dataset/text_15/img_43,"�����,"
C:/Users/maill/WORK/Dataset/text_15/img_44,����
C:/Users/maill/WORK/Dataset/text_15/img_45,�����
C:/Users/maill/WORK/Dataset/text_15/img_46,�
C:/Users/maill/WORK/Dataset/text_15/img_47,�����.
C:/Users/maill/WORK/Dataset/text_15/img_48,��������
C:/Users/maill/WORK/Dataset/text_15/img_49,�������
C:/Users/maill/WORK/Dataset/text_15/img_50,������
C:/Users/maill/WORK/Dataset/text_15/img_51,�������
C:/Users/maill/WORK/Dataset/text_15/img_52,����
C:/Users/maill/WORK/Dataset/text_15/img_53,���
C:/Users/maill/WORK/Dataset/text_15/img_54,��������
C:/Users/maill/WORK/Dataset/text_15/img_55,�����
C:/Users/maill/WORK/Dataset/text_15/img_56,�������
C:/Users/maill/WORK/Dataset/text_15/img_57,�����
C:/Users/maill/WORK/Dataset/text_15/img_58,��
C:/Users/maill/WORK/Dataset/text_15/img_59,"��������,"
C:/Users/maill/WORK/Dataset/text_15/img_60,�
C:/Users/maill/WORK/Dataset/text_15/img_61,���
C:/Users/maill/WORK/Dataset/text_15/img_62,��
C:/Users/maill/WORK/Dataset/text_15/img_63,����
C:/Users/maill/WORK/Dataset/text_15/img_64,��������
C:/Users/maill/WORK/Dataset/text_15/img_65,��
C:/Users/maill/WORK/Dataset/text_15/img_66,�������
C:/Users/maill/WORK/Dataset/text_15/img_67,�������
C:/Users/maill/WORK/Dataset/text_15/img_68,��������
C:/Users/maill/WORK/Dataset/text_15/img_69,���
C:/Users/maill/WORK/Dataset/text_15/img_70,������
C:/Users/maill/WORK/Dataset/text_15/img_71,���
C:/Users/maill/WORK/Dataset/text_15/img_72,��
C:/Users/maill/WORK/Dataset/text_15/img_73,�����
C:/Users/maill/WORK/Dataset/text_15/img_74,�����
C:/Users/maill/WORK/Dataset/text_15/img_75,�������
C:/Users/maill/WORK/Dataset/text_15/img_76,�
C:/Users/maill/WORK/Dataset/text_15/img_77,����
C:/Users/maill/WORK/Dataset/text_15/img_78,������.
C:/Users/maill/WORK/Dataset/text_15/img_79,�������
C:/Users/maill/WORK/Dataset/text_15/img_80,�����
C:/Users/maill/WORK/Dataset/text_15/img_81,��������
C:/Users/maill/WORK/Dataset/text_15/img_82,��������
C:/Users/maill/WORK/Dataset/text_15/img_83,�����
C:/Users/maill/WORK/Dataset/text_15/img_84,"��������,"
C:/Users/maill/WORK/Dataset/text_15/img_85,���
C:/Users/maill/WORK/Dataset/text_15/img_86,��������
C:/Users/maill/WORK/Dataset/text_15/img_87,�
C:/Users/maill/WORK/Dataset/text_15/img_88,���
C:/Users/maill/WORK/Dataset/text_15/img_89,��������
C:/Users/maill/WORK/Dataset/text_15/img_90,����
C:/Users/maill/WORK/Dataset/text_15/img_91,������
C:/Users/maill/WORK/Dataset/text_15/img_92,�����
C:/Users/maill/WORK/Dataset/text_15/img_93,����
C:/Users/maill/WORK/Dataset/text_15/img_94,�������
C:/Users/maill/WORK/Dataset/text_15/img_95,������
C:/Users/maill/WORK/Dataset/text_15/img_96,�
C:/Users/maill/WORK/Dataset/text_15/img_97,�������
C:/Users/maill/WORK/Dataset/text_15/img_98,����
C:/Users/maill/WORK/Dataset/text_15/img_99,�
C:/Users/maill/WORK/Dataset/text_15/img_100,��������
C:/Users/maill/WORK/Dataset/text_15/img_101,�������
C:/Users/maill/WORK/Dataset/text_15/img_102,������
C:/Users/maill/WORK/Dataset/text_15/img_103,��������
C:/Users/maill/WORK/Dataset/text_15/img_104,���������
C:/Users/maill/WORK/Dataset/text_15/img_105,���
C:/Users/maill/WORK/Dataset/text_15/img_106,�����
C:/Users/maill/WORK/Dataset/text_15/img_107,�
C:/Users/maill/WORK/Dataset/text_15/img_108,���������
C:/Users/maill/WORK/Dataset/text_15/img_109,��
C:/Users/maill/WORK/Dataset/text_15/img_110,����
C:/Users/maill/WORK/Dataset/text_15/img_111,�������
C:/Users/maill/WORK/Dataset/text_15/img_112,���������
C:/Users/maill/WORK/Dataset/text_15/img_113,������
C:/Users/maill/WORK/Dataset/text_15/img_114,�
C:/Users/maill/WORK/Dataset/text_15/img_115,��������
C:/Users/maill/WORK/Dataset/text_15/img_116,�������
C:/Users/maill/WORK/Dataset/text_15/img_117,��������
C:/Users/maill/WORK/Dataset/text_15/img_118,��
C:/Users/maill/WORK/Dataset/text_15/img_119,�������
C:/Users/maill/WORK/Dataset/text_15/img_120,���
C:/Users/maill/WORK/Dataset/text_15/img_121,��
C:/Users/maill/WORK/Dataset/text_15/img_122,�
C:/Users/maill/WORK/Dataset/text_15/img_123,�����
C:/Users/maill/WORK/Dataset/text_15/img_124,�������
C:/Users/maill/WORK/Dataset/text_15/img_125,�������
C:/Users/maill/WORK/Dataset/text_15/img_126,��
C:/Users/maill/WORK/Dataset/text_15/img_127,�����
C:/Users/maill/WORK/Dataset/text_15/img_128,�������
C:/Users/maill/WORK/Dataset/text_15/img_129,��
C:/Users/maill/WORK/Dataset/text_15/img_130,������
C:/Users/maill/WORK/Dataset/text_15/img_131,�������
C:/Users/maill/WORK/Dataset/text_15/img_132,�����
C:/Users/maill/WORK/Dataset/text_15/img_133,������
C:/Users/maill/WORK/Dataset/text_15/img_134,����
C:/Users/maill/WORK/Dataset/text_15/img_135,������
C:/Users/maill/WORK/Dataset/text_15/img_136,������
C:/Users/maill/WORK/Dataset/text_15/img_137,��������
C:/Users/maill/WORK/Dataset/text_15/img_138,����
C:/Users/maill/WORK/Dataset/text_15/img_139,���
C:/Users/maill/WORK/Dataset/text_15/img_140,��
C:/Users/maill/WORK/Dataset/text_15/img_141,���������
C:/Users/maill/WORK/Dataset/text_15/img_142,�����
C:/Users/maill/WORK/Dataset/text_15/img_143,���
C:/Users/maill/WORK/Dataset/text_15/img_144,����
C:/Users/maill/WORK/Dataset/text_15/img_145,��������
C:/Users/maill/WORK/Dataset/text_16/img_1,��������
C:/Users/maill/WORK/Dataset/text_16/img_2,"""������������"
C:/Users/maill/WORK/Dataset/text_16/img_3,"������"""
C:/Users/maill/WORK/Dataset/text_16/img_4,�����
C:/Users/maill/WORK/Dataset/text_16/img_5,����������
C:/Users/maill/WORK/Dataset/text_16/img_6,������������
C:/Users/maill/WORK/Dataset/text_16/img_7,���
C:/Users/maill/WORK/Dataset/text_16/img_8,����
C:/Users/maill/WORK/Dataset/text_16/img_9,���������
C:/Users/maill/WORK/Dataset/text_16/img_10,�.
C:/Users/maill/WORK/Dataset/text_16/img_11,�������������
C:/Users/maill/WORK/Dataset/text_16/img_12,��-��
C:/Users/maill/WORK/Dataset/text_16/img_13,11
C:/Users/maill/WORK/Dataset/text_16/img_14,���
C:/Users/maill/WORK/Dataset/text_16/img_15,�
C:/Users/maill/WORK/Dataset/text_16/img_16,15
C:/Users/maill/WORK/Dataset/text_16/img_17,�������
C:/Users/maill/WORK/Dataset/text_16/img_18,1926�.
C:/Users/maill/WORK/Dataset/text_16/img_19,��������������
C:/Users/maill/WORK/Dataset/text_16/img_20,������
C:/Users/maill/WORK/Dataset/text_16/img_21,��������
C:/Users/maill/WORK/Dataset/text_16/img_22,������������
C:/Users/maill/WORK/Dataset/text_16/img_23,��
C:/Users/maill/WORK/Dataset/text_16/img_24,���������
C:/Users/maill/WORK/Dataset/text_16/img_25,��
C:/Users/maill/WORK/Dataset/text_16/img_26,������������
C:/Users/maill/WORK/Dataset/text_16/img_27,������������
C:/Users/maill/WORK/Dataset/text_16/img_28,��
C:/Users/maill/WORK/Dataset/text_16/img_29,��������
C:/Users/maill/WORK/Dataset/text_16/img_30,"""���������"""
C:/Users/maill/WORK/Dataset/text_16/img_31,����������
C:/Users/maill/WORK/Dataset/text_16/img_32,������
C:/Users/maill/WORK/Dataset/text_16/img_33,���
C:/Users/maill/WORK/Dataset/text_16/img_34,������������
C:/Users/maill/WORK/Dataset/text_16/img_35,����
C:/Users/maill/WORK/Dataset/text_16/img_36,�
C:/Users/maill/WORK/Dataset/text_16/img_37,��
C:/Users/maill/WORK/Dataset/text_16/img_38,"""�������"""
C:/Users/maill/WORK/Dataset/text_16/img_39,�������
C:/Users/maill/WORK/Dataset/text_16/img_40,��������
C:/Users/maill/WORK/Dataset/text_16/img_41,�
C:/Users/maill/WORK/Dataset/text_16/img_42,11/0
C:/Users/maill/WORK/Dataset/text_16/img_43,�
C:/Users/maill/WORK/Dataset/text_16/img_44,"��������,"
C:/Users/maill/WORK/Dataset/text_16/img_45,����������.
C:/Users/maill/WORK/Dataset/text_16/img_46,���
C:/Users/maill/WORK/Dataset/text_16/img_47,����
C:/Users/maill/WORK/Dataset/text_16/img_48,���������
C:/Users/maill/WORK/Dataset/text_16/img_49,/��������'/
C:/Users/maill/WORK/Dataset/text_16/img_50,��
C:/Users/maill/WORK/Dataset/text_16/img_51,�������
C:/Users/maill/WORK/Dataset/text_16/img_52,������
C:/Users/maill/WORK/Dataset/text_16/img_53,��������
C:/Users/maill/WORK/Dataset/text_16/img_54,�������
C:/Users/maill/WORK/Dataset/text_16/img_55,�
C:/Users/maill/WORK/Dataset/text_16/img_56,�����������
C:/Users/maill/WORK/Dataset/text_16/img_57,��
C:/Users/maill/WORK/Dataset/text_16/img_58,1925
C:/Users/maill/WORK/Dataset/text_16/img_59,���.
C:/Users/maill/WORK/Dataset/text_16/img_60,���������
C:/Users/maill/WORK/Dataset/text_16/img_61,120
C:/Users/maill/WORK/Dataset/text_16/img_62,��
C:/Users/maill/WORK/Dataset/text_16/img_63,�������
C:/Users/maill/WORK/Dataset/text_16/img_64,���.
C:/Users/maill/WORK/Dataset/text_16/img_65,�
C:/Users/maill/WORK/Dataset/text_16/img_66,�����
C:/Users/maill/WORK/Dataset/text_16/img_67,���������
C:/Users/maill/WORK/Dataset/text_16/img_68,"���,"
C:/Users/maill/WORK/Dataset/text_16/img_69,���
C:/Users/maill/WORK/Dataset/text_16/img_70,�
C:/Users/maill/WORK/Dataset/text_16/img_71,����
C:/Users/maill/WORK/Dataset/text_16/img_72,�����
C:/Users/maill/WORK/Dataset/text_16/img_73,������
C:/Users/maill/WORK/Dataset/text_16/img_74,�
C:/Users/maill/WORK/Dataset/text_16/img_75,���-
C:/Users/maill/WORK/Dataset/text_16/img_76,������
C:/Users/maill/WORK/Dataset/text_16/img_77,�������.
C:/Users/maill/WORK/Dataset/text_16/img_78,"���������"""
C:/Users/maill/WORK/Dataset/text_16/img_79,���������
C:/Users/maill/WORK/Dataset/text_16/img_80,������
C:/Users/maill/WORK/Dataset/text_16/img_81,������������
C:/Users/maill/WORK/Dataset/text_16/img_82,�
C:/Users/maill/WORK/Dataset/text_16/img_83,������
C:/Users/maill/WORK/Dataset/text_16/img_84,���������
C:/Users/maill/WORK/Dataset/text_16/img_85,�����.
C:/Users/maill/WORK/Dataset/text_16/img_86,��
C:/Users/maill/WORK/Dataset/text_16/img_87,����
C:/Users/maill/WORK/Dataset/text_17/img_1,������������
C:/Users/maill/WORK/Dataset/text_17/img_2,����������
C:/Users/maill/WORK/Dataset/text_17/img_3,�� 
C:/Users/maill/WORK/Dataset/text_17/img_4,����������� 
C:/Users/maill/WORK/Dataset/text_17/img_5,�
C:/Users/maill/WORK/Dataset/text_17/img_6,��� 
C:/Users/maill/WORK/Dataset/text_17/img_7,� 
C:/Users/maill/WORK/Dataset/text_17/img_8,���
C:/Users/maill/WORK/Dataset/text_17/img_9,����� 
C:/Users/maill/WORK/Dataset/text_17/img_10,� 
C:/Users/maill/WORK/Dataset/text_17/img_11,����� 
C:/Users/maill/WORK/Dataset/text_17/img_12,�
C:/Users/maill/WORK/Dataset/text_17/img_13,��� 
C:/Users/maill/WORK/Dataset/text_17/img_14,���� 
C:/Users/maill/WORK/Dataset/text_17/img_15,�
C:/Users/maill/WORK/Dataset/text_17/img_16,�����
C:/Users/maill/WORK/Dataset/text_17/img_17,�� 
C:/Users/maill/WORK/Dataset/text_17/img_18,������ 
C:/Users/maill/WORK/Dataset/text_17/img_19,������� 
C:/Users/maill/WORK/Dataset/text_17/img_20,���� 
C:/Users/maill/WORK/Dataset/text_17/img_21,�����
C:/Users/maill/WORK/Dataset/text_17/img_22,��� 
C:/Users/maill/WORK/Dataset/text_17/img_23,����� 
C:/Users/maill/WORK/Dataset/text_17/img_24,����� 
C:/Users/maill/WORK/Dataset/text_17/img_25,��� 
C:/Users/maill/WORK/Dataset/text_17/img_26,����
C:/Users/maill/WORK/Dataset/text_17/img_27,�� 
C:/Users/maill/WORK/Dataset/text_17/img_28,���������� 
C:/Users/maill/WORK/Dataset/text_17/img_29,������ 
C:/Users/maill/WORK/Dataset/text_17/img_30,�� 
C:/Users/maill/WORK/Dataset/text_17/img_31,������
C:/Users/maill/WORK/Dataset/text_17/img_32,�� 
C:/Users/maill/WORK/Dataset/text_17/img_33,�������� 
C:/Users/maill/WORK/Dataset/text_17/img_34,���� 
C:/Users/maill/WORK/Dataset/text_17/img_35,������ 
C:/Users/maill/WORK/Dataset/text_17/img_36,���
C:/Users/maill/WORK/Dataset/text_17/img_37,�� 
C:/Users/maill/WORK/Dataset/text_17/img_38,������� 
C:/Users/maill/WORK/Dataset/text_17/img_39,����� 
C:/Users/maill/WORK/Dataset/text_17/img_40,������
C:/Users/maill/WORK/Dataset/text_17/img_41,�
C:/Users/maill/WORK/Dataset/text_17/img_42,�����������
C:/Users/maill/WORK/Dataset/text_17/img_43,��� 
C:/Users/maill/WORK/Dataset/text_17/img_44,������������ 
C:/Users/maill/WORK/Dataset/text_17/img_45,���������
C:/Users/maill/WORK/Dataset/text_17/img_46,��� 
C:/Users/maill/WORK/Dataset/text_17/img_47,��� 
C:/Users/maill/WORK/Dataset/text_17/img_48,����� 
C:/Users/maill/WORK/Dataset/text_17/img_49,���� 
C:/Users/maill/WORK/Dataset/text_17/img_50,�������
C:/Users/maill/WORK/Dataset/text_17/img_51,�������� 
C:/Users/maill/WORK/Dataset/text_17/img_52,����� 
C:/Users/maill/WORK/Dataset/text_17/img_53,�
C:/Users/maill/WORK/Dataset/text_17/img_54,������.
C:/Users/maill/WORK/Dataset/text_17/img_55,� 
C:/Users/maill/WORK/Dataset/text_17/img_56,����� 
C:/Users/maill/WORK/Dataset/text_17/img_57,����� 
C:/Users/maill/WORK/Dataset/text_17/img_58,��������.
C:/Users/maill/WORK/Dataset/text_17/img_59,������� 
C:/Users/maill/WORK/Dataset/text_17/img_60,����� 
C:/Users/maill/WORK/Dataset/text_17/img_61,������
C:/Users/maill/WORK/Dataset/text_17/img_62,������ 
C:/Users/maill/WORK/Dataset/text_17/img_63,�� 
C:/Users/maill/WORK/Dataset/text_17/img_64,���� 
C:/Users/maill/WORK/Dataset/text_17/img_65,������
C:/Users/maill/WORK/Dataset/text_17/img_66,"���������,"
C:/Users/maill/WORK/Dataset/text_17/img_67,������� 
C:/Users/maill/WORK/Dataset/text_17/img_68,�� 
C:/Users/maill/WORK/Dataset/text_17/img_69,�
C:/Users/maill/WORK/Dataset/text_17/img_70,��� 
C:/Users/maill/WORK/Dataset/text_17/img_71,�
C:/Users/maill/WORK/Dataset/text_17/img_72,����� 
C:/Users/maill/WORK/Dataset/text_17/img_73,������ 
C:/Users/maill/WORK/Dataset/text_17/img_74,�������
C:/Users/maill/WORK/Dataset/text_17/img_75,�� 
C:/Users/maill/WORK/Dataset/text_17/img_76,�������
C:/Users/maill/WORK/Dataset/text_17/img_77,�� 
C:/Users/maill/WORK/Dataset/text_17/img_78,��� 
C:/Users/maill/WORK/Dataset/text_17/img_79,��� 
C:/Users/maill/WORK/Dataset/text_17/img_80,���� 
C:/Users/maill/WORK/Dataset/text_17/img_81,���� 
C:/Users/maill/WORK/Dataset/text_17/img_82,�
C:/Users/maill/WORK/Dataset/text_17/img_83,������
C:/Users/maill/WORK/Dataset/text_17/img_84,�� 
C:/Users/maill/WORK/Dataset/text_17/img_85,����� 
C:/Users/maill/WORK/Dataset/text_17/img_86,������ 
C:/Users/maill/WORK/Dataset/text_17/img_87,����
C:/Users/maill/WORK/Dataset/text_17/img_88,�
C:/Users/maill/WORK/Dataset/text_17/img_89,�
C:/Users/maill/WORK/Dataset/text_17/img_90,����� 
C:/Users/maill/WORK/Dataset/text_17/img_91,������� 
C:/Users/maill/WORK/Dataset/text_17/img_92,�
C:/Users/maill/WORK/Dataset/text_17/img_93,��������
C:/Users/maill/WORK/Dataset/text_17/img_94,�� 
C:/Users/maill/WORK/Dataset/text_17/img_95,���� 
C:/Users/maill/WORK/Dataset/text_17/img_96,������ 
C:/Users/maill/WORK/Dataset/text_17/img_97,�����
C:/Users/maill/WORK/Dataset/text_17/img_98,����� 
C:/Users/maill/WORK/Dataset/text_17/img_99,������ 
C:/Users/maill/WORK/Dataset/text_17/img_100,������� 
C:/Users/maill/WORK/Dataset/text_17/img_101,�����
C:/Users/maill/WORK/Dataset/text_17/img_102,��������� 
C:/Users/maill/WORK/Dataset/text_17/img_103,�� 
C:/Users/maill/WORK/Dataset/text_17/img_104,����� 
C:/Users/maill/WORK/Dataset/text_17/img_105,������
C:/Users/maill/WORK/Dataset/text_17/img_106,�� 
C:/Users/maill/WORK/Dataset/text_17/img_107,���� 
C:/Users/maill/WORK/Dataset/text_17/img_108,��� 
C:/Users/maill/WORK/Dataset/text_17/img_109,��� 
C:/Users/maill/WORK/Dataset/text_17/img_110,���
C:/Users/maill/WORK/Dataset/text_17/img_111,������� 
C:/Users/maill/WORK/Dataset/text_17/img_112,�������� 
C:/Users/maill/WORK/Dataset/text_17/img_113,�� 
C:/Users/maill/WORK/Dataset/text_17/img_114,����
C:/Users/maill/WORK/Dataset/text_17/img_115,������� 
C:/Users/maill/WORK/Dataset/text_17/img_116,������� 
C:/Users/maill/WORK/Dataset/text_17/img_117,/
C:/Users/maill/WORK/Dataset/text_17/img_118,����� 
C:/Users/maill/WORK/Dataset/text_17/img_119,������
C:/Users/maill/WORK/Dataset/text_17/img_120,��� 
C:/Users/maill/WORK/Dataset/text_17/img_121,����� 
C:/Users/maill/WORK/Dataset/text_17/img_122,�
C:/Users/maill/WORK/Dataset/text_17/img_123,������� 
C:/Users/maill/WORK/Dataset/text_17/img_124,�
C:/Users/maill/WORK/Dataset/text_17/img_125,��
C:/Users/maill/WORK/Dataset/text_17/img_126,�� 
C:/Users/maill/WORK/Dataset/text_17/img_127,���� 
C:/Users/maill/WORK/Dataset/text_17/img_128,������ 
C:/Users/maill/WORK/Dataset/text_17/img_129,/ 
C:/Users/maill/WORK/Dataset/text_17/img_130,����� 
C:/Users/maill/WORK/Dataset/text_17/img_131,������
C:/Users/maill/WORK/Dataset/text_17/img_132,�� 
C:/Users/maill/WORK/Dataset/text_17/img_133,����� 
C:/Users/maill/WORK/Dataset/text_17/img_134,������ 
C:/Users/maill/WORK/Dataset/text_17/img_135,��� 
C:/Users/maill/WORK/Dataset/text_17/img_136,������
C:/Users/maill/WORK/Dataset/text_17/img_137,��������� 
C:/Users/maill/WORK/Dataset/text_17/img_138,����� 
C:/Users/maill/WORK/Dataset/text_17/img_139,/
C:/Users/maill/WORK/Dataset/text_17/img_140,�������
C:/Users/maill/WORK/Dataset/text_17/img_141,�������� 
C:/Users/maill/WORK/Dataset/text_17/img_142,�������� 
C:/Users/maill/WORK/Dataset/text_17/img_143,�� 
C:/Users/maill/WORK/Dataset/text_17/img_144,������
C:/Users/maill/WORK/Dataset/text_17/img_145,���� 
C:/Users/maill/WORK/Dataset/text_17/img_146,�
C:/Users/maill/WORK/Dataset/text_17/img_147,������ 
C:/Users/maill/WORK/Dataset/text_17/img_148,��� 
C:/Users/maill/WORK/Dataset/text_17/img_149,�����
C:/Users/maill/WORK/Dataset/text_17/img_150,����� 
C:/Users/maill/WORK/Dataset/text_17/img_151,����� 
C:/Users/maill/WORK/Dataset/text_17/img_152,������� 
C:/Users/maill/WORK/Dataset/text_17/img_153,�
C:/Users/maill/WORK/Dataset/text_17/img_154,�����.
C:/Users/maill/WORK/Dataset/text_17/img_155,�� 
C:/Users/maill/WORK/Dataset/text_17/img_156,�� 
C:/Users/maill/WORK/Dataset/text_17/img_157,��� 
C:/Users/maill/WORK/Dataset/text_17/img_158,��
C:/Users/maill/WORK/Dataset/text_17/img_159,����
C:/Users/maill/WORK/Dataset/text_17/img_160,���� 
C:/Users/maill/WORK/Dataset/text_17/img_161,�����
C:/Users/maill/WORK/Dataset/text_18/img_1,������� 
C:/Users/maill/WORK/Dataset/text_18/img_2,�����������
C:/Users/maill/WORK/Dataset/text_18/img_3,������� 
C:/Users/maill/WORK/Dataset/text_18/img_4,����� 
C:/Users/maill/WORK/Dataset/text_18/img_5,���������
C:/Users/maill/WORK/Dataset/text_18/img_6,��� 
C:/Users/maill/WORK/Dataset/text_18/img_7,�������� 
C:/Users/maill/WORK/Dataset/text_18/img_8,����������
C:/Users/maill/WORK/Dataset/text_18/img_9,�����
C:/Users/maill/WORK/Dataset/text_18/img_10,������
C:/Users/maill/WORK/Dataset/text_18/img_11,�����
C:/Users/maill/WORK/Dataset/text_18/img_12,������
C:/Users/maill/WORK/Dataset/text_18/img_13,1
C:/Users/maill/WORK/Dataset/text_18/img_14,���� 
C:/Users/maill/WORK/Dataset/text_18/img_15,������� 
C:/Users/maill/WORK/Dataset/text_18/img_16,�����
C:/Users/maill/WORK/Dataset/text_18/img_17,���� 
C:/Users/maill/WORK/Dataset/text_18/img_18,���� 
C:/Users/maill/WORK/Dataset/text_18/img_19,�������
C:/Users/maill/WORK/Dataset/text_18/img_20,�� 
C:/Users/maill/WORK/Dataset/text_18/img_21,��� 
C:/Users/maill/WORK/Dataset/text_18/img_22,���� 
C:/Users/maill/WORK/Dataset/text_18/img_23,�����
C:/Users/maill/WORK/Dataset/text_18/img_24,�� 
C:/Users/maill/WORK/Dataset/text_18/img_25,���� 
C:/Users/maill/WORK/Dataset/text_18/img_26,�������
C:/Users/maill/WORK/Dataset/text_18/img_27,2
C:/Users/maill/WORK/Dataset/text_18/img_28,��� 
C:/Users/maill/WORK/Dataset/text_18/img_29,������ 
C:/Users/maill/WORK/Dataset/text_18/img_30,���� 
C:/Users/maill/WORK/Dataset/text_18/img_31,���
C:/Users/maill/WORK/Dataset/text_18/img_32,����� 
C:/Users/maill/WORK/Dataset/text_18/img_33,���� 
C:/Users/maill/WORK/Dataset/text_18/img_34,�������
C:/Users/maill/WORK/Dataset/text_18/img_35,������ 
C:/Users/maill/WORK/Dataset/text_18/img_36,����� 
C:/Users/maill/WORK/Dataset/text_18/img_37,����
C:/Users/maill/WORK/Dataset/text_18/img_38,� 
C:/Users/maill/WORK/Dataset/text_18/img_39,����� 
C:/Users/maill/WORK/Dataset/text_18/img_40,��� 
C:/Users/maill/WORK/Dataset/text_18/img_41,��������
C:/Users/maill/WORK/Dataset/text_18/img_42,����
C:/Users/maill/WORK/Dataset/text_18/img_43,3
C:/Users/maill/WORK/Dataset/text_18/img_44,��� 
C:/Users/maill/WORK/Dataset/text_18/img_45,������ 
C:/Users/maill/WORK/Dataset/text_18/img_46,����
C:/Users/maill/WORK/Dataset/text_18/img_47,����. 
C:/Users/maill/WORK/Dataset/text_18/img_48,����� 
C:/Users/maill/WORK/Dataset/text_18/img_49,����
C:/Users/maill/WORK/Dataset/text_18/img_50,������ 
C:/Users/maill/WORK/Dataset/text_18/img_51,� 
C:/Users/maill/WORK/Dataset/text_18/img_52,������ 
C:/Users/maill/WORK/Dataset/text_18/img_53,����
C:/Users/maill/WORK/Dataset/text_18/img_54,�
C:/Users/maill/WORK/Dataset/text_18/img_55,����� 
C:/Users/maill/WORK/Dataset/text_18/img_56,��� 
C:/Users/maill/WORK/Dataset/text_18/img_57,�������
C:/Users/maill/WORK/Dataset/text_18/img_58,�
C:/Users/maill/WORK/Dataset/text_18/img_59,����� 
C:/Users/maill/WORK/Dataset/text_18/img_60,���� 
C:/Users/maill/WORK/Dataset/text_18/img_61,������
C:/Users/maill/WORK/Dataset/text_18/img_62,���������������� 
C:/Users/maill/WORK/Dataset/text_18/img_63,������
C:/Users/maill/WORK/Dataset/text_18/img_64,����������� 
C:/Users/maill/WORK/Dataset/text_18/img_65,������
C:/Users/maill/WORK/Dataset/Text_2/img_1,Частушки
C:/Users/maill/WORK/Dataset/Text_2/img_2,Клепикова
C:/Users/maill/WORK/Dataset/Text_2/img_3,М.
C:/Users/maill/WORK/Dataset/Text_2/img_4,Девки
C:/Users/maill/WORK/Dataset/Text_2/img_5,в
C:/Users/maill/WORK/Dataset/Text_2/img_6,лодочке
C:/Users/maill/WORK/Dataset/Text_2/img_7,купались
C:/Users/maill/WORK/Dataset/Text_2/img_8,по
C:/Users/maill/WORK/Dataset/Text_2/img_9,залодочке
C:/Users/maill/WORK/Dataset/Text_2/img_10,вода.
C:/Users/maill/WORK/Dataset/Text_2/img_11,девки
C:/Users/maill/WORK/Dataset/Text_2/img_12,юбки
C:/Users/maill/WORK/Dataset/Text_2/img_13,подмочили
C:/Users/maill/WORK/Dataset/Text_2/img_14,перевошику
C:/Users/maill/WORK/Dataset/Text_2/img_15,беда
C:/Users/maill/WORK/Dataset/Text_2/img_16,Перевошик
C:/Users/maill/WORK/Dataset/Text_2/img_17,молодой
C:/Users/maill/WORK/Dataset/Text_2/img_18,сушит
C:/Users/maill/WORK/Dataset/Text_2/img_19,юбки
C:/Users/maill/WORK/Dataset/Text_2/img_20,над
C:/Users/maill/WORK/Dataset/Text_2/img_21,"водой,"
C:/Users/maill/WORK/Dataset/Text_2/img_22,он
C:/Users/maill/WORK/Dataset/Text_2/img_23,"сушил,"
C:/Users/maill/WORK/Dataset/Text_2/img_24,"сушил,"
C:/Users/maill/WORK/Dataset/Text_2/img_25,сушил
C:/Users/maill/WORK/Dataset/Text_2/img_26,только
C:/Users/maill/WORK/Dataset/Text_2/img_27,больше
C:/Users/maill/WORK/Dataset/Text_2/img_28,подмочил
C:/Users/maill/WORK/Dataset/Text_2/img_29,Я
C:/Users/maill/WORK/Dataset/Text_2/img_30,стоял
C:/Users/maill/WORK/Dataset/Text_2/img_31,у
C:/Users/maill/WORK/Dataset/Text_2/img_32,мошка 
C:/Users/maill/WORK/Dataset/Text_2/img_33,ела
C:/Users/maill/WORK/Dataset/Text_2/img_34,кашу
C:/Users/maill/WORK/Dataset/Text_2/img_35,из
C:/Users/maill/WORK/Dataset/Text_2/img_36,горшка
C:/Users/maill/WORK/Dataset/Text_2/img_37,за
C:/Users/maill/WORK/Dataset/Text_2/img_38,миленком
C:/Users/maill/WORK/Dataset/Text_2/img_39,кинулась
C:/Users/maill/WORK/Dataset/Text_2/img_40,каша
C:/Users/maill/WORK/Dataset/Text_2/img_41,опрокинулась.
C:/Users/maill/WORK/Dataset/Text_2/img_42,скачет
C:/Users/maill/WORK/Dataset/Text_2/img_43,тройка
C:/Users/maill/WORK/Dataset/Text_2/img_44,по
C:/Users/maill/WORK/Dataset/Text_2/img_45,дороге
C:/Users/maill/WORK/Dataset/Text_2/img_46,заливается
C:/Users/maill/WORK/Dataset/Text_2/img_47,ямщик
C:/Users/maill/WORK/Dataset/Text_2/img_48,у
C:/Users/maill/WORK/Dataset/Text_2/img_49,ворот
C:/Users/maill/WORK/Dataset/Text_2/img_50,большой
C:/Users/maill/WORK/Dataset/Text_2/img_51,тревоге
C:/Users/maill/WORK/Dataset/Text_2/img_52,девка
C:/Users/maill/WORK/Dataset/Text_2/img_53,красная
C:/Users/maill/WORK/Dataset/Text_2/img_54,стоит
C:/Users/maill/WORK/Dataset/Text_3/img_1,Частушки
C:/Users/maill/WORK/Dataset/Text_3/img_2,и
C:/Users/maill/WORK/Dataset/Text_3/img_3,пускаико
C:/Users/maill/WORK/Dataset/Text_3/img_4,ни
C:/Users/maill/WORK/Dataset/Text_3/img_5,хороня
C:/Users/maill/WORK/Dataset/Text_3/img_6,ни
C:/Users/maill/WORK/Dataset/Text_3/img_7,отцы
C:/Users/maill/WORK/Dataset/Text_3/img_8,ки
C:/Users/maill/WORK/Dataset/Text_3/img_9,дедушки
C:/Users/maill/WORK/Dataset/Text_3/img_10,а
C:/Users/maill/WORK/Dataset/Text_3/img_11,пускай
C:/Users/maill/WORK/Dataset/Text_3/img_12,нас
C:/Users/maill/WORK/Dataset/Text_3/img_13,похороня
C:/Users/maill/WORK/Dataset/Text_3/img_14,чернобровы
C:/Users/maill/WORK/Dataset/Text_3/img_15,девушки
C:/Users/maill/WORK/Dataset/Text_3/img_16,2)
C:/Users/maill/WORK/Dataset/Text_3/img_17,дорогушка
C:/Users/maill/WORK/Dataset/Text_3/img_18,дорогой
C:/Users/maill/WORK/Dataset/Text_3/img_19,тебя
C:/Users/maill/WORK/Dataset/Text_3/img_20,в
C:/Users/maill/WORK/Dataset/Text_3/img_21,болото
C:/Users/maill/WORK/Dataset/Text_3/img_22,головой
C:/Users/maill/WORK/Dataset/Text_3/img_23,всямую
C:/Users/maill/WORK/Dataset/Text_3/img_24,болотинку
C:/Users/maill/WORK/Dataset/Text_3/img_25,зачем
C:/Users/maill/WORK/Dataset/Text_3/img_26,завлек
C:/Users/maill/WORK/Dataset/Text_3/img_27,молодушку
C:/Users/maill/WORK/Dataset/Text_3/img_28,3)
C:/Users/maill/WORK/Dataset/Text_3/img_29,Все
C:/Users/maill/WORK/Dataset/Text_3/img_30,светы
C:/Users/maill/WORK/Dataset/Text_3/img_31,наконях
C:/Users/maill/WORK/Dataset/Text_3/img_32,еду
C:/Users/maill/WORK/Dataset/Text_3/img_33,богородицы
C:/Users/maill/WORK/Dataset/Text_3/img_34,нейжом
C:/Users/maill/WORK/Dataset/Text_3/img_35,а
C:/Users/maill/WORK/Dataset/Text_3/img_36,никола
C:/Users/maill/WORK/Dataset/Text_3/img_37,чудотвору
C:/Users/maill/WORK/Dataset/Text_3/img_38,упиратся
C:/Users/maill/WORK/Dataset/Text_3/img_39,балуишком
C:/Users/maill/WORK/Dataset/Text_3/img_40,4)
C:/Users/maill/WORK/Dataset/Text_3/img_41,будет
C:/Users/maill/WORK/Dataset/Text_3/img_42,будет
C:/Users/maill/WORK/Dataset/Text_3/img_43,послужим 
C:/Users/maill/WORK/Dataset/Text_3/img_44,николаю
C:/Users/maill/WORK/Dataset/Text_3/img_45,вшивому
C:/Users/maill/WORK/Dataset/Text_3/img_46,а
C:/Users/maill/WORK/Dataset/Text_3/img_47,тепер
C:/Users/maill/WORK/Dataset/Text_3/img_48,будем
C:/Users/maill/WORK/Dataset/Text_3/img_49,служит
C:/Users/maill/WORK/Dataset/Text_3/img_50,ленину
C:/Users/maill/WORK/Dataset/Text_3/img_51,прешивому
C:/Users/maill/WORK/Dataset/Text_3/img_52,5)
C:/Users/maill/WORK/Dataset/Text_3/img_53,Он
C:/Users/maill/WORK/Dataset/Text_3/img_54,пускай
C:/Users/maill/WORK/Dataset/Text_3/img_55,нас
C:/Users/maill/WORK/Dataset/Text_3/img_56,люди
C:/Users/maill/WORK/Dataset/Text_3/img_57,отчаены
C:/Users/maill/WORK/Dataset/Text_3/img_58,ни
C:/Users/maill/WORK/Dataset/Text_3/img_59,где
C:/Users/maill/WORK/Dataset/Text_3/img_60,не
C:/Users/maill/WORK/Dataset/Text_3/img_61,пропадут
C:/Users/maill/WORK/Dataset/Text_3/img_62,6)
C:/Users/maill/WORK/Dataset/Text_4/img_1,Деревенские
C:/Users/maill/WORK/Dataset/Text_4/img_2,честучики.
C:/Users/maill/WORK/Dataset/Text_4/img_3,1)
C:/Users/maill/WORK/Dataset/Text_4/img_4,Не
C:/Users/maill/WORK/Dataset/Text_4/img_5,ужели
C:/Users/maill/WORK/Dataset/Text_4/img_6,в
C:/Users/maill/WORK/Dataset/Text_4/img_7,самом
C:/Users/maill/WORK/Dataset/Text_4/img_8,деле
C:/Users/maill/WORK/Dataset/Text_4/img_9,с
C:/Users/maill/WORK/Dataset/Text_4/img_10,рук
C:/Users/maill/WORK/Dataset/Text_4/img_11,перчаточки
C:/Users/maill/WORK/Dataset/Text_4/img_12,с
C:/Users/maill/WORK/Dataset/Text_4/img_13,"падут,"
C:/Users/maill/WORK/Dataset/Text_4/img_14,Не
C:/Users/maill/WORK/Dataset/Text_4/img_15,ужели
C:/Users/maill/WORK/Dataset/Text_4/img_16,всамом
C:/Users/maill/WORK/Dataset/Text_4/img_17,деле
C:/Users/maill/WORK/Dataset/Text_4/img_18,милку
C:/Users/maill/WORK/Dataset/Text_4/img_19,в
C:/Users/maill/WORK/Dataset/Text_4/img_20,замуж
C:/Users/maill/WORK/Dataset/Text_4/img_21,стдадут.
C:/Users/maill/WORK/Dataset/Text_4/img_22,2)
C:/Users/maill/WORK/Dataset/Text_4/img_23,Эй
C:/Users/maill/WORK/Dataset/Text_4/img_24,млка
C:/Users/maill/WORK/Dataset/Text_4/img_25,милка
C:/Users/maill/WORK/Dataset/Text_4/img_26,моя
C:/Users/maill/WORK/Dataset/Text_4/img_27,синя
C:/Users/maill/WORK/Dataset/Text_4/img_28,опоясна
C:/Users/maill/WORK/Dataset/Text_4/img_29,полюбив
C:/Users/maill/WORK/Dataset/Text_4/img_30,бы
C:/Users/maill/WORK/Dataset/Text_4/img_31,я
C:/Users/maill/WORK/Dataset/Text_4/img_32,тебя
C:/Users/maill/WORK/Dataset/Text_4/img_33,ты
C:/Users/maill/WORK/Dataset/Text_4/img_34,комна
C:/Users/maill/WORK/Dataset/Text_4/img_35,не
C:/Users/maill/WORK/Dataset/Text_4/img_36,ласка
C:/Users/maill/WORK/Dataset/Text_4/img_37,5)
C:/Users/maill/WORK/Dataset/Text_4/img_38,ой
C:/Users/maill/WORK/Dataset/Text_4/img_39,гармошка
C:/Users/maill/WORK/Dataset/Text_4/img_40,лакова
C:/Users/maill/WORK/Dataset/Text_4/img_41,провожала
C:/Users/maill/WORK/Dataset/Text_4/img_42,"плакала,"
C:/Users/maill/WORK/Dataset/Text_4/img_43,проводила 
C:/Users/maill/WORK/Dataset/Text_4/img_44,на
C:/Users/maill/WORK/Dataset/Text_4/img_45,пять
C:/Users/maill/WORK/Dataset/Text_4/img_46,лет
C:/Users/maill/WORK/Dataset/Text_4/img_47,нето
C:/Users/maill/WORK/Dataset/Text_4/img_48,придет
C:/Users/maill/WORK/Dataset/Text_4/img_49,не
C:/Users/maill/WORK/Dataset/Text_4/img_50,то
C:/Users/maill/WORK/Dataset/Text_4/img_51,нет.
C:/Users/maill/WORK/Dataset/Text_5/img_1,Песня.
C:/Users/maill/WORK/Dataset/Text_5/img_2,Для
C:/Users/maill/WORK/Dataset/Text_5/img_3,кого
C:/Users/maill/WORK/Dataset/Text_5/img_4,весна
C:/Users/maill/WORK/Dataset/Text_5/img_5,отрадная
C:/Users/maill/WORK/Dataset/Text_5/img_6,для
C:/Users/maill/WORK/Dataset/Text_5/img_7,меня
C:/Users/maill/WORK/Dataset/Text_5/img_8,отрады
C:/Users/maill/WORK/Dataset/Text_5/img_9,"нет,"
C:/Users/maill/WORK/Dataset/Text_5/img_10,"ая,"
C:/Users/maill/WORK/Dataset/Text_5/img_11,зачем-же
C:/Users/maill/WORK/Dataset/Text_5/img_12,я
C:/Users/maill/WORK/Dataset/Text_5/img_13,несчатсная
C:/Users/maill/WORK/Dataset/Text_5/img_14,уроди
C:/Users/maill/WORK/Dataset/Text_5/img_15,лася
C:/Users/maill/WORK/Dataset/Text_5/img_16,на
C:/Users/maill/WORK/Dataset/Text_5/img_17,свет.
C:/Users/maill/WORK/Dataset/Text_5/img_18,Злыя
C:/Users/maill/WORK/Dataset/Text_5/img_19,люди
C:/Users/maill/WORK/Dataset/Text_5/img_20,не
C:/Users/maill/WORK/Dataset/Text_5/img_21,навистные
C:/Users/maill/WORK/Dataset/Text_5/img_22,хочут
C:/Users/maill/WORK/Dataset/Text_5/img_23,с
C:/Users/maill/WORK/Dataset/Text_5/img_24,милым
C:/Users/maill/WORK/Dataset/Text_5/img_25,разлучить
C:/Users/maill/WORK/Dataset/Text_5/img_26,из
C:/Users/maill/WORK/Dataset/Text_5/img_27,за
C:/Users/maill/WORK/Dataset/Text_5/img_28,зла-то
C:/Users/maill/WORK/Dataset/Text_5/img_29,из
C:/Users/maill/WORK/Dataset/Text_5/img_30,за
C:/Users/maill/WORK/Dataset/Text_5/img_31,ревности
C:/Users/maill/WORK/Dataset/Text_5/img_32,брошу
C:/Users/maill/WORK/Dataset/Text_5/img_33,милого
C:/Users/maill/WORK/Dataset/Text_5/img_34,"любить,"
C:/Users/maill/WORK/Dataset/Text_5/img_35,брошу
C:/Users/maill/WORK/Dataset/Text_5/img_36,плакать
C:/Users/maill/WORK/Dataset/Text_5/img_37,и
C:/Users/maill/WORK/Dataset/Text_5/img_38,пе-
C:/Users/maill/WORK/Dataset/Text_5/img_39,чалиться
C:/Users/maill/WORK/Dataset/Text_5/img_40,брошу
C:/Users/maill/WORK/Dataset/Text_5/img_41,горе
C:/Users/maill/WORK/Dataset/Text_5/img_42,горевать.
C:/Users/maill/WORK/Dataset/Text_5/img_43,моя 
C:/Users/maill/WORK/Dataset/Text_5/img_44,молодость
C:/Users/maill/WORK/Dataset/Text_5/img_45,загубленная
C:/Users/maill/WORK/Dataset/Text_5/img_46,не
C:/Users/maill/WORK/Dataset/Text_5/img_47,воротится
C:/Users/maill/WORK/Dataset/Text_5/img_48,назат
C:/Users/maill/WORK/Dataset/Text_5/img_49,не
C:/Users/maill/WORK/Dataset/Text_5/img_50,дворянкой
C:/Users/maill/WORK/Dataset/Text_5/img_51,не
C:/Users/maill/WORK/Dataset/Text_5/img_52,мещанкою
C:/Users/maill/WORK/Dataset/Text_5/img_53,я
C:/Users/maill/WORK/Dataset/Text_5/img_54,крестьянскою
C:/Users/maill/WORK/Dataset/Text_5/img_55,рождена
C:/Users/maill/WORK/Dataset/Text_5/img_56,буду
C:/Users/maill/WORK/Dataset/Text_5/img_57,я
C:/Users/maill/WORK/Dataset/Text_5/img_58,невеста
C:/Users/maill/WORK/Dataset/Text_5/img_59,ти
C:/Users/maill/WORK/Dataset/Text_5/img_60,хая
C:/Users/maill/WORK/Dataset/Text_5/img_61,роботящая
C:/Users/maill/WORK/Dataset/Text_5/img_62,жена.
C:/Users/maill/WORK/Dataset/Text_5/img_63,Если
C:/Users/maill/WORK/Dataset/Text_5/img_64,муж
C:/Users/maill/WORK/Dataset/Text_5/img_65,приедет
C:/Users/maill/WORK/Dataset/Text_5/img_66,c
C:/Users/maill/WORK/Dataset/Text_6/img_1,Деревенские
C:/Users/maill/WORK/Dataset/Text_6/img_2,проголосные
C:/Users/maill/WORK/Dataset/Text_6/img_3,несни.
C:/Users/maill/WORK/Dataset/Text_6/img_4,Как
C:/Users/maill/WORK/Dataset/Text_6/img_5,на
C:/Users/maill/WORK/Dataset/Text_6/img_6,главном
C:/Users/maill/WORK/Dataset/Text_6/img_7,варшавским
C:/Users/maill/WORK/Dataset/Text_6/img_8,вакзал
C:/Users/maill/WORK/Dataset/Text_6/img_9,станционый
C:/Users/maill/WORK/Dataset/Text_6/img_10,начальник
C:/Users/maill/WORK/Dataset/Text_6/img_11,прошол
C:/Users/maill/WORK/Dataset/Text_6/img_12,на
C:/Users/maill/WORK/Dataset/Text_6/img_13,скамейке
C:/Users/maill/WORK/Dataset/Text_6/img_14,подирай
C:/Users/maill/WORK/Dataset/Text_6/img_15,глинелью
C:/Users/maill/WORK/Dataset/Text_6/img_16,молодой
C:/Users/maill/WORK/Dataset/Text_6/img_17,красноярмин
C:/Users/maill/WORK/Dataset/Text_6/img_18,(прошол)
C:/Users/maill/WORK/Dataset/Text_6/img_19,сидел
C:/Users/maill/WORK/Dataset/Text_6/img_20,Передним
C:/Users/maill/WORK/Dataset/Text_6/img_21,опустив
C:/Users/maill/WORK/Dataset/Text_6/img_22,на
C:/Users/maill/WORK/Dataset/Text_6/img_23,колени
C:/Users/maill/WORK/Dataset/Text_6/img_24,млада
C:/Users/maill/WORK/Dataset/Text_6/img_25,дева
C:/Users/maill/WORK/Dataset/Text_6/img_26,смоит
C:/Users/maill/WORK/Dataset/Text_6/img_27,вослезах
C:/Users/maill/WORK/Dataset/Text_6/img_28,Она
C:/Users/maill/WORK/Dataset/Text_6/img_29,плача
C:/Users/maill/WORK/Dataset/Text_6/img_30,ему
C:/Users/maill/WORK/Dataset/Text_6/img_31,говорила
C:/Users/maill/WORK/Dataset/Text_6/img_32,пожаляй
C:/Users/maill/WORK/Dataset/Text_6/img_33,не
C:/Users/maill/WORK/Dataset/Text_6/img_34,губи
C:/Users/maill/WORK/Dataset/Text_6/img_35,ты
C:/Users/maill/WORK/Dataset/Text_6/img_36,меня
C:/Users/maill/WORK/Dataset/Text_6/img_37,Ее
C:/Users/maill/WORK/Dataset/Text_6/img_38,глазки
C:/Users/maill/WORK/Dataset/Text_6/img_39,на
C:/Users/maill/WORK/Dataset/Text_6/img_40,польнены
C:/Users/maill/WORK/Dataset/Text_6/img_41,слезами
C:/Users/maill/WORK/Dataset/Text_6/img_42,по
C:/Users/maill/WORK/Dataset/Text_6/img_43,плечам
C:/Users/maill/WORK/Dataset/Text_6/img_44,распучена
C:/Users/maill/WORK/Dataset/Text_6/img_45,коса.
C:/Users/maill/WORK/Dataset/Text_6/img_46,Верю
C:/Users/maill/WORK/Dataset/Text_6/img_47,верю
C:/Users/maill/WORK/Dataset/Text_6/img_48,тебе
C:/Users/maill/WORK/Dataset/Text_6/img_49,дорогая
C:/Users/maill/WORK/Dataset/Text_6/img_50,что
C:/Users/maill/WORK/Dataset/Text_6/img_51,"попрежнему,"
C:/Users/maill/WORK/Dataset/Text_6/img_52,любиш
C:/Users/maill/WORK/Dataset/Text_6/img_53,меня.
C:/Users/maill/WORK/Dataset/Text_6/img_54,Но
C:/Users/maill/WORK/Dataset/Text_6/img_55,дольжен
C:/Users/maill/WORK/Dataset/Text_6/img_56,я
C:/Users/maill/WORK/Dataset/Text_6/img_57,служится
C:/Users/maill/WORK/Dataset/Text_6/img_58,на
C:/Users/maill/WORK/Dataset/Text_6/img_59,чальнива
C:/Users/maill/WORK/Dataset/Text_6/img_60,и
C:/Users/maill/WORK/Dataset/Text_6/img_61,навеки
C:/Users/maill/WORK/Dataset/Text_6/img_62,спокинут
C:/Users/maill/WORK/Dataset/Text_6/img_63,тебя.
C:/Users/maill/WORK/Dataset/Text_6/img_64,Вдруг
C:/Users/maill/WORK/Dataset/Text_6/img_65,раздалься
C:/Users/maill/WORK/Dataset/Text_6/img_66,званок
C:/Users/maill/WORK/Dataset/Text_6/img_67,па
C:/Users/maill/WORK/Dataset/Text_6/img_68,сажира
C:/Users/maill/WORK/Dataset/Text_6/img_69,вес
C:/Users/maill/WORK/Dataset/Text_6/img_70,народ
C:/Users/maill/WORK/Dataset/Text_6/img_71,на
C:/Users/maill/WORK/Dataset/Text_6/img_72,простворню
C:/Users/maill/WORK/Dataset/Text_6/img_73,зашол
C:/Users/maill/WORK/Dataset/Text_6/img_74,вдруг
C:/Users/maill/WORK/Dataset/Text_6/img_75,раздался
C:/Users/maill/WORK/Dataset/Text_6/img_76,"свисток,"
C:/Users/maill/WORK/Dataset/Text_6/img_77,на
C:/Users/maill/WORK/Dataset/Text_6/img_78,равози
C:/Users/maill/WORK/Dataset/Text_6/img_79,и
C:/Users/maill/WORK/Dataset/Text_6/img_80,состанции
C:/Users/maill/WORK/Dataset/Text_6/img_81,поезд
C:/Users/maill/WORK/Dataset/Text_6/img_82,прошол
C:/Users/maill/WORK/Dataset/Text_6/img_83,Тут
C:/Users/maill/WORK/Dataset/Text_6/img_84,оставил 
C:/Users/maill/WORK/Dataset/Text_6/img_85,он
C:/Users/maill/WORK/Dataset/Text_6/img_86,деву
C:/Users/maill/WORK/Dataset/Text_6/img_87,малую
C:/Users/maill/WORK/Dataset/Text_6/img_88,сам
C:/Users/maill/WORK/Dataset/Text_6/img_89,поспешно
C:/Users/maill/WORK/Dataset/Text_6/img_90,вагон
C:/Users/maill/WORK/Dataset/Text_6/img_91,заскочил
C:/Users/maill/WORK/Dataset/Text_6/img_92,водин
C:/Users/maill/WORK/Dataset/Text_6/img_93,дей
C:/Users/maill/WORK/Dataset/Text_6/img_94,водин
C:/Users/maill/WORK/Dataset/Text_6/img_95,час
C:/Users/maill/WORK/Dataset/Text_6/img_96,водну
C:/Users/maill/WORK/Dataset/Text_6/img_97,минуту
C:/Users/maill/WORK/Dataset/Text_6/img_98,тут
C:/Users/maill/WORK/Dataset/Text_6/img_99,погибла
C:/Users/maill/WORK/Dataset/Text_6/img_100,две
C:/Users/maill/WORK/Dataset/Text_6/img_101,жертвы
C:/Users/maill/WORK/Dataset/Text_6/img_102,млады
C:/Users/maill/WORK/Dataset/Text_6/img_103,Вся
C:/Users/maill/WORK/Dataset/Text_6/img_104,песня
C:/Users/maill/WORK/Dataset/Text_7/img_1,в
C:/Users/maill/WORK/Dataset/Text_7/img_2,школу
C:/Users/maill/WORK/Dataset/Text_7/img_3,походит
C:/Users/maill/WORK/Dataset/Text_7/img_4,денег
C:/Users/maill/WORK/Dataset/Text_7/img_5,он
C:/Users/maill/WORK/Dataset/Text_7/img_6,хот
C:/Users/maill/WORK/Dataset/Text_7/img_7,моло
C:/Users/maill/WORK/Dataset/Text_7/img_8,а
C:/Users/maill/WORK/Dataset/Text_7/img_9,все
C:/Users/maill/WORK/Dataset/Text_7/img_10,же
C:/Users/maill/WORK/Dataset/Text_7/img_11,зораб
C:/Users/maill/WORK/Dataset/Text_7/img_12,жизн
C:/Users/maill/WORK/Dataset/Text_7/img_13,хижина
C:/Users/maill/WORK/Dataset/Text_7/img_14,неви
C:/Users/maill/WORK/Dataset/Text_7/img_15,лих
C:/Users/maill/WORK/Dataset/Text_7/img_16,животное
C:/Users/maill/WORK/Dataset/Text_7/img_17,квито
C:/Users/maill/WORK/Dataset/Text_7/img_18,жир
C:/Users/maill/WORK/Dataset/Text_7/img_19,Ужимки
C:/Users/maill/WORK/Dataset/Text_7/img_20,ножа
C:/Users/maill/WORK/Dataset/Text_7/img_21,жирни
C:/Users/maill/WORK/Dataset/Text_7/img_22,ежи
C:/Users/maill/WORK/Dataset/Text_7/img_23,ужи
C:/Users/maill/WORK/Dataset/Text_7/img_24,ужан
C:/Users/maill/WORK/Dataset/Text_7/img_25,мужик
C:/Users/maill/WORK/Dataset/Text_7/img_26,журмит
C:/Users/maill/WORK/Dataset/Text_7/img_27,жук
C:/Users/maill/WORK/Dataset/Text_7/img_28,жужжат
C:/Users/maill/WORK/Dataset/Text_7/img_29,служу
C:/Users/maill/WORK/Dataset/Text_7/img_30,нардж 
C:/Users/maill/WORK/Dataset/Text_7/img_31,ожор
C:/Users/maill/WORK/Dataset/Text_7/img_32,жал
C:/Users/maill/WORK/Dataset/Text_8/img_1,частушки
C:/Users/maill/WORK/Dataset/Text_8/img_2,1)
C:/Users/maill/WORK/Dataset/Text_8/img_3,у
C:/Users/maill/WORK/Dataset/Text_8/img_4,торговца
C:/Users/maill/WORK/Dataset/Text_8/img_5,улипата
C:/Users/maill/WORK/Dataset/Text_8/img_6,пятьки
C:/Users/maill/WORK/Dataset/Text_8/img_7,цалом
C:/Users/maill/WORK/Dataset/Text_8/img_8,мазаны
C:/Users/maill/WORK/Dataset/Text_8/img_9,почитаите
C:/Users/maill/WORK/Dataset/Text_8/img_10,ребята
C:/Users/maill/WORK/Dataset/Text_8/img_11,что
C:/Users/maill/WORK/Dataset/Text_8/img_12,в
C:/Users/maill/WORK/Dataset/Text_8/img_13,газете
C:/Users/maill/WORK/Dataset/Text_8/img_14,сказано
C:/Users/maill/WORK/Dataset/Text_8/img_15,2)
C:/Users/maill/WORK/Dataset/Text_8/img_16,Хороша
C:/Users/maill/WORK/Dataset/Text_8/img_17,наша
C:/Users/maill/WORK/Dataset/Text_8/img_18,газета
C:/Users/maill/WORK/Dataset/Text_8/img_19,хороши
C:/Users/maill/WORK/Dataset/Text_8/img_20,под
C:/Users/maill/WORK/Dataset/Text_8/img_21,письчики
C:/Users/maill/WORK/Dataset/Text_8/img_22,надо
C:/Users/maill/WORK/Dataset/Text_8/img_23,нам
C:/Users/maill/WORK/Dataset/Text_8/img_24,теперьих
C:/Users/maill/WORK/Dataset/Text_8/img_25,Клету
C:/Users/maill/WORK/Dataset/Text_8/img_26,за
C:/Users/maill/WORK/Dataset/Text_8/img_27,4000
C:/Users/maill/WORK/Dataset/Text_8/img_28,тысячи
C:/Users/maill/WORK/Dataset/Text_8/img_29,3)
C:/Users/maill/WORK/Dataset/Text_8/img_30,завлекательные
C:/Users/maill/WORK/Dataset/Text_8/img_31,глазки
C:/Users/maill/WORK/Dataset/Text_8/img_32,умиленка
C:/Users/maill/WORK/Dataset/Text_8/img_33,вашего
C:/Users/maill/WORK/Dataset/Text_8/img_34,спой
C:/Users/maill/WORK/Dataset/Text_8/img_35,миленок
C:/Users/maill/WORK/Dataset/Text_8/img_36,комцомолец
C:/Users/maill/WORK/Dataset/Text_8/img_37,знает
C:/Users/maill/WORK/Dataset/Text_8/img_38,больше
C:/Users/maill/WORK/Dataset/Text_8/img_39,вашего
C:/Users/maill/WORK/Dataset/Text_8/img_40,4)
C:/Users/maill/WORK/Dataset/Text_8/img_41,я
C:/Users/maill/WORK/Dataset/Text_8/img_42,набочеке
C:/Users/maill/WORK/Dataset/Text_8/img_43,сижу
C:/Users/maill/WORK/Dataset/Text_8/img_44,а
C:/Users/maill/WORK/Dataset/Text_8/img_45,подьнею
C:/Users/maill/WORK/Dataset/Text_8/img_46,мышка
C:/Users/maill/WORK/Dataset/Text_8/img_47,красна
C:/Users/maill/WORK/Dataset/Text_8/img_48,арьмия
C:/Users/maill/WORK/Dataset/Text_8/img_49,прийдет
C:/Users/maill/WORK/Dataset/Text_8/img_50,офицерам
C:/Users/maill/WORK/Dataset/Text_8/img_51,крышка
C:/Users/maill/WORK/Dataset/Text_9/img_1,по-старике
C:/Users/maill/WORK/Dataset/Text_9/img_2,Сеном
C:/Users/maill/WORK/Dataset/Text_9/img_3,сухим
C:/Users/maill/WORK/Dataset/Text_9/img_4,без
C:/Users/maill/WORK/Dataset/Text_9/img_5,контрольно
C:/Users/maill/WORK/Dataset/Text_9/img_6,Марья
C:/Users/maill/WORK/Dataset/Text_9/img_7,корову
C:/Users/maill/WORK/Dataset/Text_9/img_8,"кормила,"
C:/Users/maill/WORK/Dataset/Text_9/img_9,В
C:/Users/maill/WORK/Dataset/Text_9/img_10,год
C:/Users/maill/WORK/Dataset/Text_9/img_11,девяносто
C:/Users/maill/WORK/Dataset/Text_9/img_12,ведерок
C:/Users/maill/WORK/Dataset/Text_9/img_13,Молока
C:/Users/maill/WORK/Dataset/Text_9/img_14,надоила.
C:/Users/maill/WORK/Dataset/Text_9/img_15,Х. Артемьевских
C:/Users/maill/WORK/Dataset/Text_9/img_16,"г. Верх-Сарана,"
C:/Users/maill/WORK/Dataset/Text_9/img_17,Краснуфимскаго
C:/Users/maill/WORK/Dataset/Text_9/img_18,"ра-на,"
C:/Users/maill/WORK/Dataset/Text_9/img_19,Кунгурскаго
C:/Users/maill/WORK/Dataset/Text_9/img_20,"округа,"
C:/Users/maill/WORK/Dataset/Text_9/img_21,уральобласти.
C:/Users/maill/WORK/Dataset/Text_9/img_22,по-новому
C:/Users/maill/WORK/Dataset/Text_9/img_23,Дарья
C:/Users/maill/WORK/Dataset/Text_9/img_24,буренку
C:/Users/maill/WORK/Dataset/Text_9/img_25,кормила
C:/Users/maill/WORK/Dataset/Text_9/img_26,Корнеплодом
C:/Users/maill/WORK/Dataset/Text_9/img_27,и
C:/Users/maill/WORK/Dataset/Text_9/img_28,"жмыхом,-"
C:/Users/maill/WORK/Dataset/Text_9/img_29,Молока
C:/Users/maill/WORK/Dataset/Text_9/img_30,в
C:/Users/maill/WORK/Dataset/Text_9/img_31,год
C:/Users/maill/WORK/Dataset/Text_9/img_32,надоила
C:/Users/maill/WORK/Dataset/Text_9/img_33,Двести
C:/Users/maill/WORK/Dataset/Text_9/img_34,ведер
C:/Users/maill/WORK/Dataset/Text_9/img_35,с
C:/Users/maill/WORK/Dataset/Text_9/img_36,лишком.
