image_path,label
C:/Users/maill/WORK/Dataset/32_1/img_1,Из
C:/Users/maill/WORK/Dataset/32_1/img_2,архива
C:/Users/maill/WORK/Dataset/32_1/img_3,П.
C:/Users/maill/WORK/Dataset/32_1/img_4,П.
C:/Users/maill/WORK/Dataset/32_1/img_5,Бажова
C:/Users/maill/WORK/Dataset/32_1/img_6,Письма
C:/Users/maill/WORK/Dataset/32_1/img_7,крестьян
C:/Users/maill/WORK/Dataset/32_1/img_8,в
C:/Users/maill/WORK/Dataset/32_1/img_9,«Крестьянскую
C:/Users/maill/WORK/Dataset/32_1/img_10,газету»
C:/Users/maill/WORK/Dataset/32_1/img_11,рукописных
C:/Users/maill/WORK/Dataset/32_1/img_12,листов -
C:/Users/maill/WORK/Dataset/32_1/img_13,446
C:/Users/maill/WORK/Dataset/32_1/img_14,Машинописных -
C:/Users/maill/WORK/Dataset/32_1/img_15,22
C:/Users/maill/WORK/Dataset/32_1/img_16,1927
C:/Users/maill/WORK/Dataset/32_1/img_17,г.
C:/Users/maill/WORK/Dataset/32_10/img_1,В
C:/Users/maill/WORK/Dataset/32_10/img_2,крест.
C:/Users/maill/WORK/Dataset/32_10/img_3,Редакцию
C:/Users/maill/WORK/Dataset/32_10/img_4,Газеты
C:/Users/maill/WORK/Dataset/32_10/img_5,Прошу
C:/Users/maill/WORK/Dataset/32_10/img_6,поместить
C:/Users/maill/WORK/Dataset/32_10/img_7,статью
C:/Users/maill/WORK/Dataset/32_10/img_8,в
C:/Users/maill/WORK/Dataset/32_10/img_9,вашей
C:/Users/maill/WORK/Dataset/32_10/img_10,газете
C:/Users/maill/WORK/Dataset/32_10/img_11,крестьянин
C:/Users/maill/WORK/Dataset/32_10/img_12,дер
C:/Users/maill/WORK/Dataset/32_10/img_13,Никольской
C:/Users/maill/WORK/Dataset/32_10/img_14,тогоже
C:/Users/maill/WORK/Dataset/32_10/img_15,Ламенкого
C:/Users/maill/WORK/Dataset/32_10/img_16,раиона
C:/Users/maill/WORK/Dataset/32_10/img_17,Ишимского
C:/Users/maill/WORK/Dataset/32_10/img_18,округа
C:/Users/maill/WORK/Dataset/32_10/img_19,Грябенской
C:/Users/maill/WORK/Dataset/32_10/img_20,Василии
C:/Users/maill/WORK/Dataset/32_11/img_1,Свердловск.
C:/Users/maill/WORK/Dataset/32_11/img_2,"""Крестьянской газеты""."
C:/Users/maill/WORK/Dataset/32_11/img_3,Я
C:/Users/maill/WORK/Dataset/32_11/img_4,ученик
C:/Users/maill/WORK/Dataset/32_11/img_5,гл.
C:/Users/maill/WORK/Dataset/32_11/img_6,к. м
C:/Users/maill/WORK/Dataset/32_11/img_7,уезжаю
C:/Users/maill/WORK/Dataset/32_11/img_8,В с.
C:/Users/maill/WORK/Dataset/32_11/img_9,Иев
C:/Users/maill/WORK/Dataset/32_11/img_10,"лево,"
C:/Users/maill/WORK/Dataset/32_11/img_11,Ярко
C:/Users/maill/WORK/Dataset/32_11/img_12,вского
C:/Users/maill/WORK/Dataset/32_11/img_13,района
C:/Users/maill/WORK/Dataset/32_11/img_14,","
C:/Users/maill/WORK/Dataset/32_11/img_15,Тюменского
C:/Users/maill/WORK/Dataset/32_11/img_16,"круга,."
C:/Users/maill/WORK/Dataset/32_11/img_17,Ученик
C:/Users/maill/WORK/Dataset/32_11/img_18,Белоеж
C:/Users/maill/WORK/Dataset/32_11/img_19,ин
C:/Users/maill/WORK/Dataset/32_11/img_20,Вл.
C:/Users/maill/WORK/Dataset/32_11/img_21,Ал.
C:/Users/maill/WORK/Dataset/32_12/img_1,всего
C:/Users/maill/WORK/Dataset/32_12/img_2,8 эгзем.
C:/Users/maill/WORK/Dataset/32_12/img_3,да
C:/Users/maill/WORK/Dataset/32_12/img_4,надо
C:/Users/maill/WORK/Dataset/32_12/img_5,составить
C:/Users/maill/WORK/Dataset/32_12/img_6,отчет
C:/Users/maill/WORK/Dataset/32_12/img_7,да
C:/Users/maill/WORK/Dataset/32_12/img_8,программ
C:/Users/maill/WORK/Dataset/32_12/img_9,статистики
C:/Users/maill/WORK/Dataset/32_12/img_10,за
C:/Users/maill/WORK/Dataset/32_12/img_11,помнить
C:/Users/maill/WORK/Dataset/32_12/img_12,а
C:/Users/maill/WORK/Dataset/32_12/img_13,завтра
C:/Users/maill/WORK/Dataset/32_12/img_14,н
C:/Users/maill/WORK/Dataset/32_12/img_15,алом
C:/Users/maill/WORK/Dataset/32_12/img_16,не
C:/Users/maill/WORK/Dataset/32_12/img_17,когда
C:/Users/maill/WORK/Dataset/32_12/img_18,будет.
C:/Users/maill/WORK/Dataset/32_12/img_19,пока
C:/Users/maill/WORK/Dataset/32_12/img_20,все
C:/Users/maill/WORK/Dataset/32_12/img_21,это
C:/Users/maill/WORK/Dataset/32_12/img_22,робо
C:/Users/maill/WORK/Dataset/32_12/img_23,тал
C:/Users/maill/WORK/Dataset/32_12/img_24,и
C:/Users/maill/WORK/Dataset/32_12/img_25,вечер
C:/Users/maill/WORK/Dataset/32_12/img_26,на
C:/Users/maill/WORK/Dataset/32_12/img_27,дворе.
C:/Users/maill/WORK/Dataset/32_12/img_28,по
C:/Users/maill/WORK/Dataset/32_12/img_29,шел
C:/Users/maill/WORK/Dataset/32_12/img_30,по
C:/Users/maill/WORK/Dataset/32_12/img_31,ял.
C:/Users/maill/WORK/Dataset/32_12/img_32,и
C:/Users/maill/WORK/Dataset/32_12/img_33,Утомлений
C:/Users/maill/WORK/Dataset/32_12/img_34,еще
C:/Users/maill/WORK/Dataset/32_12/img_35,пришол
C:/Users/maill/WORK/Dataset/32_12/img_36,в сост
C:/Users/maill/WORK/Dataset/32_12/img_37,уже
C:/Users/maill/WORK/Dataset/32_12/img_38,темнеет
C:/Users/maill/WORK/Dataset/32_12/img_39,в
C:/Users/maill/WORK/Dataset/32_12/img_40,совете
C:/Users/maill/WORK/Dataset/32_12/img_41,мижики
C:/Users/maill/WORK/Dataset/32_12/img_42,сидят шутят
C:/Users/maill/WORK/Dataset/32_12/img_43,друг
C:/Users/maill/WORK/Dataset/32_12/img_44,над
C:/Users/maill/WORK/Dataset/32_12/img_45,другом.
C:/Users/maill/WORK/Dataset/32_12/img_46,ищут
C:/Users/maill/WORK/Dataset/32_12/img_48,сем
C:/Users/maill/WORK/Dataset/32_12/img_49,го
C:/Users/maill/WORK/Dataset/32_12/img_50,тут
C:/Users/maill/WORK/Dataset/32_12/img_51,же
C:/Users/maill/WORK/Dataset/32_12/img_52,ту
C:/Users/maill/WORK/Dataset/32_12/img_54,приходит
C:/Users/maill/WORK/Dataset/32_12/img_55,зямлему. надо подводу.
C:/Users/maill/WORK/Dataset/32_12/img_56,а
C:/Users/maill/WORK/Dataset/32_12/img_57,сель
C:/Users/maill/WORK/Dataset/32_12/img_58,ский
C:/Users/maill/WORK/Dataset/32_12/img_59,Уехал
C:/Users/maill/WORK/Dataset/32_12/img_60,на
C:/Users/maill/WORK/Dataset/32_12/img_61,паре
C:/Users/maill/WORK/Dataset/32_12/img_64,не
C:/Users/maill/WORK/Dataset/32_12/img_66,и
C:/Users/maill/WORK/Dataset/32_12/img_67,нек
C:/Users/maill/WORK/Dataset/32_12/img_68,то
C:/Users/maill/WORK/Dataset/32_12/img_69,неедетят. токда
C:/Users/maill/WORK/Dataset/32_12/img_70,пред
C:/Users/maill/WORK/Dataset/32_12/img_72,на
C:/Users/maill/WORK/Dataset/32_12/img_73,пал
C:/Users/maill/WORK/Dataset/32_12/img_74,на
C:/Users/maill/WORK/Dataset/32_12/img_76,Утя говорят
C:/Users/maill/WORK/Dataset/32_12/img_77,лоша
C:/Users/maill/WORK/Dataset/32_12/img_78,дома
C:/Users/maill/WORK/Dataset/32_12/img_79,нет
C:/Users/maill/WORK/Dataset/32_12/img_80,приеха
C:/Users/maill/WORK/Dataset/32_12/img_81,л
C:/Users/maill/WORK/Dataset/32_12/img_82,споля
C:/Users/maill/WORK/Dataset/32_12/img_83,и
C:/Users/maill/WORK/Dataset/32_12/img_84,свел.
C:/Users/maill/WORK/Dataset/32_12/img_86,беги
C:/Users/maill/WORK/Dataset/32_12/img_87,бегом
C:/Users/maill/WORK/Dataset/32_12/img_88,вези
C:/Users/maill/WORK/Dataset/32_12/img_89,бежать
C:/Users/maill/WORK/Dataset/32_12/img_91,и
C:/Users/maill/WORK/Dataset/32_12/img_92,от
C:/Users/maill/WORK/Dataset/32_12/img_93,землемера
C:/Users/maill/WORK/Dataset/32_12/img_94,далеко
C:/Users/maill/WORK/Dataset/32_12/img_95,пока
C:/Users/maill/WORK/Dataset/32_12/img_96,хожу
C:/Users/maill/WORK/Dataset/32_12/img_97,вовсе
C:/Users/maill/WORK/Dataset/32_12/img_98,темно
C:/Users/maill/WORK/Dataset/32_12/img_99,будет
C:/Users/maill/WORK/Dataset/32_12/img_100,и
C:/Users/maill/WORK/Dataset/32_12/img_101,я так сегод
C:/Users/maill/WORK/Dataset/32_12/img_102,ня
C:/Users/maill/WORK/Dataset/32_12/img_105,иди
C:/Users/maill/WORK/Dataset/32_12/img_106,мать
C:/Users/maill/WORK/Dataset/32_12/img_107,перемать
C:/Users/maill/WORK/Dataset/32_12/img_108,скорее
C:/Users/maill/WORK/Dataset/32_12/img_110,не
C:/Users/maill/WORK/Dataset/32_12/img_111,аривает.
C:/Users/maill/WORK/Dataset/32_12/img_113,что
C:/Users/maill/WORK/Dataset/32_12/img_114,больше
C:/Users/maill/WORK/Dataset/32_12/img_115,неко
C:/Users/maill/WORK/Dataset/32_12/img_116,го
C:/Users/maill/WORK/Dataset/32_12/img_117,что
C:/Users/maill/WORK/Dataset/32_12/img_118,не
C:/Users/maill/WORK/Dataset/32_12/img_120,не
C:/Users/maill/WORK/Dataset/32_12/img_121,куда
C:/Users/maill/WORK/Dataset/32_12/img_122,не
C:/Users/maill/WORK/Dataset/32_12/img_123,бывали.
C:/Users/maill/WORK/Dataset/32_12/img_125,что
C:/Users/maill/WORK/Dataset/32_12/img_126,мать
C:/Users/maill/WORK/Dataset/32_12/img_127,перелсать
C:/Users/maill/WORK/Dataset/32_12/img_128,не тибя
C:/Users/maill/WORK/Dataset/32_12/img_129,что
C:/Users/maill/WORK/Dataset/32_12/img_130,ли
C:/Users/maill/WORK/Dataset/32_12/img_131,говорят
C:/Users/maill/WORK/Dataset/32_12/img_132,иди
C:/Users/maill/WORK/Dataset/32_12/img_133,живо
C:/Users/maill/WORK/Dataset/32_12/img_134,не
C:/Users/maill/WORK/Dataset/32_12/img_135,разговаривал
C:/Users/maill/WORK/Dataset/32_12/img_136,что
C:/Users/maill/WORK/Dataset/32_12/img_137,член
C:/Users/maill/WORK/Dataset/32_12/img_138,сель
C:/Users/maill/WORK/Dataset/32_12/img_140,другие
C:/Users/maill/WORK/Dataset/32_12/img_141,какой
C:/Users/maill/WORK/Dataset/32_12/img_142,пришлет
C:/Users/maill/WORK/Dataset/32_12/img_143,кажет.
C:/Users/maill/WORK/Dataset/32_12/img_144,тогда
C:/Users/maill/WORK/Dataset/32_12/img_145,пред
C:/Users/maill/WORK/Dataset/32_12/img_146,вовсе
C:/Users/maill/WORK/Dataset/32_12/img_147,напустился
C:/Users/maill/WORK/Dataset/32_12/img_148,айда
C:/Users/maill/WORK/Dataset/32_12/img_149,матвого
C:/Users/maill/WORK/Dataset/32_12/img_150,живо.
C:/Users/maill/WORK/Dataset/32_12/img_151,пришлось
C:/Users/maill/WORK/Dataset/32_12/img_153,не
C:/Users/maill/WORK/Dataset/32_12/img_154,солоно
C:/Users/maill/WORK/Dataset/32_12/img_155,хлебави
C:/Users/maill/WORK/Dataset/32_12/img_156,шагато за
C:/Users/maill/WORK/Dataset/32_12/img_157,лошадью.
C:/Users/maill/WORK/Dataset/32_12/img_158,а
C:/Users/maill/WORK/Dataset/32_12/img_159,когда
C:/Users/maill/WORK/Dataset/32_12/img_160,приехал
C:/Users/maill/WORK/Dataset/32_12/img_161,в
C:/Users/maill/WORK/Dataset/32_12/img_162,совете
C:/Users/maill/WORK/Dataset/32_12/img_163,уже
C:/Users/maill/WORK/Dataset/32_12/img_164,не
C:/Users/maill/WORK/Dataset/32_12/img_165,кого
C:/Users/maill/WORK/Dataset/32_12/img_166,нет
C:/Users/maill/WORK/Dataset/32_12/img_167,пришлось
C:/Users/maill/WORK/Dataset/32_12/img_168,ехать обратно
C:/Users/maill/WORK/Dataset/32_12/img_169,и
C:/Users/maill/WORK/Dataset/32_12/img_170,опять
C:/Users/maill/WORK/Dataset/32_12/img_171,свет
C:/Users/maill/WORK/Dataset/32_12/img_178,опять
C:/Users/maill/WORK/Dataset/32_12/img_179,да
C:/Users/maill/WORK/Dataset/32_12/img_180,на
C:/Users/maill/WORK/Dataset/32_12/img_181,поле
C:/Users/maill/WORK/Dataset/32_12/img_182,ехать.
C:/Users/maill/WORK/Dataset/32_12/img_183,трепал
C:/Users/maill/WORK/Dataset/32_12/img_184,не
C:/Users/maill/WORK/Dataset/32_12/img_185,без
C:/Users/maill/WORK/Dataset/32_12/img_186,тому
C:/Users/maill/WORK/Dataset/32_12/img_187,вот
C:/Users/maill/WORK/Dataset/32_12/img_188,как
C:/Users/maill/WORK/Dataset/32_12/img_189,потчуют
C:/Users/maill/WORK/Dataset/32_12/img_190,нашего
C:/Users/maill/WORK/Dataset/32_12/img_191,брата
C:/Users/maill/WORK/Dataset/32_12/img_192,все
C:/Users/maill/WORK/Dataset/32_12/img_193,наши
C:/Users/maill/WORK/Dataset/32_12/img_194,работы
C:/Users/maill/WORK/Dataset/32_12/img_195,и
C:/Users/maill/WORK/Dataset/32_12/img_196,старанья.
C:/Users/maill/WORK/Dataset/32_12/img_198,больше
C:/Users/maill/WORK/Dataset/32_12/img_201,того
C:/Users/maill/WORK/Dataset/32_12/img_202,больше
C:/Users/maill/WORK/Dataset/32_12/img_203,и
C:/Users/maill/WORK/Dataset/32_12/img_204,толкают а
C:/Users/maill/WORK/Dataset/32_12/img_205,кто
C:/Users/maill/WORK/Dataset/32_12/img_206,в
C:/Users/maill/WORK/Dataset/32_12/img_207,совете
C:/Users/maill/WORK/Dataset/32_12/img_208,не
C:/Users/maill/WORK/Dataset/32_12/img_209,быват тот
C:/Users/maill/WORK/Dataset/32_12/img_210,жевет
C:/Users/maill/WORK/Dataset/32_12/img_211,спокоен.
C:/Users/maill/WORK/Dataset/32_12/img_213,Село
C:/Users/maill/WORK/Dataset/32_12/img_218,Сель
C:/Users/maill/WORK/Dataset/32_13/img_1,се
C:/Users/maill/WORK/Dataset/32_13/img_2,необходимое.
C:/Users/maill/WORK/Dataset/32_13/img_3,Потребитель вредность
C:/Users/maill/WORK/Dataset/32_13/img_4,этого
C:/Users/maill/WORK/Dataset/32_13/img_5,явлению
C:/Users/maill/WORK/Dataset/32_13/img_6,прек-
C:/Users/maill/WORK/Dataset/32_13/img_7,расно
C:/Users/maill/WORK/Dataset/32_13/img_8,понимает
C:/Users/maill/WORK/Dataset/32_13/img_9,и
C:/Users/maill/WORK/Dataset/32_13/img_10,"знает,"
C:/Users/maill/WORK/Dataset/32_13/img_11,но
C:/Users/maill/WORK/Dataset/32_13/img_12,расходует
C:/Users/maill/WORK/Dataset/32_13/img_13,свои копейки
C:/Users/maill/WORK/Dataset/32_13/img_14,на
C:/Users/maill/WORK/Dataset/32_13/img_15,сторо
C:/Users/maill/WORK/Dataset/32_13/img_16,не
C:/Users/maill/WORK/Dataset/32_13/img_17,что
C:/Users/maill/WORK/Dataset/32_13/img_18,часто
C:/Users/maill/WORK/Dataset/32_13/img_19,иного
C:/Users/maill/WORK/Dataset/32_13/img_20,выхода
C:/Users/maill/WORK/Dataset/32_13/img_21,нет.
C:/Users/maill/WORK/Dataset/32_13/img_22,"Но,"
C:/Users/maill/WORK/Dataset/32_13/img_23,а
C:/Users/maill/WORK/Dataset/32_13/img_24,между
C:/Users/maill/WORK/Dataset/32_13/img_25,"тем,"
C:/Users/maill/WORK/Dataset/32_13/img_26,должна
C:/Users/maill/WORK/Dataset/32_13/img_27,быть
C:/Users/maill/WORK/Dataset/32_13/img_28,"така, чтобы"
C:/Users/maill/WORK/Dataset/32_13/img_29,она от-
C:/Users/maill/WORK/Dataset/32_13/img_30,вечала
C:/Users/maill/WORK/Dataset/32_13/img_31,практически
C:/Users/maill/WORK/Dataset/32_13/img_32,потребностям
C:/Users/maill/WORK/Dataset/32_13/img_33,крестьянина-потребителя
C:/Users/maill/WORK/Dataset/32_13/img_34,и
C:/Users/maill/WORK/Dataset/32_13/img_35,вовсе
C:/Users/maill/WORK/Dataset/32_13/img_36,не
C:/Users/maill/WORK/Dataset/32_13/img_37,является
C:/Users/maill/WORK/Dataset/32_13/img_38,не
C:/Users/maill/WORK/Dataset/32_13/img_39,разрешимой задачей
C:/Users/maill/WORK/Dataset/32_13/img_40,Поэтому
C:/Users/maill/WORK/Dataset/32_13/img_41,правлению
C:/Users/maill/WORK/Dataset/32_13/img_42,Аятского
C:/Users/maill/WORK/Dataset/32_13/img_43,Е.П.Л.
C:/Users/maill/WORK/Dataset/32_13/img_44,нужно
C:/Users/maill/WORK/Dataset/32_13/img_45,за
C:/Users/maill/WORK/Dataset/32_13/img_46,кооперирование
C:/Users/maill/WORK/Dataset/32_13/img_47,и
C:/Users/maill/WORK/Dataset/32_13/img_48,удовлетворение
C:/Users/maill/WORK/Dataset/32_13/img_49,потребности
C:/Users/maill/WORK/Dataset/32_13/img_50,населения
C:/Users/maill/WORK/Dataset/32_13/img_51,взяться
C:/Users/maill/WORK/Dataset/32_13/img_52,серьезно.
C:/Users/maill/WORK/Dataset/32_13/img_53,Севрюгин
C:/Users/maill/WORK/Dataset/32_13/img_54,Ник.Фед.II.
C:/Users/maill/WORK/Dataset/32_13/img_55,20/VI-27г.
C:/Users/maill/WORK/Dataset/32_14/img_1,В
C:/Users/maill/WORK/Dataset/32_14/img_2,Редкцию
C:/Users/maill/WORK/Dataset/32_14/img_3,областной
C:/Users/maill/WORK/Dataset/32_14/img_4,газеты
C:/Users/maill/WORK/Dataset/32_14/img_5,Хорошо
C:/Users/maill/WORK/Dataset/32_14/img_6,снизили
C:/Users/maill/WORK/Dataset/32_14/img_7,цены
C:/Users/maill/WORK/Dataset/32_14/img_8,В
C:/Users/maill/WORK/Dataset/32_14/img_9,Килачевском
C:/Users/maill/WORK/Dataset/32_14/img_10,Д.
C:/Users/maill/WORK/Dataset/32_14/img_11,П. О.
C:/Users/maill/WORK/Dataset/32_14/img_12,цены
C:/Users/maill/WORK/Dataset/32_14/img_13,на
C:/Users/maill/WORK/Dataset/32_14/img_14,товары
C:/Users/maill/WORK/Dataset/32_14/img_15,после сниженья
C:/Users/maill/WORK/Dataset/32_14/img_17,стали
C:/Users/maill/WORK/Dataset/32_14/img_18,еще
C:/Users/maill/WORK/Dataset/32_14/img_19,выше.
C:/Users/maill/WORK/Dataset/32_14/img_20,обуточные
C:/Users/maill/WORK/Dataset/32_14/img_21,переда
C:/Users/maill/WORK/Dataset/32_14/img_22,из
C:/Users/maill/WORK/Dataset/32_14/img_23,красной
C:/Users/maill/WORK/Dataset/32_14/img_24,кожи
C:/Users/maill/WORK/Dataset/32_14/img_25,до
C:/Users/maill/WORK/Dataset/32_14/img_26,сниженья
C:/Users/maill/WORK/Dataset/32_14/img_27,85 коп.
C:/Users/maill/WORK/Dataset/32_14/img_28,а
C:/Users/maill/WORK/Dataset/32_14/img_29,теперь
C:/Users/maill/WORK/Dataset/32_14/img_30,1 р. 10 к и до 1 р. 20
C:/Users/maill/WORK/Dataset/32_14/img_31,семечки
C:/Users/maill/WORK/Dataset/32_14/img_32,до
C:/Users/maill/WORK/Dataset/32_14/img_33,сниженья
C:/Users/maill/WORK/Dataset/32_14/img_34,10 к
C:/Users/maill/WORK/Dataset/32_14/img_35,за
C:/Users/maill/WORK/Dataset/32_14/img_36,400 гр.
C:/Users/maill/WORK/Dataset/32_14/img_37,а
C:/Users/maill/WORK/Dataset/32_14/img_38,теперь
C:/Users/maill/WORK/Dataset/32_14/img_39,11 к за
C:/Users/maill/WORK/Dataset/32_14/img_40,400 гр
C:/Users/maill/WORK/Dataset/32_14/img_41,Стало
C:/Users/maill/WORK/Dataset/32_14/img_42,быть
C:/Users/maill/WORK/Dataset/32_14/img_43,для
C:/Users/maill/WORK/Dataset/32_14/img_44,нашего
C:/Users/maill/WORK/Dataset/32_14/img_45,кооператива
C:/Users/maill/WORK/Dataset/32_14/img_46,закон
C:/Users/maill/WORK/Dataset/32_14/img_47,о
C:/Users/maill/WORK/Dataset/32_14/img_48,сниженье
C:/Users/maill/WORK/Dataset/32_14/img_49,цен
C:/Users/maill/WORK/Dataset/32_14/img_50,не
C:/Users/maill/WORK/Dataset/32_14/img_51,касается
C:/Users/maill/WORK/Dataset/32_14/img_52,10/14 242
C:/Users/maill/WORK/Dataset/32_14/img_53,Деревня
C:/Users/maill/WORK/Dataset/32_14/img_54,фоминская
C:/Users/maill/WORK/Dataset/32_14/img_55,Килачевский
C:/Users/maill/WORK/Dataset/32_14/img_56,с/с
C:/Users/maill/WORK/Dataset/32_14/img_57,Ирб-заводского 
C:/Users/maill/WORK/Dataset/32_14/img_58,района
C:/Users/maill/WORK/Dataset/32_14/img_59,Ирбитского
C:/Users/maill/WORK/Dataset/32_14/img_60,округа
C:/Users/maill/WORK/Dataset/32_14/img_61,Фоминцов
C:/Users/maill/WORK/Dataset/32_14/img_62,Илья Иванов.
C:/Users/maill/WORK/Dataset/32_15/img_1,В
C:/Users/maill/WORK/Dataset/32_15/img_2,Редакцiю
C:/Users/maill/WORK/Dataset/32_15/img_3,областной
C:/Users/maill/WORK/Dataset/32_15/img_4,Кресть
C:/Users/maill/WORK/Dataset/32_15/img_5,янской
C:/Users/maill/WORK/Dataset/32_15/img_6,области
C:/Users/maill/WORK/Dataset/32_15/img_7,газеты
C:/Users/maill/WORK/Dataset/32_15/img_8,Почему
C:/Users/maill/WORK/Dataset/32_15/img_9,в
C:/Users/maill/WORK/Dataset/32_15/img_10,некоторых
C:/Users/maill/WORK/Dataset/32_15/img_11,окру
C:/Users/maill/WORK/Dataset/32_15/img_12,гах
C:/Users/maill/WORK/Dataset/32_15/img_13,нашей
C:/Users/maill/WORK/Dataset/32_15/img_14,оценка
C:/Users/maill/WORK/Dataset/32_15/img_15,посевной
C:/Users/maill/WORK/Dataset/32_15/img_16,была
C:/Users/maill/WORK/Dataset/32_15/img_17,произведена
C:/Users/maill/WORK/Dataset/32_15/img_19,десятины
C:/Users/maill/WORK/Dataset/32_15/img_20,в
C:/Users/maill/WORK/Dataset/32_15/img_21,по
C:/Users/maill/WORK/Dataset/32_15/img_22,районам. И еще
C:/Users/maill/WORK/Dataset/32_15/img_23,по
C:/Users/maill/WORK/Dataset/32_15/img_24,с/с
C:/Users/maill/WORK/Dataset/32_15/img_25,Ирбистском
C:/Users/maill/WORK/Dataset/32_15/img_27,по
C:/Users/maill/WORK/Dataset/32_15/img_28,районам
C:/Users/maill/WORK/Dataset/32_15/img_29,по
C:/Users/maill/WORK/Dataset/32_15/img_30,неправильно
C:/Users/maill/WORK/Dataset/32_15/img_32,что
C:/Users/maill/WORK/Dataset/32_15/img_33,в
C:/Users/maill/WORK/Dataset/32_15/img_34,нашом
C:/Users/maill/WORK/Dataset/32_15/img_35,районе пашня
C:/Users/maill/WORK/Dataset/32_15/img_36,далеко
C:/Users/maill/WORK/Dataset/32_15/img_37,с/с
C:/Users/maill/WORK/Dataset/32_15/img_39,не
C:/Users/maill/WORK/Dataset/32_15/img_42,десятина
C:/Users/maill/WORK/Dataset/32_15/img_43,дает
C:/Users/maill/WORK/Dataset/32_15/img_44,урожай
C:/Users/maill/WORK/Dataset/32_15/img_45,75 и 80 п.
C:/Users/maill/WORK/Dataset/32_15/img_46,по
C:/Users/maill/WORK/Dataset/32_15/img_48,посевная
C:/Users/maill/WORK/Dataset/32_15/img_49,десятина
C:/Users/maill/WORK/Dataset/32_15/img_50,прошла
C:/Users/maill/WORK/Dataset/32_15/img_51,Крестьяне
C:/Users/maill/WORK/Dataset/32_15/img_52,недовольны
C:/Users/maill/WORK/Dataset/32_15/img_53,против
C:/Users/maill/WORK/Dataset/32_15/img_54,соседних
C:/Users/maill/WORK/Dataset/32_15/img_55,наша
C:/Users/maill/WORK/Dataset/32_15/img_56,десятина
C:/Users/maill/WORK/Dataset/32_15/img_57,должна
C:/Users/maill/WORK/Dataset/32_15/img_58,обцениться
C:/Users/maill/WORK/Dataset/32_15/img_59,дешевлею
C:/Users/maill/WORK/Dataset/32_15/img_60,хочется
C:/Users/maill/WORK/Dataset/32_15/img_61,бы
C:/Users/maill/WORK/Dataset/32_15/img_63,Ирб.зав районе
C:/Users/maill/WORK/Dataset/32_15/img_65,в
C:/Users/maill/WORK/Dataset/32_15/img_67,посева
C:/Users/maill/WORK/Dataset/32_15/img_68,с/с
C:/Users/maill/WORK/Dataset/32_15/img_69,27ч.
C:/Users/maill/WORK/Dataset/32_15/img_70,фоминская
C:/Users/maill/WORK/Dataset/32_15/img_71,Килачевский
C:/Users/maill/WORK/Dataset/32_15/img_72,района
C:/Users/maill/WORK/Dataset/32_15/img_73,Ирбитскаго
C:/Users/maill/WORK/Dataset/32_15/img_74,округа
C:/Users/maill/WORK/Dataset/32_15/img_75,Селькор
C:/Users/maill/WORK/Dataset/32_15/img_76,тов
C:/Users/maill/WORK/Dataset/32_15/img_77,селькоры
C:/Users/maill/WORK/Dataset/32_15/img_78,и
C:/Users/maill/WORK/Dataset/32_15/img_79,крестьяне
C:/Users/maill/WORK/Dataset/32_15/img_80,Ирб.зав.
C:/Users/maill/WORK/Dataset/32_15/img_81,района
C:/Users/maill/WORK/Dataset/32_15/img_82,по
C:/Users/maill/WORK/Dataset/32_15/img_83,этому
C:/Users/maill/WORK/Dataset/32_15/img_84,поводу
C:/Users/maill/WORK/Dataset/32_15/img_85,дай
C:/Users/maill/WORK/Dataset/32_15/img_86,те
C:/Users/maill/WORK/Dataset/32_15/img_87,отзвы.
C:/Users/maill/WORK/Dataset/32_15/img_88,В
C:/Users/maill/WORK/Dataset/32_15/img_89,редакцiю
C:/Users/maill/WORK/Dataset/32_15/img_90,областной
C:/Users/maill/WORK/Dataset/32_15/img_91,Крестян.
C:/Users/maill/WORK/Dataset/32_15/img_92,газеты
C:/Users/maill/WORK/Dataset/32_15/img_93,вопрос
C:/Users/maill/WORK/Dataset/32_15/img_94,селькора
C:/Users/maill/WORK/Dataset/32_15/img_95,Ир-ф 76.
C:/Users/maill/WORK/Dataset/32_15/img_1,В
C:/Users/maill/WORK/Dataset/32_15/img_2,Редакцiю
C:/Users/maill/WORK/Dataset/32_15/img_3,областной
C:/Users/maill/WORK/Dataset/32_15/img_4,Кресть
C:/Users/maill/WORK/Dataset/32_15/img_5,янской
C:/Users/maill/WORK/Dataset/32_15/img_6,области
C:/Users/maill/WORK/Dataset/32_15/img_7,газеты
C:/Users/maill/WORK/Dataset/32_15/img_8,Почему
C:/Users/maill/WORK/Dataset/32_15/img_9,в
C:/Users/maill/WORK/Dataset/32_16/img_1,К
C:/Users/maill/WORK/Dataset/32_16/img_2,международному
C:/Users/maill/WORK/Dataset/32_16/img_4,дню
C:/Users/maill/WORK/Dataset/32_16/img_5,ооперации.
C:/Users/maill/WORK/Dataset/32_16/img_7,3 июля’
C:/Users/maill/WORK/Dataset/32_16/img_8,нас
C:/Users/maill/WORK/Dataset/32_16/img_9,у
C:/Users/maill/WORK/Dataset/32_16/img_10,нынче
C:/Users/maill/WORK/Dataset/32_16/img_11,день
C:/Users/maill/WORK/Dataset/32_16/img_12,празднуется
C:/Users/maill/WORK/Dataset/32_16/img_13,международной
C:/Users/maill/WORK/Dataset/32_16/img_14,Какие же
C:/Users/maill/WORK/Dataset/32_16/img_15,цели
C:/Users/maill/WORK/Dataset/32_16/img_16,мы
C:/Users/maill/WORK/Dataset/32_16/img_17,должны
C:/Users/maill/WORK/Dataset/32_16/img_18,ставить
C:/Users/maill/WORK/Dataset/32_16/img_19,пред
C:/Users/maill/WORK/Dataset/32_16/img_20,собой
C:/Users/maill/WORK/Dataset/32_16/img_21,в
C:/Users/maill/WORK/Dataset/32_16/img_22,этот
C:/Users/maill/WORK/Dataset/32_16/img_23,Мы
C:/Users/maill/WORK/Dataset/32_16/img_24,знаем
C:/Users/maill/WORK/Dataset/32_16/img_25,что
C:/Users/maill/WORK/Dataset/32_16/img_26,"""кооперация"
C:/Users/maill/WORK/Dataset/32_16/img_27,путь
C:/Users/maill/WORK/Dataset/32_16/img_28,к
C:/Users/maill/WORK/Dataset/32_16/img_29,"социализму"""
C:/Users/maill/WORK/Dataset/32_16/img_30,так
C:/Users/maill/WORK/Dataset/32_16/img_31,говорил
C:/Users/maill/WORK/Dataset/32_16/img_32,"так вот,"
C:/Users/maill/WORK/Dataset/32_16/img_33,значит
C:/Users/maill/WORK/Dataset/32_16/img_34,путь
C:/Users/maill/WORK/Dataset/32_16/img_35,социализму
C:/Users/maill/WORK/Dataset/32_16/img_36,коопер
C:/Users/maill/WORK/Dataset/32_16/img_37,ирования всех
C:/Users/maill/WORK/Dataset/32_16/img_39,к
C:/Users/maill/WORK/Dataset/32_16/img_40,лежит
C:/Users/maill/WORK/Dataset/32_16/img_41,крестьян
C:/Users/maill/WORK/Dataset/32_16/img_42,и
C:/Users/maill/WORK/Dataset/32_16/img_43,рабочих
C:/Users/maill/WORK/Dataset/32_16/img_44,из
C:/Users/maill/WORK/Dataset/32_16/img_45,нас
C:/Users/maill/WORK/Dataset/32_16/img_46,каждый
C:/Users/maill/WORK/Dataset/32_16/img_47,знает
C:/Users/maill/WORK/Dataset/32_16/img_48,говорил тов. Ленин
C:/Users/maill/WORK/Dataset/32_16/img_49,а
C:/Users/maill/WORK/Dataset/32_16/img_50,он
C:/Users/maill/WORK/Dataset/32_16/img_51,говорил
C:/Users/maill/WORK/Dataset/32_16/img_52,","
C:/Users/maill/WORK/Dataset/32_16/img_53,что
C:/Users/maill/WORK/Dataset/32_16/img_54,при
C:/Users/maill/WORK/Dataset/32_16/img_55,всеобщем
C:/Users/maill/WORK/Dataset/32_16/img_56,кооперировании
C:/Users/maill/WORK/Dataset/32_16/img_57,населения
C:/Users/maill/WORK/Dataset/32_16/img_58,они
C:/Users/maill/WORK/Dataset/32_16/img_59,стояли
C:/Users/maill/WORK/Dataset/32_16/img_60,обемя
C:/Users/maill/WORK/Dataset/32_16/img_61,ногами
C:/Users/maill/WORK/Dataset/32_16/img_62,на почве
C:/Users/maill/WORK/Dataset/32_16/img_63,социализма (формула
C:/Users/maill/WORK/Dataset/32_16/img_64,"излож. моя, так-"
C:/Users/maill/WORK/Dataset/32_16/img_66,как
C:/Users/maill/WORK/Dataset/32_16/img_67,я
C:/Users/maill/WORK/Dataset/32_16/img_68,не помню
C:/Users/maill/WORK/Dataset/32_16/img_69,правельно
C:/Users/maill/WORK/Dataset/32_16/img_70,формулу Ленина.)
C:/Users/maill/WORK/Dataset/32_16/img_71,у нас
C:/Users/maill/WORK/Dataset/32_16/img_72,еще
C:/Users/maill/WORK/Dataset/32_16/img_73,не очень креп-
C:/Users/maill/WORK/Dataset/32_16/img_76,населения
C:/Users/maill/WORK/Dataset/32_16/img_77,достигает 50%.
C:/Users/maill/WORK/Dataset/32_16/img_78,так
C:/Users/maill/WORK/Dataset/32_16/img_79,мало?
C:/Users/maill/WORK/Dataset/32_16/img_80,На ото вопрос
C:/Users/maill/WORK/Dataset/32_16/img_81,словах не
C:/Users/maill/WORK/Dataset/32_16/img_82,"возможно,"
C:/Users/maill/WORK/Dataset/32_16/img_85,наши
C:/Users/maill/WORK/Dataset/32_16/img_86,не имеют
C:/Users/maill/WORK/Dataset/32_16/img_87,работать
C:/Users/maill/WORK/Dataset/32_16/img_88,как
C:/Users/maill/WORK/Dataset/32_16/img_89,"следует, ведь"
C:/Users/maill/WORK/Dataset/32_16/img_90,некуда
C:/Users/maill/WORK/Dataset/32_2/img_1,В
C:/Users/maill/WORK/Dataset/32_2/img_2,Редакцию
C:/Users/maill/WORK/Dataset/32_2/img_3,Уральской
C:/Users/maill/WORK/Dataset/32_2/img_4,Областной
C:/Users/maill/WORK/Dataset/32_2/img_5,Крестьянской
C:/Users/maill/WORK/Dataset/32_2/img_6,Газеты
C:/Users/maill/WORK/Dataset/32_2/img_7,Вновь
C:/Users/maill/WORK/Dataset/32_2/img_8,мытское
C:/Users/maill/WORK/Dataset/32_2/img_9,Талицкого
C:/Users/maill/WORK/Dataset/32_2/img_10,р.
C:/Users/maill/WORK/Dataset/32_2/img_11,Тюменского
C:/Users/maill/WORK/Dataset/32_2/img_12,окр.
C:/Users/maill/WORK/Dataset/32_2/img_13,выс.
C:/Users/maill/WORK/Dataset/32_2/img_14,Дол.
C:/Users/maill/WORK/Dataset/32_2/img_15,Серловс
C:/Users/maill/WORK/Dataset/32_2/img_16,с/c.
C:/Users/maill/WORK/Dataset/32_2/img_17,Захарова
C:/Users/maill/WORK/Dataset/32_2/img_18,Макара
C:/Users/maill/WORK/Dataset/32_2/img_19,Герасимовича
C:/Users/maill/WORK/Dataset/32_2/img_20,Заявление
C:/Users/maill/WORK/Dataset/32_2/img_21,На
C:/Users/maill/WORK/Dataset/32_2/img_22,1926
C:/Users/maill/WORK/Dataset/32_2/img_23,27
C:/Users/maill/WORK/Dataset/32_2/img_24,налоговой
C:/Users/maill/WORK/Dataset/32_2/img_25,год.
C:/Users/maill/WORK/Dataset/32_2/img_26,в
C:/Users/maill/WORK/Dataset/32_2/img_27,моем
C:/Users/maill/WORK/Dataset/32_2/img_28,хозяйстве
C:/Users/maill/WORK/Dataset/32_2/img_29,было
C:/Users/maill/WORK/Dataset/32_2/img_30,в
C:/Users/maill/WORK/Dataset/32_2/img_31,фактичес-
C:/Users/maill/WORK/Dataset/32_2/img_32,ком
C:/Users/maill/WORK/Dataset/32_2/img_33,пользование
C:/Users/maill/WORK/Dataset/32_2/img_34,посева
C:/Users/maill/WORK/Dataset/32_2/img_35,5.25д.
C:/Users/maill/WORK/Dataset/32_2/img_36,На
C:/Users/maill/WORK/Dataset/32_2/img_37,основание
C:/Users/maill/WORK/Dataset/32_2/img_38,распоряже-
C:/Users/maill/WORK/Dataset/32_2/img_39,ния
C:/Users/maill/WORK/Dataset/32_2/img_40,Талицкого
C:/Users/maill/WORK/Dataset/32_2/img_41,райисполкома
C:/Users/maill/WORK/Dataset/32_2/img_42,Сельской
C:/Users/maill/WORK/Dataset/32_2/img_43,учет
C:/Users/maill/WORK/Dataset/32_2/img_44,налоговой
C:/Users/maill/WORK/Dataset/32_2/img_45,комис.
C:/Users/maill/WORK/Dataset/32_2/img_46,Кокуйского
C:/Users/maill/WORK/Dataset/32_2/img_47,с/с.
C:/Users/maill/WORK/Dataset/32_2/img_48,был
C:/Users/maill/WORK/Dataset/32_2/img_49,произведен
C:/Users/maill/WORK/Dataset/32_2/img_50,посева
C:/Users/maill/WORK/Dataset/32_2/img_51,повсеместно
C:/Users/maill/WORK/Dataset/32_2/img_52,по
C:/Users/maill/WORK/Dataset/32_2/img_53,с/с.
C:/Users/maill/WORK/Dataset/32_2/img_54,и
C:/Users/maill/WORK/Dataset/32_2/img_55,так
C:/Users/maill/WORK/Dataset/32_2/img_56,же
C:/Users/maill/WORK/Dataset/32_2/img_57,унас
C:/Users/maill/WORK/Dataset/32_2/img_58,при
C:/Users/maill/WORK/Dataset/32_2/img_59,обмере
C:/Users/maill/WORK/Dataset/32_2/img_60,в
C:/Users/maill/WORK/Dataset/32_2/img_61,моем
C:/Users/maill/WORK/Dataset/32_2/img_62,хозяйстве
C:/Users/maill/WORK/Dataset/32_2/img_63,лишнего
C:/Users/maill/WORK/Dataset/32_2/img_64,обнаружено
C:/Users/maill/WORK/Dataset/32_2/img_65,1
C:/Users/maill/WORK/Dataset/32_2/img_66,десятина
C:/Users/maill/WORK/Dataset/32_2/img_67,посева.
C:/Users/maill/WORK/Dataset/32_2/img_68,Вся
C:/Users/maill/WORK/Dataset/32_2/img_69,ссумма
C:/Users/maill/WORK/Dataset/32_2/img_70,ущагося
C:/Users/maill/WORK/Dataset/32_2/img_71,с
C:/Users/maill/WORK/Dataset/32_2/img_72,меня
C:/Users/maill/WORK/Dataset/32_2/img_73,налога
C:/Users/maill/WORK/Dataset/32_2/img_74,за
C:/Users/maill/WORK/Dataset/32_2/img_75,-1926
C:/Users/maill/WORK/Dataset/32_2/img_76,27
C:/Users/maill/WORK/Dataset/32_2/img_77,год
C:/Users/maill/WORK/Dataset/32_2/img_78,была
C:/Users/maill/WORK/Dataset/32_2/img_79,уплачено
C:/Users/maill/WORK/Dataset/32_2/img_80,полнос-
C:/Users/maill/WORK/Dataset/32_2/img_81,тью
C:/Users/maill/WORK/Dataset/32_2/img_82,и
C:/Users/maill/WORK/Dataset/32_2/img_83,я
C:/Users/maill/WORK/Dataset/32_2/img_84,ожидал
C:/Users/maill/WORK/Dataset/32_2/img_85,из
C:/Users/maill/WORK/Dataset/32_2/img_86,с/с
C:/Users/maill/WORK/Dataset/32_2/img_87,окладной
C:/Users/maill/WORK/Dataset/32_2/img_88,лист
C:/Users/maill/WORK/Dataset/32_2/img_89,"наруки,"
C:/Users/maill/WORK/Dataset/32_2/img_90,вместо
C:/Users/maill/WORK/Dataset/32_2/img_91,этого
C:/Users/maill/WORK/Dataset/32_2/img_92,мне
C:/Users/maill/WORK/Dataset/32_2/img_93,председатель
C:/Users/maill/WORK/Dataset/32_2/img_94,Серковского
C:/Users/maill/WORK/Dataset/32_2/img_95,с/с
C:/Users/maill/WORK/Dataset/32_2/img_96,"объявил,"
C:/Users/maill/WORK/Dataset/32_2/img_97,что
C:/Users/maill/WORK/Dataset/32_2/img_98,у
C:/Users/maill/WORK/Dataset/32_2/img_99,тебя
C:/Users/maill/WORK/Dataset/32_2/img_100,надбавки
C:/Users/maill/WORK/Dataset/32_2/img_101,за
C:/Users/maill/WORK/Dataset/32_2/img_102,скрытый
C:/Users/maill/WORK/Dataset/32_2/img_103,обьекты
C:/Users/maill/WORK/Dataset/32_2/img_104,обложения
C:/Users/maill/WORK/Dataset/32_2/img_105,посе-
C:/Users/maill/WORK/Dataset/32_2/img_106,ва
C:/Users/maill/WORK/Dataset/32_2/img_107,2.81 д.
C:/Users/maill/WORK/Dataset/32_2/img_108,в
C:/Users/maill/WORK/Dataset/32_2/img_109,сумме
C:/Users/maill/WORK/Dataset/32_2/img_110,25
C:/Users/maill/WORK/Dataset/32_2/img_111,руб.
C:/Users/maill/WORK/Dataset/32_2/img_112,96
C:/Users/maill/WORK/Dataset/32_2/img_113,коп..
C:/Users/maill/WORK/Dataset/32_2/img_114,Тогда
C:/Users/maill/WORK/Dataset/32_2/img_115,меня
C:/Users/maill/WORK/Dataset/32_2/img_116,взяло
C:/Users/maill/WORK/Dataset/32_2/img_117,сомнение
C:/Users/maill/WORK/Dataset/32_2/img_118,как
C:/Users/maill/WORK/Dataset/32_2/img_119,это
C:/Users/maill/WORK/Dataset/32_2/img_120,могло
C:/Users/maill/WORK/Dataset/32_2/img_121,получится.
C:/Users/maill/WORK/Dataset/32_2/img_122,Предс.
C:/Users/maill/WORK/Dataset/32_2/img_123,с/сов.
C:/Users/maill/WORK/Dataset/32_2/img_124,мне
C:/Users/maill/WORK/Dataset/32_2/img_125,сказал.
C:/Users/maill/WORK/Dataset/32_2/img_126,что
C:/Users/maill/WORK/Dataset/32_2/img_127,обетом
C:/Users/maill/WORK/Dataset/32_2/img_128,нужно
C:/Users/maill/WORK/Dataset/32_2/img_129,справиться
C:/Users/maill/WORK/Dataset/32_2/img_130,в
C:/Users/maill/WORK/Dataset/32_2/img_131,Кокуйском
C:/Users/maill/WORK/Dataset/32_2/img_132,"с/сов,"
C:/Users/maill/WORK/Dataset/32_2/img_133,так
C:/Users/maill/WORK/Dataset/32_2/img_134,как
C:/Users/maill/WORK/Dataset/32_2/img_135,про
C:/Users/maill/WORK/Dataset/32_2/img_136,это
C:/Users/maill/WORK/Dataset/32_2/img_137,дело
C:/Users/maill/WORK/Dataset/32_2/img_138,должен
C:/Users/maill/WORK/Dataset/32_2/img_139,знать
C:/Users/maill/WORK/Dataset/32_2/img_140,Кокуйский
C:/Users/maill/WORK/Dataset/32_2/img_141,с/сов
C:/Users/maill/WORK/Dataset/32_2/img_142,потомучто
C:/Users/maill/WORK/Dataset/32_2/img_143,обмер
C:/Users/maill/WORK/Dataset/32_2/img_144,был
C:/Users/maill/WORK/Dataset/32_2/img_145,произведён
C:/Users/maill/WORK/Dataset/32_2/img_146,Кокуйским
C:/Users/maill/WORK/Dataset/32_2/img_147,с/с.
C:/Users/maill/WORK/Dataset/32_2/img_148,Серковского
C:/Users/maill/WORK/Dataset/32_2/img_149,с/с.
C:/Users/maill/WORK/Dataset/32_2/img_150,в то
C:/Users/maill/WORK/Dataset/32_2/img_151,время
C:/Users/maill/WORK/Dataset/32_2/img_152,не
C:/Users/maill/WORK/Dataset/32_2/img_153,существовало.
C:/Users/maill/WORK/Dataset/32_2/img_154,я
C:/Users/maill/WORK/Dataset/32_2/img_155,обратился
C:/Users/maill/WORK/Dataset/32_2/img_156,"туда,"
C:/Users/maill/WORK/Dataset/32_2/img_157,там
C:/Users/maill/WORK/Dataset/32_2/img_158,мне
C:/Users/maill/WORK/Dataset/32_2/img_159,сказали
C:/Users/maill/WORK/Dataset/32_2/img_160,что
C:/Users/maill/WORK/Dataset/32_2/img_161,в
C:/Users/maill/WORK/Dataset/32_2/img_162,Кокуйским
C:/Users/maill/WORK/Dataset/32_2/img_163,с/с
C:/Users/maill/WORK/Dataset/32_2/img_164,подрукам
C:/Users/maill/WORK/Dataset/32_2/img_165,никаких
C:/Users/maill/WORK/Dataset/32_2/img_166,документов
C:/Users/maill/WORK/Dataset/32_2/img_167,нет
C:/Users/maill/WORK/Dataset/32_2/img_168,и
C:/Users/maill/WORK/Dataset/32_2/img_169,про
C:/Users/maill/WORK/Dataset/32_2/img_170,дело
C:/Users/maill/WORK/Dataset/32_2/img_171,ничего
C:/Users/maill/WORK/Dataset/32_2/img_172,не
C:/Users/maill/WORK/Dataset/32_2/img_173,"знали,"
C:/Users/maill/WORK/Dataset/32_2/img_174,нужно
C:/Users/maill/WORK/Dataset/32_2/img_175,справиться
C:/Users/maill/WORK/Dataset/32_2/img_176,у
C:/Users/maill/WORK/Dataset/32_2/img_177,бывшего
C:/Users/maill/WORK/Dataset/32_2/img_178,председателя
C:/Users/maill/WORK/Dataset/32_2/img_179,"усов,"
C:/Users/maill/WORK/Dataset/32_2/img_180,тогда
C:/Users/maill/WORK/Dataset/32_2/img_181,я
C:/Users/maill/WORK/Dataset/32_2/img_182,обратился
C:/Users/maill/WORK/Dataset/32_2/img_183,к
C:/Users/maill/WORK/Dataset/32_2/img_184,бывшему
C:/Users/maill/WORK/Dataset/32_2/img_185,предс.
C:/Users/maill/WORK/Dataset/32_2/img_186,с/с.
C:/Users/maill/WORK/Dataset/32_2/img_187,тов.
C:/Users/maill/WORK/Dataset/32_2/img_188,Макарову
C:/Users/maill/WORK/Dataset/32_2/img_189,Н. К.
C:/Users/maill/WORK/Dataset/32_2/img_190,он
C:/Users/maill/WORK/Dataset/32_2/img_191,мне
C:/Users/maill/WORK/Dataset/32_2/img_192,пояснил.
C:/Users/maill/WORK/Dataset/32_2/img_193,так
C:/Users/maill/WORK/Dataset/32_2/img_194,естли
C:/Users/maill/WORK/Dataset/32_2/img_195,нет
C:/Users/maill/WORK/Dataset/32_2/img_196,акта
C:/Users/maill/WORK/Dataset/32_2/img_197,по
C:/Users/maill/WORK/Dataset/32_2/img_198,обмеру
C:/Users/maill/WORK/Dataset/32_2/img_199,посева
C:/Users/maill/WORK/Dataset/32_2/img_200,то
C:/Users/maill/WORK/Dataset/32_2/img_201,пусьщай
C:/Users/maill/WORK/Dataset/32_2/img_202,Кокуйский
C:/Users/maill/WORK/Dataset/32_2/img_203,с/с
C:/Users/maill/WORK/Dataset/32_2/img_204,обжа-
C:/Users/maill/WORK/Dataset/32_2/img_205,лует
C:/Users/maill/WORK/Dataset/32_2/img_206,посланье
C:/Users/maill/WORK/Dataset/32_2/img_207,в
C:/Users/maill/WORK/Dataset/32_2/img_208,рик.
C:/Users/maill/WORK/Dataset/32_2/img_209,"сведения,"
C:/Users/maill/WORK/Dataset/32_2/img_210,я
C:/Users/maill/WORK/Dataset/32_2/img_211,обратно.
C:/Users/maill/WORK/Dataset/32_2/img_212,обратился
C:/Users/maill/WORK/Dataset/32_2/img_213,в
C:/Users/maill/WORK/Dataset/32_2/img_214,Кокуйский
C:/Users/maill/WORK/Dataset/32_2/img_215,"с/сов,"
C:/Users/maill/WORK/Dataset/32_2/img_216,они
C:/Users/maill/WORK/Dataset/32_2/img_217,на
C:/Users/maill/WORK/Dataset/32_2/img_218,это
C:/Users/maill/WORK/Dataset/32_2/img_219,мне
C:/Users/maill/WORK/Dataset/32_2/img_220,сказали
C:/Users/maill/WORK/Dataset/32_2/img_221,что
C:/Users/maill/WORK/Dataset/32_2/img_222,ты
C:/Users/maill/WORK/Dataset/32_2/img_223,поез-
C:/Users/maill/WORK/Dataset/32_2/img_224,жай
C:/Users/maill/WORK/Dataset/32_2/img_225,к
C:/Users/maill/WORK/Dataset/32_2/img_226,бывшему
C:/Users/maill/WORK/Dataset/32_2/img_227,уполномоченому
C:/Users/maill/WORK/Dataset/32_2/img_228,Серковского
C:/Users/maill/WORK/Dataset/32_2/img_229,об-ва.
C:/Users/maill/WORK/Dataset/32_2/img_230,быть
C:/Users/maill/WORK/Dataset/32_2/img_231,может
C:/Users/maill/WORK/Dataset/32_2/img_232,у
C:/Users/maill/WORK/Dataset/32_2/img_233,него
C:/Users/maill/WORK/Dataset/32_2/img_234,есть
C:/Users/maill/WORK/Dataset/32_2/img_235,копия
C:/Users/maill/WORK/Dataset/32_2/img_236,"акта,"
C:/Users/maill/WORK/Dataset/32_2/img_237,и
C:/Users/maill/WORK/Dataset/32_2/img_238,действительно.
C:/Users/maill/WORK/Dataset/32_2/img_239,Когда
C:/Users/maill/WORK/Dataset/32_2/img_240,я
C:/Users/maill/WORK/Dataset/32_2/img_241,приехал
C:/Users/maill/WORK/Dataset/32_2/img_242,к
C:/Users/maill/WORK/Dataset/32_2/img_243,уполномоченому
C:/Users/maill/WORK/Dataset/32_2/img_244,Серковского
C:/Users/maill/WORK/Dataset/32_2/img_245,об-ва
C:/Users/maill/WORK/Dataset/32_2/img_246,тов
C:/Users/maill/WORK/Dataset/32_2/img_247,Леонтьеву.
C:/Users/maill/WORK/Dataset/32_2/img_248,то
C:/Users/maill/WORK/Dataset/32_2/img_249,нашли
C:/Users/maill/WORK/Dataset/32_2/img_250,копию
C:/Users/maill/WORK/Dataset/32_2/img_251,с
C:/Users/maill/WORK/Dataset/32_2/img_252,акта
C:/Users/maill/WORK/Dataset/32_2/img_253,который
C:/Users/maill/WORK/Dataset/32_2/img_254,был
C:/Users/maill/WORK/Dataset/32_2/img_255,составлен
C:/Users/maill/WORK/Dataset/32_2/img_256,при
C:/Users/maill/WORK/Dataset/32_2/img_257,обмере
C:/Users/maill/WORK/Dataset/32_2/img_258,посева.
C:/Users/maill/WORK/Dataset/32_2/img_259,в
C:/Users/maill/WORK/Dataset/32_2/img_260,таковом
C:/Users/maill/WORK/Dataset/32_2/img_261,было
C:/Users/maill/WORK/Dataset/32_2/img_262,ясно
C:/Users/maill/WORK/Dataset/32_2/img_263,указано
C:/Users/maill/WORK/Dataset/32_2/img_264,сколько
C:/Users/maill/WORK/Dataset/32_2/img_265,было
C:/Users/maill/WORK/Dataset/32_2/img_266,чего
C:/Users/maill/WORK/Dataset/32_2/img_267,намеряно.
C:/Users/maill/WORK/Dataset/32_2/img_268,пшеницы
C:/Users/maill/WORK/Dataset/32_2/img_269,5.25д.
C:/Users/maill/WORK/Dataset/32_2/img_270,овса
C:/Users/maill/WORK/Dataset/32_2/img_271,1.00 д.
C:/Users/maill/WORK/Dataset/32_2/img_272,итого
C:/Users/maill/WORK/Dataset/32_2/img_273,в. 25 д..
C:/Users/maill/WORK/Dataset/32_2/img_274,только
C:/Users/maill/WORK/Dataset/32_2/img_275,было
C:/Users/maill/WORK/Dataset/32_2/img_276,непомечено
C:/Users/maill/WORK/Dataset/32_2/img_277,то
C:/Users/maill/WORK/Dataset/32_2/img_278,что
C:/Users/maill/WORK/Dataset/32_2/img_279,из
C:/Users/maill/WORK/Dataset/32_2/img_280,этого
C:/Users/maill/WORK/Dataset/32_2/img_281,количества
C:/Users/maill/WORK/Dataset/32_2/img_282,1.00 д.
C:/Users/maill/WORK/Dataset/32_2/img_283,была
C:/Users/maill/WORK/Dataset/32_2/img_284,засеяна.
C:/Users/maill/WORK/Dataset/32_2/img_285,Сосновских
C:/Users/maill/WORK/Dataset/32_2/img_286,Александром
C:/Users/maill/WORK/Dataset/32_2/img_287,Гавриловичем
C:/Users/maill/WORK/Dataset/32_2/img_288,т/к
C:/Users/maill/WORK/Dataset/32_2/img_289,земля
C:/Users/maill/WORK/Dataset/32_2/img_290,была
C:/Users/maill/WORK/Dataset/32_2/img_291,здана
C:/Users/maill/WORK/Dataset/32_2/img_292,в
C:/Users/maill/WORK/Dataset/32_2/img_293,аренду
C:/Users/maill/WORK/Dataset/32_2/img_294,без
C:/Users/maill/WORK/Dataset/32_2/img_295,"договора,"
C:/Users/maill/WORK/Dataset/32_2/img_296,об
C:/Users/maill/WORK/Dataset/32_2/img_297,этой
C:/Users/maill/WORK/Dataset/32_2/img_298,десятине
C:/Users/maill/WORK/Dataset/32_2/img_299,и
C:/Users/maill/WORK/Dataset/32_2/img_300,можно-
C:/Users/maill/WORK/Dataset/32_2/img_301,%смотри
C:/Users/maill/WORK/Dataset/32_2/img_302,на
C:/Users/maill/WORK/Dataset/32_2/img_303,обороте%
C:/Users/maill/WORK/Dataset/32_3/img_2,сщитать са
C:/Users/maill/WORK/Dataset/32_3/img_3,самому
C:/Users/maill/WORK/Dataset/32_3/img_4,себя
C:/Users/maill/WORK/Dataset/32_3/img_5,виновным
C:/Users/maill/WORK/Dataset/32_3/img_6,потомучто
C:/Users/maill/WORK/Dataset/32_3/img_8,небыло
C:/Users/maill/WORK/Dataset/32_3/img_10,ними
C:/Users/maill/WORK/Dataset/32_3/img_11,заключено
C:/Users/maill/WORK/Dataset/32_3/img_12,"договора,"
C:/Users/maill/WORK/Dataset/32_3/img_13,а
C:/Users/maill/WORK/Dataset/32_3/img_14,вот
C:/Users/maill/WORK/Dataset/32_3/img_15,еще
C:/Users/maill/WORK/Dataset/32_3/img_16,1. 81
C:/Users/maill/WORK/Dataset/32_3/img_17,д.
C:/Users/maill/WORK/Dataset/32_3/img_18,"взяты,"
C:/Users/maill/WORK/Dataset/32_3/img_19,ильспотолка
C:/Users/maill/WORK/Dataset/32_3/img_20,то
C:/Users/maill/WORK/Dataset/32_3/img_21,неизвестно
C:/Users/maill/WORK/Dataset/32_3/img_22,от
C:/Users/maill/WORK/Dataset/32_3/img_23,кудов
C:/Users/maill/WORK/Dataset/32_3/img_24,состенки
C:/Users/maill/WORK/Dataset/32_3/img_26,Тогда
C:/Users/maill/WORK/Dataset/32_3/img_29,я
C:/Users/maill/WORK/Dataset/32_3/img_30,написал
C:/Users/maill/WORK/Dataset/32_3/img_31,заявление
C:/Users/maill/WORK/Dataset/32_3/img_32,в
C:/Users/maill/WORK/Dataset/32_3/img_34,налоговую
C:/Users/maill/WORK/Dataset/32_3/img_35,комисию
C:/Users/maill/WORK/Dataset/32_3/img_36,приложив
C:/Users/maill/WORK/Dataset/32_3/img_37,к
C:/Users/maill/WORK/Dataset/32_3/img_38,заявлению
C:/Users/maill/WORK/Dataset/32_3/img_39,копию
C:/Users/maill/WORK/Dataset/32_3/img_40,с
C:/Users/maill/WORK/Dataset/32_3/img_43,акта
C:/Users/maill/WORK/Dataset/32_3/img_44,и
C:/Users/maill/WORK/Dataset/32_3/img_45,справку
C:/Users/maill/WORK/Dataset/32_3/img_46,из
C:/Users/maill/WORK/Dataset/32_3/img_47,сосновскаго
C:/Users/maill/WORK/Dataset/32_3/img_48,с/сов
C:/Users/maill/WORK/Dataset/32_3/img_49,в том
C:/Users/maill/WORK/Dataset/32_3/img_50,что
C:/Users/maill/WORK/Dataset/32_3/img_51,действи-
C:/Users/maill/WORK/Dataset/32_3/img_52,тельно
C:/Users/maill/WORK/Dataset/32_3/img_53,этот
C:/Users/maill/WORK/Dataset/32_3/img_54,посев
C:/Users/maill/WORK/Dataset/32_3/img_55,количестве
C:/Users/maill/WORK/Dataset/32_3/img_56,1. II II д.
C:/Users/maill/WORK/Dataset/32_3/img_57,числится
C:/Users/maill/WORK/Dataset/32_3/img_58,за
C:/Users/maill/WORK/Dataset/32_3/img_59,гр.
C:/Users/maill/WORK/Dataset/32_3/img_64,Александром
C:/Users/maill/WORK/Dataset/32_3/img_65,Гавриловичем
C:/Users/maill/WORK/Dataset/32_3/img_66,все
C:/Users/maill/WORK/Dataset/32_3/img_67,мате-
C:/Users/maill/WORK/Dataset/32_3/img_69,риалы
C:/Users/maill/WORK/Dataset/32_3/img_70,посланы
C:/Users/maill/WORK/Dataset/32_3/img_71,предпрово
C:/Users/maill/WORK/Dataset/32_3/img_72,дительной
C:/Users/maill/WORK/Dataset/32_3/img_73,из
C:/Users/maill/WORK/Dataset/32_3/img_74,Серковскаго
C:/Users/maill/WORK/Dataset/32_3/img_75,с/с
C:/Users/maill/WORK/Dataset/32_3/img_76,Талит
C:/Users/maill/WORK/Dataset/32_3/img_77,феврале
C:/Users/maill/WORK/Dataset/32_3/img_79,за
C:/Users/maill/WORK/Dataset/32_3/img_80,№
C:/Users/maill/WORK/Dataset/32_3/img_81,210.
C:/Users/maill/WORK/Dataset/32_3/img_82,в
C:/Users/maill/WORK/Dataset/32_3/img_83,месяце
C:/Users/maill/WORK/Dataset/32_3/img_84,в
C:/Users/maill/WORK/Dataset/32_3/img_85,котором
C:/Users/maill/WORK/Dataset/32_3/img_86,и
C:/Users/maill/WORK/Dataset/32_3/img_87,Районную
C:/Users/maill/WORK/Dataset/32_3/img_88,говую
C:/Users/maill/WORK/Dataset/32_3/img_90,нало
C:/Users/maill/WORK/Dataset/32_3/img_91,комисию
C:/Users/maill/WORK/Dataset/32_3/img_92,присчита-
C:/Users/maill/WORK/Dataset/32_3/img_93,надбавку
C:/Users/maill/WORK/Dataset/32_3/img_94,25р
C:/Users/maill/WORK/Dataset/32_3/img_95,96 коп
C:/Users/maill/WORK/Dataset/32_3/img_97,щия
C:/Users/maill/WORK/Dataset/32_3/img_98,с
C:/Users/maill/WORK/Dataset/32_3/img_99,меня
C:/Users/maill/WORK/Dataset/32_3/img_100,с
C:/Users/maill/WORK/Dataset/32_3/img_101,посева
C:/Users/maill/WORK/Dataset/32_3/img_102,"2,81 д."
C:/Users/maill/WORK/Dataset/32_3/img_103,в
C:/Users/maill/WORK/Dataset/32_3/img_104,Tри
C:/Users/maill/WORK/Dataset/32_3/img_105,раза
C:/Users/maill/WORK/Dataset/32_3/img_106,я
C:/Users/maill/WORK/Dataset/32_3/img_107,ходил
C:/Users/maill/WORK/Dataset/32_3/img_108,за
C:/Users/maill/WORK/Dataset/32_3/img_109,50
C:/Users/maill/WORK/Dataset/32_3/img_110,верст
C:/Users/maill/WORK/Dataset/32_3/img_111,в
C:/Users/maill/WORK/Dataset/32_3/img_112,рик
C:/Users/maill/WORK/Dataset/32_3/img_113,скоро
C:/Users/maill/WORK/Dataset/32_3/img_114,ли
C:/Users/maill/WORK/Dataset/32_3/img_115,мое
C:/Users/maill/WORK/Dataset/32_3/img_116,зая
C:/Users/maill/WORK/Dataset/32_3/img_117,вление
C:/Users/maill/WORK/Dataset/32_3/img_120,рико
C:/Users/maill/WORK/Dataset/32_3/img_121,всы
C:/Users/maill/WORK/Dataset/32_3/img_122,оказались
C:/Users/maill/WORK/Dataset/32_3/img_123,как
C:/Users/maill/WORK/Dataset/32_3/img_124,чинов-
C:/Users/maill/WORK/Dataset/32_3/img_126,времени
C:/Users/maill/WORK/Dataset/32_3/img_129,ники
C:/Users/maill/WORK/Dataset/32_3/img_130,царскаго
C:/Users/maill/WORK/Dataset/32_3/img_131,мне
C:/Users/maill/WORK/Dataset/32_3/img_132,отвечали
C:/Users/maill/WORK/Dataset/32_3/img_133,"одно,"
C:/Users/maill/WORK/Dataset/32_3/img_134,разберем
C:/Users/maill/WORK/Dataset/32_3/img_136,денежки
C:/Users/maill/WORK/Dataset/32_3/img_137,"плати,"
C:/Users/maill/WORK/Dataset/32_3/img_138,мое
C:/Users/maill/WORK/Dataset/32_3/img_139,зая
C:/Users/maill/WORK/Dataset/32_3/img_140,вление
C:/Users/maill/WORK/Dataset/32_3/img_141,и
C:/Users/maill/WORK/Dataset/32_3/img_142,удовлетворить
C:/Users/maill/WORK/Dataset/32_3/img_143,описали
C:/Users/maill/WORK/Dataset/32_3/img_144,мое
C:/Users/maill/WORK/Dataset/32_3/img_145,имущество
C:/Users/maill/WORK/Dataset/32_3/img_146,и
C:/Users/maill/WORK/Dataset/32_3/img_147,продали
C:/Users/maill/WORK/Dataset/32_3/img_148,корову
C:/Users/maill/WORK/Dataset/32_3/img_149,с
C:/Users/maill/WORK/Dataset/32_3/img_150,тор
C:/Users/maill/WORK/Dataset/32_3/img_151,в
C:/Users/maill/WORK/Dataset/32_3/img_152,за
C:/Users/maill/WORK/Dataset/32_3/img_153,не
C:/Users/maill/WORK/Dataset/32_3/img_154,доим
C:/Users/maill/WORK/Dataset/32_3/img_155,ку
C:/Users/maill/WORK/Dataset/32_3/img_157,И
C:/Users/maill/WORK/Dataset/32_3/img_158,только
C:/Users/maill/WORK/Dataset/32_3/img_159,мае
C:/Users/maill/WORK/Dataset/32_3/img_160,месяце
C:/Users/maill/WORK/Dataset/32_3/img_161,выбра
C:/Users/maill/WORK/Dataset/32_3/img_162,лся
C:/Users/maill/WORK/Dataset/32_3/img_164,такой
C:/Users/maill/WORK/Dataset/32_3/img_165,удачный
C:/Users/maill/WORK/Dataset/32_3/img_166,денек
C:/Users/maill/WORK/Dataset/32_3/img_167,разобрали
C:/Users/maill/WORK/Dataset/32_3/img_168,мое
C:/Users/maill/WORK/Dataset/32_3/img_169,заявлен
C:/Users/maill/WORK/Dataset/32_3/img_170,","
C:/Users/maill/WORK/Dataset/32_3/img_171,и
C:/Users/maill/WORK/Dataset/32_3/img_172,моей
C:/Users/maill/WORK/Dataset/32_3/img_173,прозьбы
C:/Users/maill/WORK/Dataset/32_3/img_174,не
C:/Users/maill/WORK/Dataset/32_3/img_175,удовлет-
C:/Users/maill/WORK/Dataset/32_3/img_177,ворили
C:/Users/maill/WORK/Dataset/32_3/img_178,потомучто
C:/Users/maill/WORK/Dataset/32_3/img_179,чуть
C:/Users/maill/WORK/Dataset/32_3/img_180,ли
C:/Users/maill/WORK/Dataset/32_3/img_181,на
C:/Users/maill/WORK/Dataset/32_3/img_182,у
C:/Users/maill/WORK/Dataset/32_3/img_183,"гад,"
C:/Users/maill/WORK/Dataset/32_3/img_185,неразбир
C:/Users/maill/WORK/Dataset/32_3/img_186,али
C:/Users/maill/WORK/Dataset/32_3/img_187,мое
C:/Users/maill/WORK/Dataset/32_3/img_188,заявле
C:/Users/maill/WORK/Dataset/32_3/img_189,ние
C:/Users/maill/WORK/Dataset/32_3/img_191,мучто
C:/Users/maill/WORK/Dataset/32_3/img_192,справку
C:/Users/maill/WORK/Dataset/32_3/img_193,затеряли
C:/Users/maill/WORK/Dataset/32_3/img_194,ни
C:/Users/maill/WORK/Dataset/32_3/img_195,где
C:/Users/maill/WORK/Dataset/32_3/img_196,не
C:/Users/maill/WORK/Dataset/32_3/img_197,могли
C:/Users/maill/WORK/Dataset/32_3/img_198,найти
C:/Users/maill/WORK/Dataset/32_3/img_199,где
C:/Users/maill/WORK/Dataset/32_3/img_200,все
C:/Users/maill/WORK/Dataset/32_3/img_201,у
C:/Users/maill/WORK/Dataset/32_3/img_202,26го
C:/Users/maill/WORK/Dataset/32_3/img_203,мая
C:/Users/maill/WORK/Dataset/32_3/img_204,я
C:/Users/maill/WORK/Dataset/32_3/img_205,получ
C:/Users/maill/WORK/Dataset/32_3/img_206,Серковскаго
C:/Users/maill/WORK/Dataset/32_3/img_207,с/сов
C:/Users/maill/WORK/Dataset/32_3/img_208,вы
C:/Users/maill/WORK/Dataset/32_3/img_209,писку
C:/Users/maill/WORK/Dataset/32_3/img_210,из
C:/Users/maill/WORK/Dataset/32_3/img_211,Р
C:/Users/maill/WORK/Dataset/32_3/img_212,Н.
C:/Users/maill/WORK/Dataset/32_3/img_213,К.
C:/Users/maill/WORK/Dataset/32_3/img_214,№
C:/Users/maill/WORK/Dataset/32_3/img_215,133
C:/Users/maill/WORK/Dataset/32_3/img_216,И
C:/Users/maill/WORK/Dataset/32_3/img_217,зная
C:/Users/maill/WORK/Dataset/32_3/img_218,то
C:/Users/maill/WORK/Dataset/32_3/img_219,я
C:/Users/maill/WORK/Dataset/32_3/img_224,что
C:/Users/maill/WORK/Dataset/32_3/img_225,заплатил
C:/Users/maill/WORK/Dataset/32_3/img_226,не
C:/Users/maill/WORK/Dataset/32_3/img_227,зачто
C:/Users/maill/WORK/Dataset/32_3/img_228,Я
C:/Users/maill/WORK/Dataset/32_3/img_229,об
C:/Users/maill/WORK/Dataset/32_3/img_231,жаловал.
C:/Users/maill/WORK/Dataset/32_3/img_232,К.
C:/Users/maill/WORK/Dataset/32_3/img_233,там
C:/Users/maill/WORK/Dataset/32_3/img_234,конечно
C:/Users/maill/WORK/Dataset/32_3/img_235,заявление
C:/Users/maill/WORK/Dataset/32_3/img_236,дело
C:/Users/maill/WORK/Dataset/32_3/img_239,мое
C:/Users/maill/WORK/Dataset/32_3/img_241,расмотрели
C:/Users/maill/WORK/Dataset/32_3/img_244,21
C:/Users/maill/WORK/Dataset/32_3/img_245,удовлетворить
C:/Users/maill/WORK/Dataset/32_3/img_246,но
C:/Users/maill/WORK/Dataset/32_3/img_248,мою
C:/Users/maill/WORK/Dataset/32_3/img_249,в
C:/Users/maill/WORK/Dataset/32_3/img_250,части
C:/Users/maill/WORK/Dataset/32_3/img_251,т/е
C:/Users/maill/WORK/Dataset/32_3/img_252,изключить
C:/Users/maill/WORK/Dataset/32_3/img_253,из
C:/Users/maill/WORK/Dataset/32_3/img_254,обложения
C:/Users/maill/WORK/Dataset/32_3/img_255,"не 2,81д"
C:/Users/maill/WORK/Dataset/32_3/img_256,а
C:/Users/maill/WORK/Dataset/32_3/img_257,"1,81д."
C:/Users/maill/WORK/Dataset/32_3/img_258,и
C:/Users/maill/WORK/Dataset/32_3/img_259,поручили
C:/Users/maill/WORK/Dataset/32_3/img_260,до инчасти
C:/Users/maill/WORK/Dataset/32_3/img_261,Талицкаго
C:/Users/maill/WORK/Dataset/32_3/img_262,рика
C:/Users/maill/WORK/Dataset/32_3/img_263,произвести
C:/Users/maill/WORK/Dataset/32_3/img_264,перечисление
C:/Users/maill/WORK/Dataset/32_3/img_265,с/х.
C:/Users/maill/WORK/Dataset/32_3/img_266,налога.
C:/Users/maill/WORK/Dataset/32_3/img_267,и
C:/Users/maill/WORK/Dataset/32_3/img_268,они
C:/Users/maill/WORK/Dataset/32_3/img_269,до
C:/Users/maill/WORK/Dataset/32_3/img_270,сих
C:/Users/maill/WORK/Dataset/32_3/img_271,пор
C:/Users/maill/WORK/Dataset/32_3/img_272,перечисляют
C:/Users/maill/WORK/Dataset/32_3/img_273,перечислить
C:/Users/maill/WORK/Dataset/32_3/img_274,не
C:/Users/maill/WORK/Dataset/32_3/img_275,могут
C:/Users/maill/WORK/Dataset/32_3/img_276,мне
C:/Users/maill/WORK/Dataset/32_3/img_277,снова
C:/Users/maill/WORK/Dataset/32_3/img_278,приходится
C:/Users/maill/WORK/Dataset/32_3/img_279,подавать
C:/Users/maill/WORK/Dataset/32_3/img_280,заявление
C:/Users/maill/WORK/Dataset/32_3/img_281,боюсь
C:/Users/maill/WORK/Dataset/32_3/img_283,как
C:/Users/maill/WORK/Dataset/32_3/img_284,риковсы
C:/Users/maill/WORK/Dataset/32_3/img_285,говорят.
C:/Users/maill/WORK/Dataset/32_3/img_286,а
C:/Users/maill/WORK/Dataset/32_3/img_287,я
C:/Users/maill/WORK/Dataset/32_3/img_288,и
C:/Users/maill/WORK/Dataset/32_3/img_289,так
C:/Users/maill/WORK/Dataset/32_3/img_290,этого
C:/Users/maill/WORK/Dataset/32_3/img_291,"слова, подавай"
C:/Users/maill/WORK/Dataset/32_3/img_292,заявление
C:/Users/maill/WORK/Dataset/32_3/img_293,я
C:/Users/maill/WORK/Dataset/32_3/img_294,спросил
C:/Users/maill/WORK/Dataset/32_3/img_295,в
C:/Users/maill/WORK/Dataset/32_3/img_296,рике
C:/Users/maill/WORK/Dataset/32_3/img_297,как
C:/Users/maill/WORK/Dataset/32_3/img_298,получить
C:/Users/maill/WORK/Dataset/32_3/img_299,переплату
C:/Users/maill/WORK/Dataset/32_3/img_300,с/х
C:/Users/maill/WORK/Dataset/32_3/img_301,налога
C:/Users/maill/WORK/Dataset/32_3/img_302,риковсы
C:/Users/maill/WORK/Dataset/32_3/img_303,говорят
C:/Users/maill/WORK/Dataset/32_3/img_304,одай
C:/Users/maill/WORK/Dataset/32_3/img_305,заявление
C:/Users/maill/WORK/Dataset/32_3/img_306,прилож
C:/Users/maill/WORK/Dataset/32_3/img_307,оправдательные
C:/Users/maill/WORK/Dataset/32_3/img_308,документы
C:/Users/maill/WORK/Dataset/32_3/img_309,а
C:/Users/maill/WORK/Dataset/32_3/img_310,кого
C:/Users/maill/WORK/Dataset/32_3/img_311,прилож-
C:/Users/maill/WORK/Dataset/32_3/img_312,ить
C:/Users/maill/WORK/Dataset/32_3/img_313,как
C:/Users/maill/WORK/Dataset/32_3/img_314,все
C:/Users/maill/WORK/Dataset/32_3/img_317,февраля
C:/Users/maill/WORK/Dataset/32_3/img_318,месяца
C:/Users/maill/WORK/Dataset/32_3/img_319,в
C:/Users/maill/WORK/Dataset/32_3/img_320,рике
C:/Users/maill/WORK/Dataset/32_3/img_321,киснут
C:/Users/maill/WORK/Dataset/32_3/img_322,в
C:/Users/maill/WORK/Dataset/32_3/img_323,крестьянской
C:/Users/maill/WORK/Dataset/32_3/img_328,27 г.
C:/Users/maill/WORK/Dataset/32_3/img_329,рике
C:/Users/maill/WORK/Dataset/32_3/img_330,волокита
C:/Users/maill/WORK/Dataset/32_3/img_331,М. Р.
C:/Users/maill/WORK/Dataset/32_3/img_332,Захаров
C:/Users/maill/WORK/Dataset/32_4/img_1,В
C:/Users/maill/WORK/Dataset/32_4/img_2,Редакцию
C:/Users/maill/WORK/Dataset/32_4/img_3,Крестьянской
C:/Users/maill/WORK/Dataset/32_4/img_4,газеты
C:/Users/maill/WORK/Dataset/32_4/img_5,гр.
C:/Users/maill/WORK/Dataset/32_4/img_6,Дер.
C:/Users/maill/WORK/Dataset/32_4/img_7,Махиевой
C:/Users/maill/WORK/Dataset/32_4/img_8,Верх-Яивеи
C:/Users/maill/WORK/Dataset/32_4/img_9,скало
C:/Users/maill/WORK/Dataset/32_4/img_10,с/совета
C:/Users/maill/WORK/Dataset/32_4/img_11,Соликамско
C:/Users/maill/WORK/Dataset/32_4/img_12,го
C:/Users/maill/WORK/Dataset/32_4/img_13,района
C:/Users/maill/WORK/Dataset/32_4/img_14,В-Камского
C:/Users/maill/WORK/Dataset/32_4/img_15,Окру-
C:/Users/maill/WORK/Dataset/32_4/img_16,га
C:/Users/maill/WORK/Dataset/32_4/img_17,Уральской
C:/Users/maill/WORK/Dataset/32_4/img_18,волости
C:/Users/maill/WORK/Dataset/32_4/img_19,Бай-
C:/Users/maill/WORK/Dataset/32_4/img_20,бакова
C:/Users/maill/WORK/Dataset/32_4/img_21,Степана
C:/Users/maill/WORK/Dataset/32_4/img_22,Васильева
C:/Users/maill/WORK/Dataset/32_4/img_23,Заявление
C:/Users/maill/WORK/Dataset/32_4/img_24,Сим
C:/Users/maill/WORK/Dataset/32_4/img_25,заявляю
C:/Users/maill/WORK/Dataset/32_4/img_26,редакцие
C:/Users/maill/WORK/Dataset/32_4/img_27,крестьяноской
C:/Users/maill/WORK/Dataset/32_4/img_28,газеты
C:/Users/maill/WORK/Dataset/32_4/img_29,Я
C:/Users/maill/WORK/Dataset/32_4/img_30,гр.
C:/Users/maill/WORK/Dataset/32_4/img_31,дер
C:/Users/maill/WORK/Dataset/32_4/img_32,Махиевой
C:/Users/maill/WORK/Dataset/32_4/img_33,Верх-Яивеи
C:/Users/maill/WORK/Dataset/32_4/img_34,скаго
C:/Users/maill/WORK/Dataset/32_4/img_35,с/совета
C:/Users/maill/WORK/Dataset/32_4/img_36,Соликамскаго
C:/Users/maill/WORK/Dataset/32_4/img_37,раиона
C:/Users/maill/WORK/Dataset/32_4/img_38,В-Камскаго
C:/Users/maill/WORK/Dataset/32_4/img_39,округа
C:/Users/maill/WORK/Dataset/32_4/img_40,Уральской
C:/Users/maill/WORK/Dataset/32_4/img_41,области
C:/Users/maill/WORK/Dataset/32_4/img_42,имею
C:/Users/maill/WORK/Dataset/32_4/img_43,вместе
C:/Users/maill/WORK/Dataset/32_4/img_44,с
C:/Users/maill/WORK/Dataset/32_4/img_45,братом
C:/Users/maill/WORK/Dataset/32_4/img_46,красноаршей
C:/Users/maill/WORK/Dataset/32_4/img_47,целе
C:/Users/maill/WORK/Dataset/32_4/img_48,пахотной
C:/Users/maill/WORK/Dataset/32_4/img_49,Сенокосной
C:/Users/maill/WORK/Dataset/32_4/img_50,и
C:/Users/maill/WORK/Dataset/32_4/img_51,в том
C:/Users/maill/WORK/Dataset/32_4/img_52,числе
C:/Users/maill/WORK/Dataset/32_4/img_53,под
C:/Users/maill/WORK/Dataset/32_4/img_54,скотом
C:/Users/maill/WORK/Dataset/32_4/img_55,Лежащей
C:/Users/maill/WORK/Dataset/32_4/img_56,всей
C:/Users/maill/WORK/Dataset/32_4/img_57,земли
C:/Users/maill/WORK/Dataset/32_4/img_58,пятнадцать
C:/Users/maill/WORK/Dataset/32_4/img_59,"десятин,"
C:/Users/maill/WORK/Dataset/32_4/img_60,Скота
C:/Users/maill/WORK/Dataset/32_4/img_61,имею
C:/Users/maill/WORK/Dataset/32_4/img_62,две
C:/Users/maill/WORK/Dataset/32_4/img_63,Лошади
C:/Users/maill/WORK/Dataset/32_4/img_64,3
C:/Users/maill/WORK/Dataset/32_4/img_65,коровы
C:/Users/maill/WORK/Dataset/32_4/img_66,три
C:/Users/maill/WORK/Dataset/32_4/img_67,подрос-
C:/Users/maill/WORK/Dataset/32_4/img_68,ка
C:/Users/maill/WORK/Dataset/32_4/img_69,т.е
C:/Users/maill/WORK/Dataset/32_4/img_70,"телят,"
C:/Users/maill/WORK/Dataset/32_4/img_71,пять
C:/Users/maill/WORK/Dataset/32_4/img_72,штук
C:/Users/maill/WORK/Dataset/32_4/img_73,круп-
C:/Users/maill/WORK/Dataset/32_4/img_74,ных
C:/Users/maill/WORK/Dataset/32_4/img_75,овец
C:/Users/maill/WORK/Dataset/32_4/img_76,с
C:/Users/maill/WORK/Dataset/32_4/img_77,подросками
C:/Users/maill/WORK/Dataset/32_4/img_78,Семейство
C:/Users/maill/WORK/Dataset/32_4/img_79,мое
C:/Users/maill/WORK/Dataset/32_4/img_80,состоит
C:/Users/maill/WORK/Dataset/32_4/img_81,сам
C:/Users/maill/WORK/Dataset/32_4/img_82,Я
C:/Users/maill/WORK/Dataset/32_4/img_83,жена
C:/Users/maill/WORK/Dataset/32_4/img_84,сын
C:/Users/maill/WORK/Dataset/32_4/img_85,10
C:/Users/maill/WORK/Dataset/32_4/img_86,лет
C:/Users/maill/WORK/Dataset/32_4/img_87,и
C:/Users/maill/WORK/Dataset/32_4/img_88,брат
C:/Users/maill/WORK/Dataset/32_4/img_89,находящийся
C:/Users/maill/WORK/Dataset/32_4/img_90,в
C:/Users/maill/WORK/Dataset/32_4/img_91,рядах
C:/Users/maill/WORK/Dataset/32_4/img_92,красной
C:/Users/maill/WORK/Dataset/32_4/img_93,армии
C:/Users/maill/WORK/Dataset/32_4/img_94,всего
C:/Users/maill/WORK/Dataset/32_4/img_95,четыре
C:/Users/maill/WORK/Dataset/32_4/img_96,"едока,"
C:/Users/maill/WORK/Dataset/32_4/img_97,занятие
C:/Users/maill/WORK/Dataset/32_4/img_98,Мое
C:/Users/maill/WORK/Dataset/32_4/img_99,имеем
C:/Users/maill/WORK/Dataset/32_4/img_100,вместе
C:/Users/maill/WORK/Dataset/32_4/img_101,с
C:/Users/maill/WORK/Dataset/32_4/img_102,братом
C:/Users/maill/WORK/Dataset/32_4/img_103,неболь-
C:/Users/maill/WORK/Dataset/32_4/img_104,шую
C:/Users/maill/WORK/Dataset/32_4/img_105,кожевню
C:/Users/maill/WORK/Dataset/32_4/img_106,и
C:/Users/maill/WORK/Dataset/32_4/img_107,работаем
C:/Users/maill/WORK/Dataset/32_4/img_108,по
C:/Users/maill/WORK/Dataset/32_4/img_109,немногу
C:/Users/maill/WORK/Dataset/32_4/img_110,"Кож,"
C:/Users/maill/WORK/Dataset/32_4/img_111,внонешном
C:/Users/maill/WORK/Dataset/32_4/img_112,году
C:/Users/maill/WORK/Dataset/32_4/img_113,Я
C:/Users/maill/WORK/Dataset/32_4/img_114,сделал
C:/Users/maill/WORK/Dataset/32_4/img_115,кож
C:/Users/maill/WORK/Dataset/32_5/img_1,В
C:/Users/maill/WORK/Dataset/32_5/img_2,Редакцию
C:/Users/maill/WORK/Dataset/32_5/img_3,""""
C:/Users/maill/WORK/Dataset/32_5/img_4,Кресть
C:/Users/maill/WORK/Dataset/32_5/img_5,янской
C:/Users/maill/WORK/Dataset/32_5/img_6,Газеты
C:/Users/maill/WORK/Dataset/32_5/img_7,"Узнав,"
C:/Users/maill/WORK/Dataset/32_5/img_8,что
C:/Users/maill/WORK/Dataset/32_5/img_9,гражданин
C:/Users/maill/WORK/Dataset/32_5/img_10,Сатинского
C:/Users/maill/WORK/Dataset/32_5/img_11,сельсо
C:/Users/maill/WORK/Dataset/32_5/img_12,вета
C:/Users/maill/WORK/Dataset/32_5/img_13,Сивинского
C:/Users/maill/WORK/Dataset/32_5/img_14,"региона,"
C:/Users/maill/WORK/Dataset/32_5/img_15,Пермского
C:/Users/maill/WORK/Dataset/32_5/img_16,округа)
C:/Users/maill/WORK/Dataset/32_5/img_17,Плот
C:/Users/maill/WORK/Dataset/32_5/img_18,ников
C:/Users/maill/WORK/Dataset/32_5/img_19,Иосиф
C:/Users/maill/WORK/Dataset/32_5/img_20,Тит
C:/Users/maill/WORK/Dataset/32_5/img_21,просит
C:/Users/maill/WORK/Dataset/32_5/img_22,Редакцию
C:/Users/maill/WORK/Dataset/32_5/img_23,зачислить
C:/Users/maill/WORK/Dataset/32_5/img_24,его
C:/Users/maill/WORK/Dataset/32_5/img_25,число
C:/Users/maill/WORK/Dataset/32_5/img_26,сельк
C:/Users/maill/WORK/Dataset/32_5/img_27,коров
C:/Users/maill/WORK/Dataset/32_5/img_28,Урал.
C:/Users/maill/WORK/Dataset/32_5/img_29,Обл.
C:/Users/maill/WORK/Dataset/32_5/img_30,""""
C:/Users/maill/WORK/Dataset/32_5/img_31,ресть
C:/Users/maill/WORK/Dataset/32_5/img_32,янской
C:/Users/maill/WORK/Dataset/32_5/img_33,Газеты
C:/Users/maill/WORK/Dataset/32_5/img_34,считаем
C:/Users/maill/WORK/Dataset/32_5/img_35,своим
C:/Users/maill/WORK/Dataset/32_5/img_36,долгом
C:/Users/maill/WORK/Dataset/32_5/img_37,сообщить
C:/Users/maill/WORK/Dataset/32_5/img_38,Редак
C:/Users/maill/WORK/Dataset/32_5/img_39,ции
C:/Users/maill/WORK/Dataset/32_5/img_40,ниже
C:/Users/maill/WORK/Dataset/32_5/img_41,дующее
C:/Users/maill/WORK/Dataset/32_5/img_42,Плотник
C:/Users/maill/WORK/Dataset/32_5/img_43,ов Иосиф
C:/Users/maill/WORK/Dataset/32_5/img_44,имея
C:/Users/maill/WORK/Dataset/32_5/img_45,доста
C:/Users/maill/WORK/Dataset/32_5/img_46,точно
C:/Users/maill/WORK/Dataset/32_5/img_47,средств
C:/Users/maill/WORK/Dataset/32_5/img_48,возможности
C:/Users/maill/WORK/Dataset/32_5/img_49,никогда
C:/Users/maill/WORK/Dataset/32_5/img_50,не
C:/Users/maill/WORK/Dataset/32_5/img_51,а
C:/Users/maill/WORK/Dataset/32_5/img_52,еще
C:/Users/maill/WORK/Dataset/32_5/img_53,грам
C:/Users/maill/WORK/Dataset/32_5/img_54,не
C:/Users/maill/WORK/Dataset/32_5/img_55,явл
C:/Users/maill/WORK/Dataset/32_5/img_56,яется
C:/Users/maill/WORK/Dataset/32_5/img_57,актив
C:/Users/maill/WORK/Dataset/32_5/img_58,истом
C:/Users/maill/WORK/Dataset/32_5/img_59,Советского
C:/Users/maill/WORK/Dataset/32_5/img_60,строит
C:/Users/maill/WORK/Dataset/32_5/img_61,ельства
C:/Users/maill/WORK/Dataset/32_5/img_62,Он не
C:/Users/maill/WORK/Dataset/32_5/img_63,пользуется
C:/Users/maill/WORK/Dataset/32_5/img_64,уважением
C:/Users/maill/WORK/Dataset/32_5/img_65,и
C:/Users/maill/WORK/Dataset/32_5/img_66,любо
C:/Users/maill/WORK/Dataset/32_5/img_67,вью
C:/Users/maill/WORK/Dataset/32_5/img_68,со
C:/Users/maill/WORK/Dataset/32_5/img_69,стороны
C:/Users/maill/WORK/Dataset/32_5/img_70,щества
C:/Users/maill/WORK/Dataset/32_5/img_71,по
C:/Users/maill/WORK/Dataset/32_5/img_72,мно
C:/Users/maill/WORK/Dataset/32_5/img_73,гим
C:/Users/maill/WORK/Dataset/32_5/img_74,причи
C:/Users/maill/WORK/Dataset/32_5/img_75,нам
C:/Users/maill/WORK/Dataset/32_5/img_76,3
C:/Users/maill/WORK/Dataset/32_5/img_77,Он
C:/Users/maill/WORK/Dataset/32_5/img_78,является
C:/Users/maill/WORK/Dataset/32_5/img_79,неисправ
C:/Users/maill/WORK/Dataset/32_5/img_80,имым ху
C:/Users/maill/WORK/Dataset/32_5/img_81,лиганом
C:/Users/maill/WORK/Dataset/32_5/img_82,"Так,"
C:/Users/maill/WORK/Dataset/32_5/img_83,напр
C:/Users/maill/WORK/Dataset/32_5/img_84,"имер,"
C:/Users/maill/WORK/Dataset/32_5/img_85,в 1924
C:/Users/maill/WORK/Dataset/32_5/img_86,году
C:/Users/maill/WORK/Dataset/32_5/img_87,напал
C:/Users/maill/WORK/Dataset/32_5/img_88,и ни
C:/Users/maill/WORK/Dataset/32_5/img_89,за
C:/Users/maill/WORK/Dataset/32_5/img_90,что
C:/Users/maill/WORK/Dataset/32_5/img_91,избил
C:/Users/maill/WORK/Dataset/32_5/img_92,гр
C:/Users/maill/WORK/Dataset/32_5/img_93,на
C:/Users/maill/WORK/Dataset/32_5/img_94,Сатинского
C:/Users/maill/WORK/Dataset/32_5/img_95,с/сов
C:/Users/maill/WORK/Dataset/32_5/img_96,Сединина
C:/Users/maill/WORK/Dataset/32_5/img_97,Андрияна Ив.
C:/Users/maill/WORK/Dataset/32_5/img_98,В
C:/Users/maill/WORK/Dataset/32_5/img_99,1925 году
C:/Users/maill/WORK/Dataset/32_5/img_100,вместе
C:/Users/maill/WORK/Dataset/32_5/img_101,со
C:/Users/maill/WORK/Dataset/32_5/img_102,своим
C:/Users/maill/WORK/Dataset/32_5/img_103,зятем
C:/Users/maill/WORK/Dataset/32_5/img_104,Ведернихо
C:/Users/maill/WORK/Dataset/32_5/img_105,вым А.
C:/Users/maill/WORK/Dataset/32_5/img_106,все
C:/Users/maill/WORK/Dataset/32_5/img_107,сте
C:/Users/maill/WORK/Dataset/32_5/img_108,кла
C:/Users/maill/WORK/Dataset/32_5/img_109,в 4 х
C:/Users/maill/WORK/Dataset/32_5/img_110,рамах
C:/Users/maill/WORK/Dataset/32_5/img_111,в
C:/Users/maill/WORK/Dataset/32_5/img_112,доме
C:/Users/maill/WORK/Dataset/32_5/img_113,подопечного
C:/Users/maill/WORK/Dataset/32_5/img_114,ротс
C:/Users/maill/WORK/Dataset/32_5/img_115,кого
C:/Users/maill/WORK/Dataset/32_5/img_116,"хозяйства, и"
C:/Users/maill/WORK/Dataset/32_5/img_117,окна сей
C:/Users/maill/WORK/Dataset/32_5/img_118,час
C:/Users/maill/WORK/Dataset/32_5/img_119,еще
C:/Users/maill/WORK/Dataset/32_5/img_120,без
C:/Users/maill/WORK/Dataset/32_5/img_121,стекол
C:/Users/maill/WORK/Dataset/32_5/img_122,В
C:/Users/maill/WORK/Dataset/32_5/img_123,конце
C:/Users/maill/WORK/Dataset/32_5/img_124,того
C:/Users/maill/WORK/Dataset/32_5/img_125,же
C:/Users/maill/WORK/Dataset/32_5/img_126,года
C:/Users/maill/WORK/Dataset/32_5/img_127,так
C:/Users/maill/WORK/Dataset/32_5/img_128,же
C:/Users/maill/WORK/Dataset/32_5/img_129,ни за
C:/Users/maill/WORK/Dataset/32_5/img_130,что
C:/Users/maill/WORK/Dataset/32_5/img_131,избил
C:/Users/maill/WORK/Dataset/32_5/img_132,Надымова
C:/Users/maill/WORK/Dataset/32_5/img_133,Михаила
C:/Users/maill/WORK/Dataset/32_5/img_134,В
C:/Users/maill/WORK/Dataset/32_5/img_135,весн
C:/Users/maill/WORK/Dataset/32_5/img_136,дер.
C:/Users/maill/WORK/Dataset/32_5/img_137,Орлово
C:/Users/maill/WORK/Dataset/32_5/img_138,учинил
C:/Users/maill/WORK/Dataset/32_5/img_139,целый
C:/Users/maill/WORK/Dataset/32_5/img_140,скандал
C:/Users/maill/WORK/Dataset/32_5/img_141,и
C:/Users/maill/WORK/Dataset/32_5/img_142,драку
C:/Users/maill/WORK/Dataset/32_5/img_145,Любит
C:/Users/maill/WORK/Dataset/32_5/img_146,варить
C:/Users/maill/WORK/Dataset/32_5/img_147,и
C:/Users/maill/WORK/Dataset/32_5/img_148,выпить
C:/Users/maill/WORK/Dataset/32_5/img_149,самогон
C:/Users/maill/WORK/Dataset/32_5/img_151,В прошл
C:/Users/maill/WORK/Dataset/32_5/img_152,"ом году,"
C:/Users/maill/WORK/Dataset/32_5/img_154,в
C:/Users/maill/WORK/Dataset/32_5/img_155,составе
C:/Users/maill/WORK/Dataset/32_5/img_156,прав
C:/Users/maill/WORK/Dataset/32_5/img_157,Сатинского
C:/Users/maill/WORK/Dataset/32_5/img_158,щест
C:/Users/maill/WORK/Dataset/32_5/img_159,венной
C:/Users/maill/WORK/Dataset/32_5/img_160,все
C:/Users/maill/WORK/Dataset/32_5/img_161,дела
C:/Users/maill/WORK/Dataset/32_5/img_162,свои
C:/Users/maill/WORK/Dataset/32_5/img_163,Комит
C:/Users/maill/WORK/Dataset/32_5/img_164,тетской
C:/Users/maill/WORK/Dataset/32_5/img_165,семенной
C:/Users/maill/WORK/Dataset/32_5/img_167,овес
C:/Users/maill/WORK/Dataset/32_5/img_168,свозил в
C:/Users/maill/WORK/Dataset/32_5/img_169,пересорт
C:/Users/maill/WORK/Dataset/32_5/img_170,ировал
C:/Users/maill/WORK/Dataset/32_5/img_172,свои
C:/Users/maill/WORK/Dataset/32_5/img_173,и
C:/Users/maill/WORK/Dataset/32_5/img_174,семе
C:/Users/maill/WORK/Dataset/32_5/img_175,нами
C:/Users/maill/WORK/Dataset/32_5/img_176,обсем
C:/Users/maill/WORK/Dataset/32_5/img_177,енил
C:/Users/maill/WORK/Dataset/32_5/img_178,свои
C:/Users/maill/WORK/Dataset/32_5/img_179,поля
C:/Users/maill/WORK/Dataset/32_5/img_180,а
C:/Users/maill/WORK/Dataset/32_5/img_181,ахвосья
C:/Users/maill/WORK/Dataset/32_5/img_182,бедня-
C:/Users/maill/WORK/Dataset/32_5/img_183,кам
C:/Users/maill/WORK/Dataset/32_5/img_184,На
C:/Users/maill/WORK/Dataset/32_5/img_185,комит
C:/Users/maill/WORK/Dataset/32_5/img_186,етские
C:/Users/maill/WORK/Dataset/32_5/img_187,средства
C:/Users/maill/WORK/Dataset/32_5/img_188,начал
C:/Users/maill/WORK/Dataset/32_5/img_190,для
C:/Users/maill/WORK/Dataset/32_5/img_191,лич
C:/Users/maill/WORK/Dataset/32_5/img_192,ной
C:/Users/maill/WORK/Dataset/32_5/img_193,нажи
C:/Users/maill/WORK/Dataset/32_5/img_194,вы:
C:/Users/maill/WORK/Dataset/32_5/img_195,по-дешевке
C:/Users/maill/WORK/Dataset/32_5/img_196,закупал
C:/Users/maill/WORK/Dataset/32_5/img_197,малину
C:/Users/maill/WORK/Dataset/32_5/img_198,"и т.п.,"
C:/Users/maill/WORK/Dataset/32_5/img_199,возил в город.
C:/Users/maill/WORK/Dataset/32_5/img_200,А
C:/Users/maill/WORK/Dataset/32_5/img_201,оттуда
C:/Users/maill/WORK/Dataset/32_5/img_202,без
C:/Users/maill/WORK/Dataset/32_5/img_203,всяких
C:/Users/maill/WORK/Dataset/32_5/img_204,прав
C:/Users/maill/WORK/Dataset/32_5/img_205,привозил
C:/Users/maill/WORK/Dataset/32_5/img_206,краски
C:/Users/maill/WORK/Dataset/32_5/img_207,", ситец"
C:/Users/maill/WORK/Dataset/32_5/img_208,и
C:/Users/maill/WORK/Dataset/32_5/img_209,разную
C:/Users/maill/WORK/Dataset/32_5/img_210,мелоч
C:/Users/maill/WORK/Dataset/32_5/img_211,тридо
C:/Users/maill/WORK/Dataset/32_5/img_212,продавал
C:/Users/maill/WORK/Dataset/32_5/img_213,По
C:/Users/maill/WORK/Dataset/32_5/img_214,селькорской
C:/Users/maill/WORK/Dataset/32_5/img_215,Умер
C:/Users/maill/WORK/Dataset/32_5/img_216,"Сель ККОВ"""
C:/Users/maill/WORK/Dataset/32_5/img_218,","
C:/Users/maill/WORK/Dataset/32_5/img_219,было
C:/Users/maill/WORK/Dataset/32_5/img_220,произв
C:/Users/maill/WORK/Dataset/32_5/img_221,едено
C:/Users/maill/WORK/Dataset/32_5/img_222,следствие
C:/Users/maill/WORK/Dataset/32_5/img_224,и
C:/Users/maill/WORK/Dataset/32_5/img_225,ревизия
C:/Users/maill/WORK/Dataset/32_5/img_226,обнаружила
C:/Users/maill/WORK/Dataset/32_5/img_227,растрату
C:/Users/maill/WORK/Dataset/32_5/img_228,","
C:/Users/maill/WORK/Dataset/32_5/img_229,Оська
C:/Users/maill/WORK/Dataset/32_5/img_230,под
C:/Users/maill/WORK/Dataset/32_5/img_231,""""
C:/Users/maill/WORK/Dataset/32_5/img_233,его
C:/Users/maill/WORK/Dataset/32_5/img_234,здесь на
C:/Users/maill/WORK/Dataset/32_5/img_235,"зывают,"
C:/Users/maill/WORK/Dataset/32_5/img_236,попал
C:/Users/maill/WORK/Dataset/32_5/img_237,Его
C:/Users/maill/WORK/Dataset/32_5/img_238,судил
C:/Users/maill/WORK/Dataset/32_5/img_239,"Нарсуд ""15"
C:/Users/maill/WORK/Dataset/32_5/img_241,го
C:/Users/maill/WORK/Dataset/32_5/img_242,Пермско
C:/Users/maill/WORK/Dataset/32_5/img_243,"округа,"
C:/Users/maill/WORK/Dataset/32_5/img_244,мар
C:/Users/maill/WORK/Dataset/32_5/img_245,та 11
C:/Users/maill/WORK/Dataset/32_5/img_246,дня
C:/Users/maill/WORK/Dataset/32_5/img_247,года и
C:/Users/maill/WORK/Dataset/32_5/img_248,приговорено
C:/Users/maill/WORK/Dataset/32_5/img_249,взыскать
C:/Users/maill/WORK/Dataset/32_5/img_250,растр
C:/Users/maill/WORK/Dataset/32_5/img_251,атчика
C:/Users/maill/WORK/Dataset/32_5/img_252,Плот
C:/Users/maill/WORK/Dataset/32_5/img_254,Иосифа
C:/Users/maill/WORK/Dataset/32_5/img_255,Тит
C:/Users/maill/WORK/Dataset/32_5/img_256,в
C:/Users/maill/WORK/Dataset/32_5/img_257,пользу
C:/Users/maill/WORK/Dataset/32_5/img_258,ККОВ-и
C:/Users/maill/WORK/Dataset/32_5/img_259,26
C:/Users/maill/WORK/Dataset/32_5/img_260,рублей
C:/Users/maill/WORK/Dataset/32_5/img_261,"65 коп, что-"
C:/Users/maill/WORK/Dataset/32_6/img_1,составл
C:/Users/maill/WORK/Dataset/32_6/img_2,яет все
C:/Users/maill/WORK/Dataset/32_6/img_3,имею
C:/Users/maill/WORK/Dataset/32_6/img_4,щиеся
C:/Users/maill/WORK/Dataset/32_6/img_5,средства
C:/Users/maill/WORK/Dataset/32_6/img_6,ККОВ-и и
C:/Users/maill/WORK/Dataset/32_6/img_7,больше
C:/Users/maill/WORK/Dataset/32_6/img_8,нечего
C:/Users/maill/WORK/Dataset/32_6/img_9,было
C:/Users/maill/WORK/Dataset/32_6/img_10,тратить
C:/Users/maill/WORK/Dataset/32_6/img_11,Но
C:/Users/maill/WORK/Dataset/32_6/img_12,по
C:/Users/maill/WORK/Dataset/32_6/img_13,попусти
C:/Users/maill/WORK/Dataset/32_6/img_14,тельству
C:/Users/maill/WORK/Dataset/32_6/img_15,нового
C:/Users/maill/WORK/Dataset/32_6/img_16,состава
C:/Users/maill/WORK/Dataset/32_6/img_17,ККОВ-и
C:/Users/maill/WORK/Dataset/32_6/img_18,приговор Ни
C:/Users/maill/WORK/Dataset/32_6/img_19,рсуда все еще
C:/Users/maill/WORK/Dataset/32_6/img_20,не
C:/Users/maill/WORK/Dataset/32_6/img_21,приведен в
C:/Users/maill/WORK/Dataset/32_6/img_22,исполнение
C:/Users/maill/WORK/Dataset/32_6/img_23,Ныне
C:/Users/maill/WORK/Dataset/32_6/img_24,безгра
C:/Users/maill/WORK/Dataset/32_6/img_25,мотные
C:/Users/maill/WORK/Dataset/32_6/img_26,муж
C:/Users/maill/WORK/Dataset/32_6/img_27,чины
C:/Users/maill/WORK/Dataset/32_6/img_28,опять
C:/Users/maill/WORK/Dataset/32_6/img_30,гра
C:/Users/maill/WORK/Dataset/32_6/img_31,мотн
C:/Users/maill/WORK/Dataset/32_6/img_32,Аську
C:/Users/maill/WORK/Dataset/32_6/img_33,в ч
C:/Users/maill/WORK/Dataset/32_6/img_34,лены
C:/Users/maill/WORK/Dataset/32_6/img_35,СУНР
C:/Users/maill/WORK/Dataset/32_6/img_36,Сельская
C:/Users/maill/WORK/Dataset/32_6/img_37,Учетно
C:/Users/maill/WORK/Dataset/32_6/img_38,оми
C:/Users/maill/WORK/Dataset/32_6/img_39,ссия
C:/Users/maill/WORK/Dataset/32_6/img_40,А
C:/Users/maill/WORK/Dataset/32_6/img_41,Аська
C:/Users/maill/WORK/Dataset/32_6/img_42,всех
C:/Users/maill/WORK/Dataset/32_6/img_44,лет
C:/Users/maill/WORK/Dataset/32_6/img_45,них
C:/Users/maill/WORK/Dataset/32_6/img_46,пяти
C:/Users/maill/WORK/Dataset/32_6/img_47,летних
C:/Users/maill/WORK/Dataset/32_6/img_48,лошадей
C:/Users/maill/WORK/Dataset/32_6/img_49,для
C:/Users/maill/WORK/Dataset/32_6/img_50,своих
C:/Users/maill/WORK/Dataset/32_6/img_51,друзей
C:/Users/maill/WORK/Dataset/32_6/img_52,занес
C:/Users/maill/WORK/Dataset/32_6/img_53,Поселенные
C:/Users/maill/WORK/Dataset/32_6/img_54,Списки
C:/Users/maill/WORK/Dataset/32_6/img_56,чтобы
C:/Users/maill/WORK/Dataset/32_6/img_57,не
C:/Users/maill/WORK/Dataset/32_6/img_58,попа
C:/Users/maill/WORK/Dataset/32_6/img_59,дали
C:/Users/maill/WORK/Dataset/32_6/img_60,под
C:/Users/maill/WORK/Dataset/32_6/img_61,посевы
C:/Users/maill/WORK/Dataset/32_6/img_62,и
C:/Users/maill/WORK/Dataset/32_6/img_63,сенокосы
C:/Users/maill/WORK/Dataset/32_6/img_64,запис
C:/Users/maill/WORK/Dataset/32_6/img_65,ывал
C:/Users/maill/WORK/Dataset/32_6/img_66,площади
C:/Users/maill/WORK/Dataset/32_6/img_67,Аськи
C:/Users/maill/WORK/Dataset/32_6/img_69,False
C:/Users/maill/WORK/Dataset/32_6/img_70,и кле
C:/Users/maill/WORK/Dataset/32_6/img_71,вета
C:/Users/maill/WORK/Dataset/32_6/img_72,И за клевету
C:/Users/maill/WORK/Dataset/32_6/img_73,и подделку
C:/Users/maill/WORK/Dataset/32_6/img_74,подписей
C:/Users/maill/WORK/Dataset/32_6/img_75,в под
C:/Users/maill/WORK/Dataset/32_6/img_76,лож
C:/Users/maill/WORK/Dataset/32_6/img_77,ных
C:/Users/maill/WORK/Dataset/32_6/img_78,документах
C:/Users/maill/WORK/Dataset/32_6/img_79,в
C:/Users/maill/WORK/Dataset/32_6/img_80,под
C:/Users/maill/WORK/Dataset/32_6/img_82,дело в
C:/Users/maill/WORK/Dataset/32_6/img_83,Нарсу
C:/Users/maill/WORK/Dataset/32_6/img_84,де 15
C:/Users/maill/WORK/Dataset/32_6/img_85,ч
C:/Users/maill/WORK/Dataset/32_6/img_86,Перм
C:/Users/maill/WORK/Dataset/32_6/img_87,окр.
C:/Users/maill/WORK/Dataset/32_6/img_88,еще
C:/Users/maill/WORK/Dataset/32_6/img_89,множ
C:/Users/maill/WORK/Dataset/32_6/img_90,ество
C:/Users/maill/WORK/Dataset/32_6/img_91,гнус
C:/Users/maill/WORK/Dataset/32_6/img_92,ных
C:/Users/maill/WORK/Dataset/32_6/img_93,проделок
C:/Users/maill/WORK/Dataset/32_6/img_95,можно
C:/Users/maill/WORK/Dataset/32_6/img_98,Организует
C:/Users/maill/WORK/Dataset/32_6/img_101,собрания
C:/Users/maill/WORK/Dataset/32_6/img_102,сво
C:/Users/maill/WORK/Dataset/32_6/img_103,пешн
C:/Users/maill/WORK/Dataset/32_6/img_104,иков
C:/Users/maill/WORK/Dataset/32_6/img_105,Про
C:/Users/maill/WORK/Dataset/32_6/img_106,одно
C:/Users/maill/WORK/Dataset/32_6/img_107,его
C:/Users/maill/WORK/Dataset/32_6/img_108,такое
C:/Users/maill/WORK/Dataset/32_6/img_109,собрание
C:/Users/maill/WORK/Dataset/32_6/img_110,ведется
C:/Users/maill/WORK/Dataset/32_6/img_111,ствие
C:/Users/maill/WORK/Dataset/32_6/img_112,от 17 фе
C:/Users/maill/WORK/Dataset/32_6/img_113,враля с/г.
C:/Users/maill/WORK/Dataset/32_6/img_115,недавно 2
C:/Users/maill/WORK/Dataset/32_6/img_116,1 августа’
C:/Users/maill/WORK/Dataset/32_6/img_117,опять
C:/Users/maill/WORK/Dataset/32_6/img_118,состо
C:/Users/maill/WORK/Dataset/32_6/img_119,ялось
C:/Users/maill/WORK/Dataset/32_6/img_120,секре
C:/Users/maill/WORK/Dataset/32_6/img_121,тное
C:/Users/maill/WORK/Dataset/32_6/img_122,собрание
C:/Users/maill/WORK/Dataset/32_6/img_123,в доме
C:/Users/maill/WORK/Dataset/32_6/img_124,Нестер
C:/Users/maill/WORK/Dataset/32_6/img_125,ева
C:/Users/maill/WORK/Dataset/32_6/img_126,учас
C:/Users/maill/WORK/Dataset/32_6/img_127,тием
C:/Users/maill/WORK/Dataset/32_6/img_128,бывших
C:/Users/maill/WORK/Dataset/32_6/img_131,добровольцев
C:/Users/maill/WORK/Dataset/32_6/img_132,и дружин
C:/Users/maill/WORK/Dataset/32_6/img_134,то
C:/Users/maill/WORK/Dataset/32_6/img_135,реш
C:/Users/maill/WORK/Dataset/32_6/img_136,ено
C:/Users/maill/WORK/Dataset/32_6/img_137,на
C:/Users/maill/WORK/Dataset/32_6/img_138,после
C:/Users/maill/WORK/Dataset/32_6/img_139,днем
C:/Users/maill/WORK/Dataset/32_6/img_140,собр
C:/Users/maill/WORK/Dataset/32_6/img_141,ании
C:/Users/maill/WORK/Dataset/32_6/img_142,неизв
C:/Users/maill/WORK/Dataset/32_6/img_143,естно
C:/Users/maill/WORK/Dataset/32_6/img_145,потому
C:/Users/maill/WORK/Dataset/32_6/img_146,Затопский
C:/Users/maill/WORK/Dataset/32_6/img_147,Крупной
C:/Users/maill/WORK/Dataset/32_6/img_148,Редакции
C:/Users/maill/WORK/Dataset/32_6/img_149,Плотников
C:/Users/maill/WORK/Dataset/32_6/img_150,что
C:/Users/maill/WORK/Dataset/32_6/img_152,не
C:/Users/maill/WORK/Dataset/32_6/img_153,смо
C:/Users/maill/WORK/Dataset/32_6/img_154,жет
C:/Users/maill/WORK/Dataset/32_6/img_156,не
C:/Users/maill/WORK/Dataset/32_6/img_157,должен
C:/Users/maill/WORK/Dataset/32_6/img_158,быть
C:/Users/maill/WORK/Dataset/32_6/img_159,сельк
C:/Users/maill/WORK/Dataset/32_6/img_160,ором
C:/Users/maill/WORK/Dataset/32_6/img_161,нашей
C:/Users/maill/WORK/Dataset/32_6/img_162,""""
C:/Users/maill/WORK/Dataset/32_6/img_163,Крестьянс
C:/Users/maill/WORK/Dataset/32_6/img_164,кой газеты
C:/Users/maill/WORK/Dataset/32_6/img_165,отни
C:/Users/maill/WORK/Dataset/32_6/img_166,ков
C:/Users/maill/WORK/Dataset/32_6/img_167,Иосиф
C:/Users/maill/WORK/Dataset/32_6/img_168,", как"
C:/Users/maill/WORK/Dataset/32_6/img_169,спеку
C:/Users/maill/WORK/Dataset/32_6/img_170,лянт
C:/Users/maill/WORK/Dataset/32_6/img_171,","
C:/Users/maill/WORK/Dataset/32_6/img_172,хулиган
C:/Users/maill/WORK/Dataset/32_6/img_173,растратчик
C:/Users/maill/WORK/Dataset/32_6/img_176,не
C:/Users/maill/WORK/Dataset/32_6/img_177,будет
C:/Users/maill/WORK/Dataset/32_6/img_178,принят
C:/Users/maill/WORK/Dataset/32_6/img_179,в
C:/Users/maill/WORK/Dataset/32_6/img_180,наш
C:/Users/maill/WORK/Dataset/32_6/img_181,кружок
C:/Users/maill/WORK/Dataset/32_6/img_182,""""
C:/Users/maill/WORK/Dataset/32_6/img_183,Друзей
C:/Users/maill/WORK/Dataset/32_6/img_184,Га
C:/Users/maill/WORK/Dataset/32_6/img_185,Он
C:/Users/maill/WORK/Dataset/32_6/img_187,"зеты""."
C:/Users/maill/WORK/Dataset/32_6/img_188,и
C:/Users/maill/WORK/Dataset/32_6/img_189,то
C:/Users/maill/WORK/Dataset/32_6/img_190,никогда
C:/Users/maill/WORK/Dataset/32_6/img_191,не
C:/Users/maill/WORK/Dataset/32_6/img_192,А
C:/Users/maill/WORK/Dataset/32_6/img_193,так
C:/Users/maill/WORK/Dataset/32_6/img_194,же
C:/Users/maill/WORK/Dataset/32_6/img_195,при
C:/Users/maill/WORK/Dataset/32_6/img_196,нят
C:/Users/maill/WORK/Dataset/32_6/img_197,и
C:/Users/maill/WORK/Dataset/32_6/img_198,"в наш ""Кружок"
C:/Users/maill/WORK/Dataset/32_6/img_199,селькоров
C:/Users/maill/WORK/Dataset/32_6/img_200,""""
C:/Users/maill/WORK/Dataset/32_6/img_201,при
C:/Users/maill/WORK/Dataset/32_6/img_202,Сатинской
C:/Users/maill/WORK/Dataset/32_6/img_203,стенг
C:/Users/maill/WORK/Dataset/32_6/img_204,азете
C:/Users/maill/WORK/Dataset/32_6/img_205,Иск
C:/Users/maill/WORK/Dataset/32_6/img_206,"ра""."
C:/Users/maill/WORK/Dataset/32_6/img_207,емся
C:/Users/maill/WORK/Dataset/32_6/img_208,что
C:/Users/maill/WORK/Dataset/32_6/img_209,редакция
C:/Users/maill/WORK/Dataset/32_6/img_210,его
C:/Users/maill/WORK/Dataset/32_6/img_211,отка
C:/Users/maill/WORK/Dataset/32_6/img_212,жет
C:/Users/maill/WORK/Dataset/32_6/img_213,Факты
C:/Users/maill/WORK/Dataset/32_6/img_214,действительно
C:/Users/maill/WORK/Dataset/32_6/img_215,верны
C:/Users/maill/WORK/Dataset/32_6/img_216,им
C:/Users/maill/WORK/Dataset/32_6/img_217,ени
C:/Users/maill/WORK/Dataset/32_6/img_218,Затопского
C:/Users/maill/WORK/Dataset/32_6/img_219,Кружка
C:/Users/maill/WORK/Dataset/32_6/img_220,Друзей
C:/Users/maill/WORK/Dataset/32_6/img_223,Сивинское
C:/Users/maill/WORK/Dataset/32_6/img_224,почт. отд. и
C:/Users/maill/WORK/Dataset/32_6/img_225,район
C:/Users/maill/WORK/Dataset/32_6/img_227,Пермског
C:/Users/maill/WORK/Dataset/32_6/img_228,о округа
C:/Users/maill/WORK/Dataset/32_6/img_229,Сатин
C:/Users/maill/WORK/Dataset/32_6/img_230,ский
C:/Users/maill/WORK/Dataset/32_6/img_231,сельсовет
C:/Users/maill/WORK/Dataset/32_6/img_232,", почт"
C:/Users/maill/WORK/Dataset/32_6/img_233,обх. №39.
C:/Users/maill/WORK/Dataset/32_6/img_234,"""Крас"
C:/Users/maill/WORK/Dataset/32_6/img_235,сное
C:/Users/maill/WORK/Dataset/32_6/img_236,облако
C:/Users/maill/WORK/Dataset/32_6/img_237,""""
C:/Users/maill/WORK/Dataset/32_6/img_238,Селькор
C:/Users/maill/WORK/Dataset/32_7/img_1,Дед
C:/Users/maill/WORK/Dataset/32_7/img_2,Веллур
C:/Users/maill/WORK/Dataset/32_7/img_3,Чердынского
C:/Users/maill/WORK/Dataset/32_7/img_4,района
C:/Users/maill/WORK/Dataset/32_7/img_5,Петр
C:/Users/maill/WORK/Dataset/32_7/img_6,Дмитриевич
C:/Users/maill/WORK/Dataset/32_7/img_7,Свердловск
C:/Users/maill/WORK/Dataset/32_7/img_8,ул
C:/Users/maill/WORK/Dataset/32_7/img_9,Вайнера
C:/Users/maill/WORK/Dataset/32_7/img_10,12
C:/Users/maill/WORK/Dataset/32_7/img_11,Редакция
C:/Users/maill/WORK/Dataset/32_7/img_12,Ураль
C:/Users/maill/WORK/Dataset/32_7/img_13,ской
C:/Users/maill/WORK/Dataset/32_7/img_14,областной
C:/Users/maill/WORK/Dataset/32_7/img_15,газеты
C:/Users/maill/WORK/Dataset/32_7/img_16,"""Крестьянская"
C:/Users/maill/WORK/Dataset/32_7/img_17,"газета"""
C:/Users/maill/WORK/Dataset/32_7/img_18,Крестьянская
C:/Users/maill/WORK/Dataset/32_7/img_19,газета
C:/Users/maill/WORK/Dataset/32_8/img_3,Урра
C:/Users/maill/WORK/Dataset/32_8/img_4,Шефа
C:/Users/maill/WORK/Dataset/32_8/img_5,Ищем
C:/Users/maill/WORK/Dataset/32_8/img_7,Коми
C:/Users/maill/WORK/Dataset/32_8/img_8,т
C:/Users/maill/WORK/Dataset/32_8/img_9,ет
C:/Users/maill/WORK/Dataset/32_8/img_10,общест
C:/Users/maill/WORK/Dataset/32_8/img_11,венной
C:/Users/maill/WORK/Dataset/32_8/img_12,им
C:/Users/maill/WORK/Dataset/32_8/img_13,ени
C:/Users/maill/WORK/Dataset/32_8/img_14,ткр.
C:/Users/maill/WORK/Dataset/32_8/img_15,Суми
C:/Users/maill/WORK/Dataset/32_8/img_16,лова
C:/Users/maill/WORK/Dataset/32_8/img_17,""""
C:/Users/maill/WORK/Dataset/32_8/img_18,Ма
C:/Users/maill/WORK/Dataset/32_8/img_19,рки
C:/Users/maill/WORK/Dataset/32_8/img_20,ского
C:/Users/maill/WORK/Dataset/32_8/img_21,Рай
C:/Users/maill/WORK/Dataset/32_8/img_23,Тисмл
C:/Users/maill/WORK/Dataset/32_8/img_24,ьского
C:/Users/maill/WORK/Dataset/32_8/img_25,Окру
C:/Users/maill/WORK/Dataset/32_8/img_26,Ураль
C:/Users/maill/WORK/Dataset/32_8/img_27,ск
C:/Users/maill/WORK/Dataset/32_8/img_28,ой
C:/Users/maill/WORK/Dataset/32_8/img_29,Области
C:/Users/maill/WORK/Dataset/32_8/img_30,Органи
C:/Users/maill/WORK/Dataset/32_8/img_31,зованный
C:/Users/maill/WORK/Dataset/32_8/img_32,7 мая’
C:/Users/maill/WORK/Dataset/32_8/img_33,1927 г. из
C:/Users/maill/WORK/Dataset/32_8/img_34,0
C:/Users/maill/WORK/Dataset/32_8/img_35,двалов
C:/Users/maill/WORK/Dataset/32_8/img_36,состо
C:/Users/maill/WORK/Dataset/32_8/img_37,ящих
C:/Users/maill/WORK/Dataset/32_8/img_38,из
C:/Users/maill/WORK/Dataset/32_8/img_39,Малы
C:/Users/maill/WORK/Dataset/32_8/img_40,гиной
C:/Users/maill/WORK/Dataset/32_8/img_41,","
C:/Users/maill/WORK/Dataset/32_8/img_45,Беле
C:/Users/maill/WORK/Dataset/32_8/img_46,киной
C:/Users/maill/WORK/Dataset/32_8/img_47,выехав
C:/Users/maill/WORK/Dataset/32_8/img_48,1925 и
C:/Users/maill/WORK/Dataset/32_8/img_49,1926 году
C:/Users/maill/WORK/Dataset/32_8/img_52,на
C:/Users/maill/WORK/Dataset/32_8/img_53,из
C:/Users/maill/WORK/Dataset/32_8/img_55,нас
C:/Users/maill/WORK/Dataset/32_8/img_56,елен
C:/Users/maill/WORK/Dataset/32_8/img_57,ия.
C:/Users/maill/WORK/Dataset/32_8/img_58,При
C:/Users/maill/WORK/Dataset/32_8/img_59,орга
C:/Users/maill/WORK/Dataset/32_8/img_60,низ
C:/Users/maill/WORK/Dataset/32_8/img_61,ации
C:/Users/maill/WORK/Dataset/32_8/img_62,Кк
C:/Users/maill/WORK/Dataset/32_8/img_63,засе
C:/Users/maill/WORK/Dataset/32_8/img_64,яли
C:/Users/maill/WORK/Dataset/32_8/img_68,собрали
C:/Users/maill/WORK/Dataset/32_8/img_69,денег
C:/Users/maill/WORK/Dataset/32_8/img_70,вст
C:/Users/maill/WORK/Dataset/32_8/img_71,ных
C:/Users/maill/WORK/Dataset/32_8/img_72,8 рублей.
C:/Users/maill/WORK/Dataset/32_8/img_75,выезде
C:/Users/maill/WORK/Dataset/32_8/img_76,на
C:/Users/maill/WORK/Dataset/32_8/img_77,ми
C:/Users/maill/WORK/Dataset/32_8/img_79,кова
C:/Users/maill/WORK/Dataset/32_8/img_80,при
C:/Users/maill/WORK/Dataset/32_8/img_81,земле
C:/Users/maill/WORK/Dataset/32_8/img_82,устро
C:/Users/maill/WORK/Dataset/32_8/img_83,йстве
C:/Users/maill/WORK/Dataset/32_8/img_84,обще
C:/Users/maill/WORK/Dataset/32_8/img_88,Но
C:/Users/maill/WORK/Dataset/32_8/img_89,беда
C:/Users/maill/WORK/Dataset/32_8/img_90,в
C:/Users/maill/WORK/Dataset/32_8/img_91,"том,"
C:/Users/maill/WORK/Dataset/32_8/img_92,что
C:/Users/maill/WORK/Dataset/32_8/img_93,бедность
C:/Users/maill/WORK/Dataset/32_8/img_94,Членам
C:/Users/maill/WORK/Dataset/32_8/img_96,не поз
C:/Users/maill/WORK/Dataset/32_8/img_97,вол
C:/Users/maill/WORK/Dataset/32_8/img_98,яет
C:/Users/maill/WORK/Dataset/32_8/img_99,обла
C:/Users/maill/WORK/Dataset/32_8/img_100,сти
C:/Users/maill/WORK/Dataset/32_8/img_101,два
C:/Users/maill/WORK/Dataset/32_8/img_102,кова
C:/Users/maill/WORK/Dataset/32_8/img_103,какую
C:/Users/maill/WORK/Dataset/32_8/img_104,маш
C:/Users/maill/WORK/Dataset/32_8/img_105,ину
C:/Users/maill/WORK/Dataset/32_8/img_106,у са
C:/Users/maill/WORK/Dataset/32_8/img_107,мого
C:/Users/maill/WORK/Dataset/32_8/img_108,же
C:/Users/maill/WORK/Dataset/32_8/img_109,на
C:/Users/maill/WORK/Dataset/32_8/img_110,сел
C:/Users/maill/WORK/Dataset/32_8/img_111,нии
C:/Users/maill/WORK/Dataset/32_8/img_112,радящего
C:/Users/maill/WORK/Dataset/32_8/img_113,с
C:/Users/maill/WORK/Dataset/32_8/img_114,кова
C:/Users/maill/WORK/Dataset/32_8/img_115,ника
C:/Users/maill/WORK/Dataset/32_8/img_116,ких
C:/Users/maill/WORK/Dataset/32_8/img_117,м
C:/Users/maill/WORK/Dataset/32_8/img_118,ою
C:/Users/maill/WORK/Dataset/32_8/img_119,щих
C:/Users/maill/WORK/Dataset/32_8/img_120,кроме
C:/Users/maill/WORK/Dataset/32_8/img_121,плугов
C:/Users/maill/WORK/Dataset/32_8/img_122,и
C:/Users/maill/WORK/Dataset/32_8/img_123,баз
C:/Users/maill/WORK/Dataset/32_8/img_124,ом
C:/Users/maill/WORK/Dataset/32_8/img_125,не
C:/Users/maill/WORK/Dataset/32_8/img_126,т.
C:/Users/maill/WORK/Dataset/32_8/img_127,посре
C:/Users/maill/WORK/Dataset/32_8/img_128,дство
C:/Users/maill/WORK/Dataset/32_8/img_132,газ
C:/Users/maill/WORK/Dataset/32_8/img_133,еты
C:/Users/maill/WORK/Dataset/32_8/img_134,ресб.
C:/Users/maill/WORK/Dataset/32_8/img_135,о
C:/Users/maill/WORK/Dataset/32_8/img_136,всем
C:/Users/maill/WORK/Dataset/32_8/img_137,орга
C:/Users/maill/WORK/Dataset/32_8/img_138,при
C:/Users/maill/WORK/Dataset/32_8/img_139,нять
C:/Users/maill/WORK/Dataset/32_8/img_140,над
C:/Users/maill/WORK/Dataset/32_8/img_141,наш
C:/Users/maill/WORK/Dataset/32_8/img_142,им
C:/Users/maill/WORK/Dataset/32_8/img_143,Кавом
C:/Users/maill/WORK/Dataset/32_8/img_144,Шевс
C:/Users/maill/WORK/Dataset/32_8/img_145,ство
C:/Users/maill/WORK/Dataset/32_8/img_146,","
C:/Users/maill/WORK/Dataset/32_8/img_147,и по
C:/Users/maill/WORK/Dataset/32_8/img_148,мочь
C:/Users/maill/WORK/Dataset/32_8/img_149,прио
C:/Users/maill/WORK/Dataset/32_8/img_150,брести
C:/Users/maill/WORK/Dataset/32_8/img_151,какую
C:/Users/maill/WORK/Dataset/32_8/img_152,либо
C:/Users/maill/WORK/Dataset/32_8/img_153,с/х ма
C:/Users/maill/WORK/Dataset/32_8/img_155,Член
C:/Users/maill/WORK/Dataset/32_8/img_156,Рев. Ком
C:/Users/maill/WORK/Dataset/32_9/img_1,Какие
C:/Users/maill/WORK/Dataset/32_9/img_2,права
C:/Users/maill/WORK/Dataset/32_9/img_3,применя
C:/Users/maill/WORK/Dataset/32_9/img_4,ются
C:/Users/maill/WORK/Dataset/32_9/img_5,тем
C:/Users/maill/WORK/Dataset/32_9/img_6,гр-нам
C:/Users/maill/WORK/Dataset/32_9/img_7,Которые
C:/Users/maill/WORK/Dataset/32_9/img_8,пользуются
C:/Users/maill/WORK/Dataset/32_9/img_9,наделами
C:/Users/maill/WORK/Dataset/32_9/img_10,вь
C:/Users/maill/WORK/Dataset/32_9/img_11,обществе
C:/Users/maill/WORK/Dataset/32_9/img_12,а
C:/Users/maill/WORK/Dataset/32_9/img_13,не
C:/Users/maill/WORK/Dataset/32_9/img_14,исполняют
C:/Users/maill/WORK/Dataset/32_9/img_15,общественые
C:/Users/maill/WORK/Dataset/32_9/img_16,повиности
C:/Users/maill/WORK/Dataset/32_9/img_17,незакоторых
C:/Users/maill/WORK/Dataset/32_9/img_18,приходится
C:/Users/maill/WORK/Dataset/32_9/img_19,собирать
C:/Users/maill/WORK/Dataset/32_9/img_20,собрания
C:/Users/maill/WORK/Dataset/32_9/img_21,2.3
C:/Users/maill/WORK/Dataset/32_9/img_22,раза
C:/Users/maill/WORK/Dataset/32_9/img_23,за
C:/Users/maill/WORK/Dataset/32_9/img_24,дать
C:/Users/maill/WORK/Dataset/32_9/img_25,все
C:/Users/maill/WORK/Dataset/32_9/img_26,общество
C:/Users/maill/WORK/Dataset/32_9/img_27,мосривать
C:/Users/maill/WORK/Dataset/32_9/img_28,от
C:/Users/maill/WORK/Dataset/32_9/img_29,работы
C:/Users/maill/WORK/Dataset/32_9/img_30,ниж. 
C:/Users/maill/WORK/Dataset/32_9/img_31,окр.
C:/Users/maill/WORK/Dataset/32_9/img_32,Гариненаго
C:/Users/maill/WORK/Dataset/32_9/img_33,раиона
C:/Users/maill/WORK/Dataset/32_9/img_34,по
C:/Users/maill/WORK/Dataset/32_9/img_35,с/с
C:/Users/maill/WORK/Dataset/32_9/img_36,поселок
C:/Users/maill/WORK/Dataset/32_9/img_37,Токовой
C:/Users/maill/WORK/Dataset/32_9/img_38,Зубков
C:/Users/maill/WORK/Dataset/32_9/img_39,прошу
C:/Users/maill/WORK/Dataset/32_9/img_40,от
C:/Users/maill/WORK/Dataset/32_9/img_41,в
C:/Users/maill/WORK/Dataset/32_9/img_42,крестьяне.
C:/Users/maill/WORK/Dataset/32_9/img_43,газете
C:/Users/maill/WORK/Dataset/32_9/img_44,19/VIII-27
C:/Users/maill/WORK/Dataset/IMG_2024_08_08_10_28_48S/img_1,сведения
C:/Users/maill/WORK/Dataset/IMG_2024_08_08_10_28_48S/img_2,о
C:/Users/maill/WORK/Dataset/IMG_2024_08_08_10_28_48S/img_3,населенных
C:/Users/maill/WORK/Dataset/IMG_2024_08_08_10_28_48S/img_4,пунктах
C:/Users/maill/WORK/Dataset/IMG_2024_08_08_10_28_48S/img_5,Ст-Уткинского
C:/Users/maill/WORK/Dataset/IMG_2024_08_08_10_28_48S/img_6,района.
C:/Users/maill/WORK/Dataset/IMG_2024_08_08_10_28_48S/img_7,Сельсоветы
C:/Users/maill/WORK/Dataset/IMG_2024_08_08_10_28_48S/img_8,Расстояние
C:/Users/maill/WORK/Dataset/IMG_2024_08_08_10_28_48S/img_9,от
C:/Users/maill/WORK/Dataset/IMG_2024_08_08_10_28_48S/img_10,"РИК ""а"
C:/Users/maill/WORK/Dataset/IMG_2024_08_08_10_28_48S/img_11,(СТ. Уткин.
C:/Users/maill/WORK/Dataset/IMG_2024_08_08_10_28_48S/img_12,зав. верст.
C:/Users/maill/WORK/Dataset/IMG_2024_08_08_10_28_48S/img_13,Расстояние
C:/Users/maill/WORK/Dataset/IMG_2024_08_08_10_28_48S/img_14,от
C:/Users/maill/WORK/Dataset/IMG_2024_08_08_10_28_48S/img_15,завода
C:/Users/maill/WORK/Dataset/IMG_2024_08_08_10_28_48S/img_16,Сылва
C:/Users/maill/WORK/Dataset/IMG_2024_08_08_10_28_48S/img_17,(верст) .
C:/Users/maill/WORK/Dataset/IMG_2024_08_08_10_28_48S/img_18,Число
C:/Users/maill/WORK/Dataset/IMG_2024_08_08_10_28_48S/img_19,дворов
C:/Users/maill/WORK/Dataset/IMG_2024_08_08_10_28_48S/img_20,Население
C:/Users/maill/WORK/Dataset/IMG_2024_08_08_10_28_48S/img_21,1. Ижболдинский
C:/Users/maill/WORK/Dataset/IMG_2024_08_08_10_28_48S/img_22,65
C:/Users/maill/WORK/Dataset/IMG_2024_08_08_10_28_48S/img_23,27
C:/Users/maill/WORK/Dataset/IMG_2024_08_08_10_28_48S/img_24,23
C:/Users/maill/WORK/Dataset/IMG_2024_08_08_10_28_48S/img_25,115
C:/Users/maill/WORK/Dataset/IMG_2024_08_08_10_28_48S/img_26,2. Н. Сельский
C:/Users/maill/WORK/Dataset/IMG_2024_08_08_10_28_48S/img_27,20
C:/Users/maill/WORK/Dataset/IMG_2024_08_08_10_28_48S/img_28,65
C:/Users/maill/WORK/Dataset/IMG_2024_08_08_10_28_48S/img_29,356
C:/Users/maill/WORK/Dataset/IMG_2024_08_08_10_28_48S/img_30,1697
C:/Users/maill/WORK/Dataset/IMG_2024_08_08_10_28_48S/img_31,3. Пермяковский
C:/Users/maill/WORK/Dataset/IMG_2024_08_08_10_28_48S/img_32,23
C:/Users/maill/WORK/Dataset/IMG_2024_08_08_10_28_48S/img_33,14
C:/Users/maill/WORK/Dataset/IMG_2024_08_08_10_28_48S/img_34,218
C:/Users/maill/WORK/Dataset/IMG_2024_08_08_10_28_48S/img_35,1043
C:/Users/maill/WORK/Dataset/IMG_2024_08_08_10_28_48S/img_36,4. Ст. Уткинский
C:/Users/maill/WORK/Dataset/IMG_2024_08_08_10_28_48S/img_37,-
C:/Users/maill/WORK/Dataset/IMG_2024_08_08_10_28_48S/img_38,36
C:/Users/maill/WORK/Dataset/IMG_2024_08_08_10_28_48S/img_39,1269
C:/Users/maill/WORK/Dataset/IMG_2024_08_08_10_28_48S/img_40,6005
C:/Users/maill/WORK/Dataset/IMG_2024_08_08_10_28_48S/img_41,5. Сылвинский
C:/Users/maill/WORK/Dataset/IMG_2024_08_08_10_28_48S/img_42,36
C:/Users/maill/WORK/Dataset/IMG_2024_08_08_10_28_48S/img_43,-
C:/Users/maill/WORK/Dataset/IMG_2024_08_08_10_28_48S/img_44,1122
C:/Users/maill/WORK/Dataset/IMG_2024_08_08_10_28_48S/img_45,5271
C:/Users/maill/WORK/Dataset/IMG_2024_08_08_10_28_48S/img_46,6. Трекинский
C:/Users/maill/WORK/Dataset/IMG_2024_08_08_10_28_48S/img_47,16
C:/Users/maill/WORK/Dataset/IMG_2024_08_08_10_28_48S/img_48,52
C:/Users/maill/WORK/Dataset/IMG_2024_08_08_10_28_48S/img_49,226
C:/Users/maill/WORK/Dataset/IMG_2024_08_08_10_28_48S/img_50,1100
C:/Users/maill/WORK/Dataset/IMG_2024_08_08_10_28_48S/img_51,7. Шайтанский
C:/Users/maill/WORK/Dataset/IMG_2024_08_08_10_28_48S/img_52,16
C:/Users/maill/WORK/Dataset/IMG_2024_08_08_10_28_48S/img_53,42
C:/Users/maill/WORK/Dataset/IMG_2024_08_08_10_28_48S/img_54,598
C:/Users/maill/WORK/Dataset/IMG_2024_08_08_10_28_48S/img_55,2875
C:/Users/maill/WORK/Dataset/IMG_2024_08_08_10_28_48S/img_56,8. Шалинский
C:/Users/maill/WORK/Dataset/IMG_2024_08_08_10_28_48S/img_57,52
C:/Users/maill/WORK/Dataset/IMG_2024_08_08_10_28_48S/img_58,8
C:/Users/maill/WORK/Dataset/IMG_2024_08_08_10_28_48S/img_59,404
C:/Users/maill/WORK/Dataset/IMG_2024_08_08_10_28_48S/img_60,1765
C:/Users/maill/WORK/Dataset/IMG_2024_08_08_10_28_48S/img_61,9. Шанинский
C:/Users/maill/WORK/Dataset/IMG_2024_08_08_10_28_48S/img_62,25
C:/Users/maill/WORK/Dataset/IMG_2024_08_08_10_28_48S/img_63,52
C:/Users/maill/WORK/Dataset/IMG_2024_08_08_10_28_48S/img_64,82
C:/Users/maill/WORK/Dataset/IMG_2024_08_08_10_28_48S/img_65,352
C:/Users/maill/WORK/Dataset/IMG_2024_08_08_10_28_48S/img_66,Верно :
C:/Users/maill/WORK/Dataset/IMG_2024_08_08_10_28_48S/img_67,Инструктор
C:/Users/maill/WORK/Dataset/IMG_2024_08_08_10_28_48S/img_68,(Метцгер)
C:/Users/maill/WORK/Dataset/IMG_2024_08_08_10_29_10S/img_1,Учителю 
C:/Users/maill/WORK/Dataset/IMG_2024_08_08_10_29_10S/img_2,Голенищевской 
C:/Users/maill/WORK/Dataset/IMG_2024_08_08_10_29_10S/img_3,школы 
C:/Users/maill/WORK/Dataset/IMG_2024_08_08_10_29_10S/img_4,тов.
C:/Users/maill/WORK/Dataset/IMG_2024_08_08_10_29_10S/img_5,Чиркову
C:/Users/maill/WORK/Dataset/IMG_2024_08_08_10_29_10S/img_6,7/v 
C:/Users/maill/WORK/Dataset/IMG_2024_08_08_10_29_10S/img_7,26
C:/Users/maill/WORK/Dataset/IMG_2024_08_08_10_29_10S/img_8,№ 
C:/Users/maill/WORK/Dataset/IMG_2024_08_08_10_29_10S/img_9,77
C:/Users/maill/WORK/Dataset/IMG_2024_08_08_10_29_10S/img_10,Вам 
C:/Users/maill/WORK/Dataset/IMG_2024_08_08_10_29_10S/img_11,было 
C:/Users/maill/WORK/Dataset/IMG_2024_08_08_10_29_10S/img_12,выдано 
C:/Users/maill/WORK/Dataset/IMG_2024_08_08_10_29_10S/img_13,жалованье 
C:/Users/maill/WORK/Dataset/IMG_2024_08_08_10_29_10S/img_14,сторожихи 
C:/Users/maill/WORK/Dataset/IMG_2024_08_08_10_29_10S/img_15,Голенищевской 
C:/Users/maill/WORK/Dataset/IMG_2024_08_08_10_29_10S/img_16,школ 
C:/Users/maill/WORK/Dataset/IMG_2024_08_08_10_29_10S/img_17,за 
C:/Users/maill/WORK/Dataset/IMG_2024_08_08_10_29_10S/img_18,три
C:/Users/maill/WORK/Dataset/IMG_2024_08_08_10_29_10S/img_19,месяца
C:/Users/maill/WORK/Dataset/IMG_2024_08_08_10_29_10S/img_20,Июль
C:/Users/maill/WORK/Dataset/IMG_2024_08_08_10_29_10S/img_21,Август
C:/Users/maill/WORK/Dataset/IMG_2024_08_08_10_29_10S/img_22,"сентябрь,"
C:/Users/maill/WORK/Dataset/IMG_2024_08_08_10_29_10S/img_23,немедленно
C:/Users/maill/WORK/Dataset/IMG_2024_08_08_10_29_10S/img_24,сообщите
C:/Users/maill/WORK/Dataset/IMG_2024_08_08_10_29_10S/img_25,ри
C:/Users/maill/WORK/Dataset/IMG_2024_08_08_10_29_10S/img_26,выдано 
C:/Users/maill/WORK/Dataset/IMG_2024_08_08_10_29_10S/img_27,ли
C:/Users/maill/WORK/Dataset/IMG_2024_08_08_10_29_10S/img_28,вам 
C:/Users/maill/WORK/Dataset/IMG_2024_08_08_10_29_10S/img_29,это
C:/Users/maill/WORK/Dataset/IMG_2024_08_08_10_29_10S/img_30,жалованье 
C:/Users/maill/WORK/Dataset/IMG_2024_08_08_10_29_10S/img_31,по
C:/Users/maill/WORK/Dataset/IMG_2024_08_08_10_29_10S/img_32,принадлежности
C:/Users/maill/WORK/Dataset/IMG_2024_08_08_10_29_10S/img_33,и 
C:/Users/maill/WORK/Dataset/IMG_2024_08_08_10_29_10S/img_34,представ
C:/Users/maill/WORK/Dataset/IMG_2024_08_08_10_29_10S/img_35,те
C:/Users/maill/WORK/Dataset/IMG_2024_08_08_10_29_10S/img_36,на 
C:/Users/maill/WORK/Dataset/IMG_2024_08_08_10_29_10S/img_37,то 
C:/Users/maill/WORK/Dataset/IMG_2024_08_08_10_29_10S/img_38,оправдательные
C:/Users/maill/WORK/Dataset/IMG_2024_08_08_10_29_10S/img_39,"документы,"
C:/Users/maill/WORK/Dataset/IMG_2024_08_08_10_29_10S/img_40,противном
C:/Users/maill/WORK/Dataset/IMG_2024_08_08_10_29_10S/img_41,случае
C:/Users/maill/WORK/Dataset/IMG_2024_08_08_10_29_10S/img_42,дайте
C:/Users/maill/WORK/Dataset/IMG_2024_08_08_10_29_10S/img_43,объяснение
C:/Users/maill/WORK/Dataset/IMG_2024_08_08_10_29_10S/img_44,почему
C:/Users/maill/WORK/Dataset/IMG_2024_08_08_10_29_10S/img_45,жалованье 
C:/Users/maill/WORK/Dataset/IMG_2024_08_08_10_29_10S/img_46,задержано.
C:/Users/maill/WORK/Dataset/IMG_2024_08_08_10_29_10S/img_47,"Предрик""а"
C:/Users/maill/WORK/Dataset/IMG_2024_08_08_10_29_10S/img_48,Секретарь.
C:/Users/maill/WORK/Dataset/IMG_2024_08_08_10_29_41S/img_1,Манчажскому 
C:/Users/maill/WORK/Dataset/IMG_2024_08_08_10_29_41S/img_2,сельсовету
C:/Users/maill/WORK/Dataset/IMG_2024_08_08_10_29_41S/img_3,К 
C:/Users/maill/WORK/Dataset/IMG_2024_08_08_10_29_41S/img_4,9-му 
C:/Users/maill/WORK/Dataset/IMG_2024_08_08_10_29_41S/img_5,сего 
C:/Users/maill/WORK/Dataset/IMG_2024_08_08_10_29_41S/img_6,мая 
C:/Users/maill/WORK/Dataset/IMG_2024_08_08_10_29_41S/img_7,10
C:/Users/maill/WORK/Dataset/IMG_2024_08_08_10_29_41S/img_8,часам
C:/Users/maill/WORK/Dataset/IMG_2024_08_08_10_29_41S/img_9,утра
C:/Users/maill/WORK/Dataset/IMG_2024_08_08_10_29_41S/img_10,рик
C:/Users/maill/WORK/Dataset/IMG_2024_08_08_10_29_41S/img_11,уполно
C:/Users/maill/WORK/Dataset/IMG_2024_08_08_10_29_41S/img_12,моченных
C:/Users/maill/WORK/Dataset/IMG_2024_08_08_10_29_41S/img_13,по
C:/Users/maill/WORK/Dataset/IMG_2024_08_08_10_29_41S/img_14,Дер.
C:/Users/maill/WORK/Dataset/IMG_2024_08_08_10_29_41S/img_15,Токарям
C:/Users/maill/WORK/Dataset/IMG_2024_08_08_10_29_41S/img_16,вверенного
C:/Users/maill/WORK/Dataset/IMG_2024_08_08_10_29_41S/img_17,вам
C:/Users/maill/WORK/Dataset/IMG_2024_08_08_10_29_41S/img_18,сельсовета.
C:/Users/maill/WORK/Dataset/IMG_2024_08_08_10_29_41S/img_19,Председатель
C:/Users/maill/WORK/Dataset/IMG_2024_08_08_10_29_41S/img_20,"рик""а"
C:/Users/maill/WORK/Dataset/IMG_2024_08_08_10_29_41S/img_21,Секретарь.
C:/Users/maill/WORK/Dataset/IMG_2024_08_08_10_30_17S/img_1,Уральская
C:/Users/maill/WORK/Dataset/IMG_2024_08_08_10_30_17S/img_2,областная
C:/Users/maill/WORK/Dataset/IMG_2024_08_08_10_30_17S/img_3,«Крестьянская
C:/Users/maill/WORK/Dataset/IMG_2024_08_08_10_30_17S/img_4,Газета».
C:/Users/maill/WORK/Dataset/IMG_2024_08_08_10_30_17S/img_5,№
C:/Users/maill/WORK/Dataset/IMG_2024_08_08_10_30_17S/img_6,13-36
C:/Users/maill/WORK/Dataset/IMG_2024_08_08_10_30_17S/img_7,7/V
C:/Users/maill/WORK/Dataset/IMG_2024_08_08_10_30_17S/img_8,1926
C:/Users/maill/WORK/Dataset/IMG_2024_08_08_10_30_17S/img_9,г.
C:/Users/maill/WORK/Dataset/IMG_2024_08_08_10_30_17S/img_10,Манчажскому
C:/Users/maill/WORK/Dataset/IMG_2024_08_08_10_30_17S/img_11,"Рику,"
C:/Users/maill/WORK/Dataset/IMG_2024_08_08_10_30_17S/img_12,Для
C:/Users/maill/WORK/Dataset/IMG_2024_08_08_10_30_17S/img_13,сведения
C:/Users/maill/WORK/Dataset/IMG_2024_08_08_10_30_17S/img_14,и
C:/Users/maill/WORK/Dataset/IMG_2024_08_08_10_30_17S/img_15,пнятия
C:/Users/maill/WORK/Dataset/IMG_2024_08_08_10_30_17S/img_16,соответствующих
C:/Users/maill/WORK/Dataset/IMG_2024_08_08_10_30_17S/img_17,мер.
C:/Users/maill/WORK/Dataset/IMG_2024_08_08_10_30_17S/img_18,Завед.
C:/Users/maill/WORK/Dataset/IMG_2024_08_08_10_30_17S/img_19,Отд.
C:/Users/maill/WORK/Dataset/IMG_2024_08_08_10_30_17S/img_20,Крестьянских
C:/Users/maill/WORK/Dataset/IMG_2024_08_08_10_30_17S/img_21,писем
C:/Users/maill/WORK/Dataset/IMG_2024_08_08_10_30_17S/img_22,Пав.
C:/Users/maill/WORK/Dataset/IMG_2024_08_08_10_30_17S/img_23,Бажов
C:/Users/maill/WORK/Dataset/IMG_2024_08_08_10_30_17S/img_24,Старые
C:/Users/maill/WORK/Dataset/IMG_2024_08_08_10_30_17S/img_25,уполномоченные
C:/Users/maill/WORK/Dataset/IMG_2024_08_08_10_30_17S/img_26,в
C:/Users/maill/WORK/Dataset/IMG_2024_08_08_10_30_17S/img_27,дер.
C:/Users/maill/WORK/Dataset/IMG_2024_08_08_10_30_17S/img_28,Токарях
C:/Users/maill/WORK/Dataset/IMG_2024_08_08_10_30_17S/img_29,/Манчажского
C:/Users/maill/WORK/Dataset/IMG_2024_08_08_10_30_17S/img_30,рай-
C:/Users/maill/WORK/Dataset/IMG_2024_08_08_10_30_17S/img_31,она/
C:/Users/maill/WORK/Dataset/IMG_2024_08_08_10_30_17S/img_32,хорошие
C:/Users/maill/WORK/Dataset/IMG_2024_08_08_10_30_17S/img_33,были.
C:/Users/maill/WORK/Dataset/IMG_2024_08_08_10_30_17S/img_34,Была
C:/Users/maill/WORK/Dataset/IMG_2024_08_08_10_30_17S/img_35,школа
C:/Users/maill/WORK/Dataset/IMG_2024_08_08_10_30_17S/img_36,и
C:/Users/maill/WORK/Dataset/IMG_2024_08_08_10_30_17S/img_37,"читальня,"
C:/Users/maill/WORK/Dataset/IMG_2024_08_08_10_30_17S/img_38,было
C:/Users/maill/WORK/Dataset/IMG_2024_08_08_10_30_17S/img_39,где
C:/Users/maill/WORK/Dataset/IMG_2024_08_08_10_30_17S/img_40,посидеть
C:/Users/maill/WORK/Dataset/IMG_2024_08_08_10_30_17S/img_41,свободное
C:/Users/maill/WORK/Dataset/IMG_2024_08_08_10_30_17S/img_42,время
C:/Users/maill/WORK/Dataset/IMG_2024_08_08_10_30_17S/img_43,и
C:/Users/maill/WORK/Dataset/IMG_2024_08_08_10_30_17S/img_44,почитать.
C:/Users/maill/WORK/Dataset/IMG_2024_08_08_10_30_17S/img_45,А
C:/Users/maill/WORK/Dataset/IMG_2024_08_08_10_30_17S/img_46,новые
C:/Users/maill/WORK/Dataset/IMG_2024_08_08_10_30_17S/img_47,члены
C:/Users/maill/WORK/Dataset/IMG_2024_08_08_10_30_17S/img_48,у
C:/Users/maill/WORK/Dataset/IMG_2024_08_08_10_30_17S/img_49,нас
C:/Users/maill/WORK/Dataset/IMG_2024_08_08_10_30_17S/img_50,ничего
C:/Users/maill/WORK/Dataset/IMG_2024_08_08_10_30_17S/img_51,не
C:/Users/maill/WORK/Dataset/IMG_2024_08_08_10_30_17S/img_52,стоят.
C:/Users/maill/WORK/Dataset/IMG_2024_08_08_10_30_17S/img_53,Сам
C:/Users/maill/WORK/Dataset/IMG_2024_08_08_10_30_17S/img_54,уполномоченный
C:/Users/maill/WORK/Dataset/IMG_2024_08_08_10_30_17S/img_55,чистый
C:/Users/maill/WORK/Dataset/IMG_2024_08_08_10_30_17S/img_56,хулиган.
C:/Users/maill/WORK/Dataset/IMG_2024_08_08_10_30_17S/img_57,Соберет
C:/Users/maill/WORK/Dataset/IMG_2024_08_08_10_30_17S/img_58,"собрание,"
C:/Users/maill/WORK/Dataset/IMG_2024_08_08_10_30_17S/img_59,ничего
C:/Users/maill/WORK/Dataset/IMG_2024_08_08_10_30_17S/img_60,хорошего
C:/Users/maill/WORK/Dataset/IMG_2024_08_08_10_30_17S/img_61,не
C:/Users/maill/WORK/Dataset/IMG_2024_08_08_10_30_17S/img_62,скажет.
C:/Users/maill/WORK/Dataset/IMG_2024_08_08_10_30_17S/img_63,Только
C:/Users/maill/WORK/Dataset/IMG_2024_08_08_10_30_17S/img_64,"хват,"
C:/Users/maill/WORK/Dataset/IMG_2024_08_08_10_30_17S/img_65,да
C:/Users/maill/WORK/Dataset/IMG_2024_08_08_10_30_17S/img_66,мат
C:/Users/maill/WORK/Dataset/IMG_2024_08_08_10_30_17S/img_67,",а"
C:/Users/maill/WORK/Dataset/IMG_2024_08_08_10_30_17S/img_68,после
C:/Users/maill/WORK/Dataset/IMG_2024_08_08_10_30_17S/img_69,собрания
C:/Users/maill/WORK/Dataset/IMG_2024_08_08_10_30_17S/img_70,остаются
C:/Users/maill/WORK/Dataset/IMG_2024_08_08_10_30_17S/img_71,в
C:/Users/maill/WORK/Dataset/IMG_2024_08_08_10_30_17S/img_72,сборне
C:/Users/maill/WORK/Dataset/IMG_2024_08_08_10_30_17S/img_73,со
C:/Users/maill/WORK/Dataset/IMG_2024_08_08_10_30_17S/img_74,своими
C:/Users/maill/WORK/Dataset/IMG_2024_08_08_10_30_17S/img_75,"шмарами,"
C:/Users/maill/WORK/Dataset/IMG_2024_08_08_10_30_17S/img_76,сидят
C:/Users/maill/WORK/Dataset/IMG_2024_08_08_10_30_17S/img_77,всю
C:/Users/maill/WORK/Dataset/IMG_2024_08_08_10_30_17S/img_78,"ночь,"
C:/Users/maill/WORK/Dataset/IMG_2024_08_08_10_30_17S/img_79,жгут
C:/Users/maill/WORK/Dataset/IMG_2024_08_08_10_30_17S/img_80,общественные
C:/Users/maill/WORK/Dataset/IMG_2024_08_08_10_30_17S/img_81,"дрова,"
C:/Users/maill/WORK/Dataset/IMG_2024_08_08_10_30_17S/img_82,да
C:/Users/maill/WORK/Dataset/IMG_2024_08_08_10_30_17S/img_83,керасин.
C:/Users/maill/WORK/Dataset/IMG_2024_08_08_10_30_17S/img_84,Общественники
C:/Users/maill/WORK/Dataset/IMG_2024_08_08_10_30_17S/img_85,недо-
C:/Users/maill/WORK/Dataset/IMG_2024_08_08_10_30_17S/img_86,"вольны,"
C:/Users/maill/WORK/Dataset/IMG_2024_08_08_10_30_17S/img_87,не
C:/Users/maill/WORK/Dataset/IMG_2024_08_08_10_30_17S/img_88,хотят
C:/Users/maill/WORK/Dataset/IMG_2024_08_08_10_30_17S/img_89,итти
C:/Users/maill/WORK/Dataset/IMG_2024_08_08_10_30_17S/img_90,на
C:/Users/maill/WORK/Dataset/IMG_2024_08_08_10_30_17S/img_91,собрания.
C:/Users/maill/WORK/Dataset/IMG_2024_08_08_10_30_17S/img_92,Что
C:/Users/maill/WORK/Dataset/IMG_2024_08_08_10_30_17S/img_93,с
C:/Users/maill/WORK/Dataset/IMG_2024_08_08_10_30_17S/img_94,ними
C:/Users/maill/WORK/Dataset/IMG_2024_08_08_10_30_17S/img_95,"делать,"
C:/Users/maill/WORK/Dataset/IMG_2024_08_08_10_30_17S/img_96,Уполно-
C:/Users/maill/WORK/Dataset/IMG_2024_08_08_10_30_17S/img_97,моченным
C:/Users/maill/WORK/Dataset/IMG_2024_08_08_10_30_17S/img_98,или
C:/Users/maill/WORK/Dataset/IMG_2024_08_08_10_30_17S/img_99,сломать
C:/Users/maill/WORK/Dataset/IMG_2024_08_08_10_30_17S/img_100,шеи
C:/Users/maill/WORK/Dataset/IMG_2024_08_08_10_30_17S/img_101,надо
C:/Users/maill/WORK/Dataset/IMG_2024_08_08_10_30_17S/img_102,или
C:/Users/maill/WORK/Dataset/IMG_2024_08_08_10_30_17S/img_103,в
C:/Users/maill/WORK/Dataset/IMG_2024_08_08_10_30_17S/img_104,шею
C:/Users/maill/WORK/Dataset/IMG_2024_08_08_10_30_17S/img_105,гнать
C:/Users/maill/WORK/Dataset/IMG_2024_08_08_10_30_17S/img_106,",а"
C:/Users/maill/WORK/Dataset/IMG_2024_08_08_10_30_17S/img_107,то
C:/Users/maill/WORK/Dataset/IMG_2024_08_08_10_30_17S/img_108,с
C:/Users/maill/WORK/Dataset/IMG_2024_08_08_10_30_17S/img_109,та-
C:/Users/maill/WORK/Dataset/IMG_2024_08_08_10_30_17S/img_110,кими
C:/Users/maill/WORK/Dataset/IMG_2024_08_08_10_30_17S/img_111,моченные
C:/Users/maill/WORK/Dataset/IMG_2024_08_08_10_30_17S/img_112,жить
C:/Users/maill/WORK/Dataset/IMG_2024_08_08_10_30_17S/img_113,больше
C:/Users/maill/WORK/Dataset/IMG_2024_08_08_10_30_17S/img_114,нельзя.
C:/Users/maill/WORK/Dataset/IMG_2024_08_08_10_30_17S/img_115,Крестянин.
C:/Users/maill/WORK/Dataset/IMG_2024_08_08_10_30_50S/img_1,7
C:/Users/maill/WORK/Dataset/IMG_2024_08_08_10_30_50S/img_2,VI
C:/Users/maill/WORK/Dataset/IMG_2024_08_08_10_30_50S/img_3,Уральская
C:/Users/maill/WORK/Dataset/IMG_2024_08_08_10_30_50S/img_4,Областная
C:/Users/maill/WORK/Dataset/IMG_2024_08_08_10_30_50S/img_5,Крестьянская
C:/Users/maill/WORK/Dataset/IMG_2024_08_08_10_30_50S/img_6,Газета
C:/Users/maill/WORK/Dataset/IMG_2024_08_08_10_30_50S/img_7,Возвращая
C:/Users/maill/WORK/Dataset/IMG_2024_08_08_10_30_50S/img_8,переписку
C:/Users/maill/WORK/Dataset/IMG_2024_08_08_10_30_50S/img_9,"сообщаю,"
C:/Users/maill/WORK/Dataset/IMG_2024_08_08_10_30_50S/img_10,по
C:/Users/maill/WORK/Dataset/IMG_2024_08_08_10_30_50S/img_11,6
C:/Users/maill/WORK/Dataset/IMG_2024_08_08_10_30_50S/img_12,поступкам
C:/Users/maill/WORK/Dataset/IMG_2024_08_08_10_30_50S/img_13,Уполномоченых
C:/Users/maill/WORK/Dataset/IMG_2024_08_08_10_30_50S/img_14,Рние
C:/Users/maill/WORK/Dataset/IMG_2024_08_08_10_30_50S/img_15,бы
C:/Users/maill/WORK/Dataset/IMG_2024_08_08_10_30_50S/img_16,вынуждены
C:/Users/maill/WORK/Dataset/IMG_2024_08_08_10_30_50S/img_17,дело
C:/Users/maill/WORK/Dataset/IMG_2024_08_08_10_30_50S/img_18,передать
C:/Users/maill/WORK/Dataset/IMG_2024_08_08_10_30_50S/img_19,органам
C:/Users/maill/WORK/Dataset/IMG_2024_08_08_10_30_50S/img_20,след
C:/Users/maill/WORK/Dataset/IMG_2024_08_08_10_30_50S/img_21,ствия
C:/Users/maill/WORK/Dataset/IMG_2024_08_08_10_30_50S/img_22,для
C:/Users/maill/WORK/Dataset/IMG_2024_08_08_10_30_50S/img_24,ования
C:/Users/maill/WORK/Dataset/IMG_2024_08_08_10_30_50S/img_25,и
C:/Users/maill/WORK/Dataset/IMG_2024_08_08_10_30_50S/img_26,призания
C:/Users/maill/WORK/Dataset/IMG_2024_08_08_10_30_50S/img_27,виновных
C:/Users/maill/WORK/Dataset/IMG_2024_08_08_10_30_50S/img_28,и
C:/Users/maill/WORK/Dataset/IMG_2024_08_08_10_30_50S/img_29,ответственности
C:/Users/maill/WORK/Dataset/IMG_2024_08_08_10_30_50S/img_30,Приорикой
C:/Users/maill/WORK/Dataset/IMG_2024_08_08_11_02_13S/img_1,так
C:/Users/maill/WORK/Dataset/IMG_2024_08_08_11_02_13S/img_2,как
C:/Users/maill/WORK/Dataset/IMG_2024_08_08_11_02_13S/img_3,мы
C:/Users/maill/WORK/Dataset/IMG_2024_08_08_11_02_13S/img_4,настояще
C:/Users/maill/WORK/Dataset/IMG_2024_08_08_11_02_13S/img_5,врем
C:/Users/maill/WORK/Dataset/IMG_2024_08_08_11_02_13S/img_6,живем
C:/Users/maill/WORK/Dataset/IMG_2024_08_08_11_02_13S/img_7,вчем
C:/Users/maill/WORK/Dataset/IMG_2024_08_08_11_02_13S/img_8,плохом
C:/Users/maill/WORK/Dataset/IMG_2024_08_08_11_02_13S/img_9,отношение
C:/Users/maill/WORK/Dataset/IMG_2024_08_08_11_02_13S/img_10,своем
C:/Users/maill/WORK/Dataset/IMG_2024_08_08_11_02_13S/img_11,хозяйстве
C:/Users/maill/WORK/Dataset/IMG_2024_08_08_11_02_13S/img_12,дома
C:/Users/maill/WORK/Dataset/IMG_2024_08_08_11_02_13S/img_13,все
C:/Users/maill/WORK/Dataset/IMG_2024_08_08_11_02_13S/img_14,разваленые
C:/Users/maill/WORK/Dataset/IMG_2024_08_08_11_02_13S/img_15,и
C:/Users/maill/WORK/Dataset/IMG_2024_08_08_11_02_13S/img_16,попровизцы
C:/Users/maill/WORK/Dataset/IMG_2024_08_08_11_02_13S/img_17,никаким
C:/Users/maill/WORK/Dataset/IMG_2024_08_08_11_02_13S/img_18,способом
C:/Users/maill/WORK/Dataset/IMG_2024_08_08_11_02_13S/img_19,не можем
C:/Users/maill/WORK/Dataset/IMG_2024_08_08_11_02_13S/img_20,дайте
C:/Users/maill/WORK/Dataset/IMG_2024_08_08_11_02_13S/img_21,На
C:/Users/maill/WORK/Dataset/IMG_2024_08_08_11_02_13S/img_22,наше
C:/Users/maill/WORK/Dataset/IMG_2024_08_08_11_02_13S/img_23,писмо
C:/Users/maill/WORK/Dataset/IMG_2024_08_08_11_02_13S/img_24,ответ
C:/Users/maill/WORK/Dataset/IMG_2024_08_08_11_02_13S/img_25,как
C:/Users/maill/WORK/Dataset/IMG_2024_08_08_11_02_13S/img_26,нам
C:/Users/maill/WORK/Dataset/IMG_2024_08_08_11_02_13S/img_27,получить
C:/Users/maill/WORK/Dataset/IMG_2024_08_08_11_02_13S/img_28,для
C:/Users/maill/WORK/Dataset/IMG_2024_08_08_11_02_13S/img_29,постройки
C:/Users/maill/WORK/Dataset/IMG_2024_08_08_11_02_13S/img_30,лес
C:/Users/maill/WORK/Dataset/IMG_2024_08_08_11_02_13S/img_31,платно
C:/Users/maill/WORK/Dataset/IMG_2024_08_08_11_02_13S/img_32,Демобилизованый
C:/Users/maill/WORK/Dataset/IMG_2024_08_08_11_02_13S/img_33,Красноармеец
C:/Users/maill/WORK/Dataset/IMG_2024_08_08_11_02_13S/img_34,Коми
C:/Users/maill/WORK/Dataset/IMG_2024_08_08_11_02_13S/img_35,Пермяцкого окр.
C:/Users/maill/WORK/Dataset/IMG_2024_08_08_11_02_13S/img_36,Косинского
C:/Users/maill/WORK/Dataset/IMG_2024_08_08_11_02_13S/img_37,Района
C:/Users/maill/WORK/Dataset/IMG_2024_08_08_11_02_13S/img_38,Е. Нилогов
C:/Users/maill/WORK/Dataset/IMG_2024_08_08_11_02_13S/img_39,уз. Н-Касеп
C:/Users/maill/WORK/Dataset/IMG_2024_08_08_11_02_13S/img_40,9/12 25 г.
C:/Users/maill/WORK/Dataset/IMG_2024_08_08_11_02_54S/img_1,взносов
C:/Users/maill/WORK/Dataset/IMG_2024_08_08_11_02_54S/img_2,и
C:/Users/maill/WORK/Dataset/IMG_2024_08_08_11_02_54S/img_3,зажиточные
C:/Users/maill/WORK/Dataset/IMG_2024_08_08_11_02_54S/img_4,мужичкий
C:/Users/maill/WORK/Dataset/IMG_2024_08_08_11_02_54S/img_5,возмутили
C:/Users/maill/WORK/Dataset/IMG_2024_08_08_11_02_54S/img_6,темных
C:/Users/maill/WORK/Dataset/IMG_2024_08_08_11_02_54S/img_7,бедняков
C:/Users/maill/WORK/Dataset/IMG_2024_08_08_11_02_54S/img_8,и
C:/Users/maill/WORK/Dataset/IMG_2024_08_08_11_02_54S/img_9,бедняки
C:/Users/maill/WORK/Dataset/IMG_2024_08_08_11_02_54S/img_10,пошли
C:/Users/maill/WORK/Dataset/IMG_2024_08_08_11_02_54S/img_11,по
C:/Users/maill/WORK/Dataset/IMG_2024_08_08_11_02_54S/img_12,той
C:/Users/maill/WORK/Dataset/IMG_2024_08_08_11_02_54S/img_13,же
C:/Users/maill/WORK/Dataset/IMG_2024_08_08_11_02_54S/img_14,пути
C:/Users/maill/WORK/Dataset/IMG_2024_08_08_11_02_54S/img_15,сколко
C:/Users/maill/WORK/Dataset/IMG_2024_08_08_11_02_54S/img_16,было.
C:/Users/maill/WORK/Dataset/IMG_2024_08_08_11_02_54S/img_17,говорено
C:/Users/maill/WORK/Dataset/IMG_2024_08_08_11_02_54S/img_18,но.
C:/Users/maill/WORK/Dataset/IMG_2024_08_08_11_02_54S/img_19,Ни
C:/Users/maill/WORK/Dataset/IMG_2024_08_08_11_02_54S/img_20,каким
C:/Users/maill/WORK/Dataset/IMG_2024_08_08_11_02_54S/img_21,Способом
C:/Users/maill/WORK/Dataset/IMG_2024_08_08_11_02_54S/img_22,не можно
C:/Users/maill/WORK/Dataset/IMG_2024_08_08_11_02_54S/img_23,"уговорит,"
C:/Users/maill/WORK/Dataset/IMG_2024_08_08_11_02_54S/img_24,Дер.
C:/Users/maill/WORK/Dataset/IMG_2024_08_08_11_02_54S/img_25,зажиточных
C:/Users/maill/WORK/Dataset/IMG_2024_08_08_11_02_54S/img_26,мужикое
C:/Users/maill/WORK/Dataset/IMG_2024_08_08_11_02_54S/img_27,потому что
C:/Users/maill/WORK/Dataset/IMG_2024_08_08_11_02_54S/img_28,Они
C:/Users/maill/WORK/Dataset/IMG_2024_08_08_11_02_54S/img_29,взашли
C:/Users/maill/WORK/Dataset/IMG_2024_08_08_11_02_54S/img_30,при
C:/Users/maill/WORK/Dataset/IMG_2024_08_08_11_02_54S/img_31,царизме
C:/Users/maill/WORK/Dataset/IMG_2024_08_08_11_02_54S/img_32,на
C:/Users/maill/WORK/Dataset/IMG_2024_08_08_11_02_54S/img_33,безняка
C:/Users/maill/WORK/Dataset/IMG_2024_08_08_11_02_54S/img_34,спиных
C:/Users/maill/WORK/Dataset/IMG_2024_08_08_11_02_54S/img_35,и
C:/Users/maill/WORK/Dataset/IMG_2024_08_08_11_02_54S/img_36,желают
C:/Users/maill/WORK/Dataset/IMG_2024_08_08_11_02_54S/img_37,ездить
C:/Users/maill/WORK/Dataset/IMG_2024_08_08_11_02_54S/img_38,далше
C:/Users/maill/WORK/Dataset/IMG_2024_08_08_11_02_54S/img_39,за
C:/Users/maill/WORK/Dataset/IMG_2024_08_08_11_02_54S/img_40,бедняк
C:/Users/maill/WORK/Dataset/IMG_2024_08_08_11_02_54S/img_41,работает
C:/Users/maill/WORK/Dataset/IMG_2024_08_08_11_02_54S/img_42,за
C:/Users/maill/WORK/Dataset/IMG_2024_08_08_11_02_54S/img_43,один
C:/Users/maill/WORK/Dataset/IMG_2024_08_08_11_02_54S/img_44,пуб
C:/Users/maill/WORK/Dataset/IMG_2024_08_08_11_02_54S/img_45,хлеба
C:/Users/maill/WORK/Dataset/IMG_2024_08_08_11_02_54S/img_46,Зажиточному
C:/Users/maill/WORK/Dataset/IMG_2024_08_08_11_02_54S/img_47,муржику
C:/Users/maill/WORK/Dataset/IMG_2024_08_08_11_02_54S/img_48,четыре
C:/Users/maill/WORK/Dataset/IMG_2024_08_08_11_02_54S/img_49,поден
C:/Users/maill/WORK/Dataset/IMG_2024_08_08_11_02_54S/img_50,шины
C:/Users/maill/WORK/Dataset/IMG_2024_08_08_11_02_54S/img_51,и
C:/Users/maill/WORK/Dataset/IMG_2024_08_08_11_02_54S/img_52,вот
C:/Users/maill/WORK/Dataset/IMG_2024_08_08_11_02_54S/img_53,они
C:/Users/maill/WORK/Dataset/IMG_2024_08_08_11_02_54S/img_54,и
C:/Users/maill/WORK/Dataset/IMG_2024_08_08_11_02_54S/img_55,нехотят
C:/Users/maill/WORK/Dataset/IMG_2024_08_08_11_02_54S/img_56,помоч
C:/Users/maill/WORK/Dataset/IMG_2024_08_08_11_02_54S/img_57,своему
C:/Users/maill/WORK/Dataset/IMG_2024_08_08_11_02_54S/img_58,соседу
C:/Users/maill/WORK/Dataset/IMG_2024_08_08_11_02_54S/img_59,у
C:/Users/maill/WORK/Dataset/IMG_2024_08_08_11_02_54S/img_60,кого
C:/Users/maill/WORK/Dataset/IMG_2024_08_08_11_02_54S/img_61,случится
C:/Users/maill/WORK/Dataset/IMG_2024_08_08_11_02_54S/img_62,Стихийное
C:/Users/maill/WORK/Dataset/IMG_2024_08_08_11_02_54S/img_63,бедствие
C:/Users/maill/WORK/Dataset/IMG_2024_08_08_11_02_54S/img_64,"Очевидец,"
C:/Users/maill/WORK/Dataset/IMG_2024_08_08_11_04_08S/img_1,к
C:/Users/maill/WORK/Dataset/IMG_2024_08_08_11_04_08S/img_2,предстоящим
C:/Users/maill/WORK/Dataset/IMG_2024_08_08_11_04_08S/img_3,перевыборам
C:/Users/maill/WORK/Dataset/IMG_2024_08_08_11_04_08S/img_4,с/сове
C:/Users/maill/WORK/Dataset/IMG_2024_08_08_11_04_08S/img_5,тов
C:/Users/maill/WORK/Dataset/IMG_2024_08_08_11_04_08S/img_6,установили
C:/Users/maill/WORK/Dataset/IMG_2024_08_08_11_04_08S/img_7,отдельный
C:/Users/maill/WORK/Dataset/IMG_2024_08_08_11_04_08S/img_8,совет
C:/Users/maill/WORK/Dataset/IMG_2024_08_08_11_04_08S/img_9,из
C:/Users/maill/WORK/Dataset/IMG_2024_08_08_11_04_08S/img_10,селений
C:/Users/maill/WORK/Dataset/IMG_2024_08_08_11_04_08S/img_11,с. щукинского
C:/Users/maill/WORK/Dataset/IMG_2024_08_08_11_04_08S/img_12,и
C:/Users/maill/WORK/Dataset/IMG_2024_08_08_11_04_08S/img_13,деревни
C:/Users/maill/WORK/Dataset/IMG_2024_08_08_11_04_08S/img_14,"Малой-Просековой,"
C:/Users/maill/WORK/Dataset/IMG_2024_08_08_11_04_08S/img_15,т.к.
C:/Users/maill/WORK/Dataset/IMG_2024_08_08_11_04_08S/img_16,они
C:/Users/maill/WORK/Dataset/IMG_2024_08_08_11_04_08S/img_17,нахо
C:/Users/maill/WORK/Dataset/IMG_2024_08_08_11_04_08S/img_18,дятся
C:/Users/maill/WORK/Dataset/IMG_2024_08_08_11_04_08S/img_19,на
C:/Users/maill/WORK/Dataset/IMG_2024_08_08_11_04_08S/img_20,растоянии
C:/Users/maill/WORK/Dataset/IMG_2024_08_08_11_04_08S/img_21,200
C:/Users/maill/WORK/Dataset/IMG_2024_08_08_11_04_08S/img_22,саж.
C:/Users/maill/WORK/Dataset/IMG_2024_08_08_11_04_08S/img_23,село от
C:/Users/maill/WORK/Dataset/IMG_2024_08_08_11_04_08S/img_24,села
C:/Users/maill/WORK/Dataset/IMG_2024_08_08_11_04_08S/img_25,и
C:/Users/maill/WORK/Dataset/IMG_2024_08_08_11_04_08S/img_26,их
C:/Users/maill/WORK/Dataset/IMG_2024_08_08_11_04_08S/img_27,земли
C:/Users/maill/WORK/Dataset/IMG_2024_08_08_11_04_08S/img_28,тождестествены
C:/Users/maill/WORK/Dataset/IMG_2024_08_08_11_04_08S/img_29,между собою.
C:/Users/maill/WORK/Dataset/IMG_2024_08_08_11_04_08S/img_30,"А,"
C:/Users/maill/WORK/Dataset/IMG_2024_08_08_11_04_08S/img_31,село
C:/Users/maill/WORK/Dataset/IMG_2024_08_08_11_04_08S/img_32,Ошурково
C:/Users/maill/WORK/Dataset/IMG_2024_08_08_11_04_08S/img_33,можно
C:/Users/maill/WORK/Dataset/IMG_2024_08_08_11_04_08S/img_34,при
C:/Users/maill/WORK/Dataset/IMG_2024_08_08_11_04_08S/img_35,крепит
C:/Users/maill/WORK/Dataset/IMG_2024_08_08_11_04_08S/img_36,к
C:/Users/maill/WORK/Dataset/IMG_2024_08_08_11_04_08S/img_37,Крутихинскому
C:/Users/maill/WORK/Dataset/IMG_2024_08_08_11_04_08S/img_38,с/совету
C:/Users/maill/WORK/Dataset/IMG_2024_08_08_11_04_08S/img_39,рост они
C:/Users/maill/WORK/Dataset/IMG_2024_08_08_11_04_08S/img_40,которого
C:/Users/maill/WORK/Dataset/IMG_2024_08_08_11_04_08S/img_41,до
C:/Users/maill/WORK/Dataset/IMG_2024_08_08_11_04_08S/img_42,ошутково
C:/Users/maill/WORK/Dataset/IMG_2024_08_08_11_04_08S/img_43,одна
C:/Users/maill/WORK/Dataset/IMG_2024_08_08_11_04_08S/img_44,верста.
C:/Users/maill/WORK/Dataset/IMG_2024_08_08_11_04_08S/img_45,И
C:/Users/maill/WORK/Dataset/IMG_2024_08_08_11_04_08S/img_46,это
C:/Users/maill/WORK/Dataset/IMG_2024_08_08_11_04_08S/img_47,будет
C:/Users/maill/WORK/Dataset/IMG_2024_08_08_11_04_08S/img_48,правильно
C:/Users/maill/WORK/Dataset/IMG_2024_08_08_11_04_08S/img_49,Я
C:/Users/maill/WORK/Dataset/IMG_2024_08_08_11_04_08S/img_50,полагаю
C:/Users/maill/WORK/Dataset/IMG_2024_08_08_11_04_08S/img_51,что
C:/Users/maill/WORK/Dataset/IMG_2024_08_08_11_04_08S/img_52,в
C:/Users/maill/WORK/Dataset/IMG_2024_08_08_11_04_08S/img_53,этом
C:/Users/maill/WORK/Dataset/IMG_2024_08_08_11_04_08S/img_54,нам
C:/Users/maill/WORK/Dataset/IMG_2024_08_08_11_04_08S/img_55,поможет
C:/Users/maill/WORK/Dataset/IMG_2024_08_08_11_04_08S/img_56,наша
C:/Users/maill/WORK/Dataset/IMG_2024_08_08_11_04_08S/img_57,защитница
C:/Users/maill/WORK/Dataset/IMG_2024_08_08_11_04_08S/img_58,крестьянская
C:/Users/maill/WORK/Dataset/IMG_2024_08_08_11_04_08S/img_59,газета
C:/Users/maill/WORK/Dataset/IMG_2024_08_08_11_04_08S/img_60,Вахлочек
C:/Users/maill/WORK/Dataset/IMG_2024_08_08_11_13_31S/img_1,Ивдальский
C:/Users/maill/WORK/Dataset/IMG_2024_08_08_11_13_31S/img_2,Рай
C:/Users/maill/WORK/Dataset/IMG_2024_08_08_11_13_31S/img_3,Получая
C:/Users/maill/WORK/Dataset/IMG_2024_08_08_11_13_31S/img_4,от
C:/Users/maill/WORK/Dataset/IMG_2024_08_08_11_13_31S/img_5,вас
C:/Users/maill/WORK/Dataset/IMG_2024_08_08_11_13_31S/img_6,Крестьянскую
C:/Users/maill/WORK/Dataset/IMG_2024_08_08_11_13_31S/img_7,газету
C:/Users/maill/WORK/Dataset/IMG_2024_08_08_11_13_31S/img_8,я
C:/Users/maill/WORK/Dataset/IMG_2024_08_08_11_13_31S/img_9,остаюсь
C:/Users/maill/WORK/Dataset/IMG_2024_08_08_11_13_31S/img_10,очень
C:/Users/maill/WORK/Dataset/IMG_2024_08_08_11_13_31S/img_11,не
C:/Users/maill/WORK/Dataset/IMG_2024_08_08_11_13_31S/img_12,доволен
C:/Users/maill/WORK/Dataset/IMG_2024_08_08_11_13_31S/img_13,за
C:/Users/maill/WORK/Dataset/IMG_2024_08_08_11_13_31S/img_14,неакуратную
C:/Users/maill/WORK/Dataset/IMG_2024_08_08_11_13_31S/img_15,разевилку
C:/Users/maill/WORK/Dataset/IMG_2024_08_08_11_13_31S/img_16,например
C:/Users/maill/WORK/Dataset/IMG_2024_08_08_11_13_31S/img_17,получил
C:/Users/maill/WORK/Dataset/IMG_2024_08_08_11_13_31S/img_18,№
C:/Users/maill/WORK/Dataset/IMG_2024_08_08_11_13_31S/img_19,31
C:/Users/maill/WORK/Dataset/IMG_2024_08_08_11_13_31S/img_20,за
C:/Users/maill/WORK/Dataset/IMG_2024_08_08_11_13_31S/img_21,1
C:/Users/maill/WORK/Dataset/IMG_2024_08_08_11_13_31S/img_22,мая
C:/Users/maill/WORK/Dataset/IMG_2024_08_08_11_13_31S/img_23,и
C:/Users/maill/WORK/Dataset/IMG_2024_08_08_11_13_31S/img_24,следующий
C:/Users/maill/WORK/Dataset/IMG_2024_08_08_11_13_31S/img_25,за
C:/Users/maill/WORK/Dataset/IMG_2024_08_08_11_13_31S/img_26,14
C:/Users/maill/WORK/Dataset/IMG_2024_08_08_11_13_31S/img_27,мая
C:/Users/maill/WORK/Dataset/IMG_2024_08_08_11_13_31S/img_28,куда
C:/Users/maill/WORK/Dataset/IMG_2024_08_08_11_13_31S/img_29,все
C:/Users/maill/WORK/Dataset/IMG_2024_08_08_11_13_31S/img_30,два
C:/Users/maill/WORK/Dataset/IMG_2024_08_08_11_13_31S/img_31,номе
C:/Users/maill/WORK/Dataset/IMG_2024_08_08_11_13_31S/img_32,ваше
C:/Users/maill/WORK/Dataset/IMG_2024_08_08_11_13_31S/img_33,№32-33
C:/Users/maill/WORK/Dataset/IMG_2024_08_08_11_13_31S/img_34,если
C:/Users/maill/WORK/Dataset/IMG_2024_08_08_11_13_31S/img_35,ут.
C:/Users/maill/WORK/Dataset/IMG_2024_08_08_11_13_31S/img_36,посылать
C:/Users/maill/WORK/Dataset/IMG_2024_08_08_11_13_31S/img_37,так
C:/Users/maill/WORK/Dataset/IMG_2024_08_08_11_13_31S/img_38,посвелоть
C:/Users/maill/WORK/Dataset/IMG_2024_08_08_11_13_31S/img_39,по
C:/Users/maill/WORK/Dataset/IMG_2024_08_08_11_13_31S/img_40,порядку
C:/Users/maill/WORK/Dataset/IMG_2024_08_08_11_13_31S/img_41,то
C:/Users/maill/WORK/Dataset/IMG_2024_08_08_11_13_31S/img_42,очень
C:/Users/maill/WORK/Dataset/IMG_2024_08_08_11_13_31S/img_43,не
C:/Users/maill/WORK/Dataset/IMG_2024_08_08_11_13_31S/img_44,удобно.
C:/Users/maill/WORK/Dataset/IMG_2024_08_08_11_13_31S/img_45,через
C:/Users/maill/WORK/Dataset/IMG_2024_08_08_11_13_31S/img_46,два
C:/Users/maill/WORK/Dataset/IMG_2024_08_08_11_13_31S/img_47,номера
C:/Users/maill/WORK/Dataset/IMG_2024_08_08_11_13_31S/img_48,третьий
C:/Users/maill/WORK/Dataset/IMG_2024_08_08_11_13_31S/img_49,№
C:/Users/maill/WORK/Dataset/IMG_2024_08_08_11_13_31S/img_50,4877
C:/Users/maill/WORK/Dataset/IMG_2024_08_08_11_13_31S/img_51,22
C:/Users/maill/WORK/Dataset/IMG_2024_08_08_11_13_31S/img_52,мая
C:/Users/maill/WORK/Dataset/IMG_2024_08_08_11_13_31S/img_53,1925
C:/Users/maill/WORK/Dataset/IMG_2024_08_08_11_15_52S/img_1,13
C:/Users/maill/WORK/Dataset/IMG_2024_08_08_11_15_52S/img_2,реданции
C:/Users/maill/WORK/Dataset/IMG_2024_08_08_11_15_52S/img_3,Крестьян
C:/Users/maill/WORK/Dataset/IMG_2024_08_08_11_15_52S/img_4,Газета
C:/Users/maill/WORK/Dataset/IMG_2024_08_08_11_15_52S/img_5,крестьянина
C:/Users/maill/WORK/Dataset/IMG_2024_08_08_11_15_52S/img_6,Тагильского
C:/Users/maill/WORK/Dataset/IMG_2024_08_08_11_15_52S/img_7,округа
C:/Users/maill/WORK/Dataset/IMG_2024_08_08_11_15_52S/img_8,Верхотурского
C:/Users/maill/WORK/Dataset/IMG_2024_08_08_11_15_52S/img_9,района
C:/Users/maill/WORK/Dataset/IMG_2024_08_08_11_15_52S/img_10,дер. Кордюково
C:/Users/maill/WORK/Dataset/IMG_2024_08_08_11_15_52S/img_11,Прокопия
C:/Users/maill/WORK/Dataset/IMG_2024_08_08_11_15_52S/img_12,Михайловича
C:/Users/maill/WORK/Dataset/IMG_2024_08_08_11_15_52S/img_13,Кордюкова
C:/Users/maill/WORK/Dataset/IMG_2024_08_08_11_15_52S/img_14,Разрешите
C:/Users/maill/WORK/Dataset/IMG_2024_08_08_11_15_52S/img_15,наши
C:/Users/maill/WORK/Dataset/IMG_2024_08_08_11_15_52S/img_16,темные
C:/Users/maill/WORK/Dataset/IMG_2024_08_08_11_15_52S/img_17,дела
C:/Users/maill/WORK/Dataset/IMG_2024_08_08_11_15_52S/img_18,у
C:/Users/maill/WORK/Dataset/IMG_2024_08_08_11_15_52S/img_19,меня
C:/Users/maill/WORK/Dataset/IMG_2024_08_08_11_15_52S/img_20,25
C:/Users/maill/WORK/Dataset/IMG_2024_08_08_11_15_52S/img_21,мая
C:/Users/maill/WORK/Dataset/IMG_2024_08_08_11_15_52S/img_22,случилось.
C:/Users/maill/WORK/Dataset/IMG_2024_08_08_11_15_52S/img_23,горестное
C:/Users/maill/WORK/Dataset/IMG_2024_08_08_11_15_52S/img_24,"событие,"
C:/Users/maill/WORK/Dataset/IMG_2024_08_08_11_15_52S/img_25,един
C:/Users/maill/WORK/Dataset/IMG_2024_08_08_11_15_52S/img_26,ственный
C:/Users/maill/WORK/Dataset/IMG_2024_08_08_11_15_52S/img_27,мой
C:/Users/maill/WORK/Dataset/IMG_2024_08_08_11_15_52S/img_28,сын
C:/Users/maill/WORK/Dataset/IMG_2024_08_08_11_15_52S/img_29,уезжал
C:/Users/maill/WORK/Dataset/IMG_2024_08_08_11_15_52S/img_30,в
C:/Users/maill/WORK/Dataset/IMG_2024_08_08_11_15_52S/img_31,деревню
C:/Users/maill/WORK/Dataset/IMG_2024_08_08_11_15_52S/img_32,"отстоящую,"
C:/Users/maill/WORK/Dataset/IMG_2024_08_08_11_15_52S/img_33,от
C:/Users/maill/WORK/Dataset/IMG_2024_08_08_11_15_52S/img_34,нашей
C:/Users/maill/WORK/Dataset/IMG_2024_08_08_11_15_52S/img_35,деревни
C:/Users/maill/WORK/Dataset/IMG_2024_08_08_11_15_52S/img_36,за
C:/Users/maill/WORK/Dataset/IMG_2024_08_08_11_15_52S/img_37,9 верст
C:/Users/maill/WORK/Dataset/IMG_2024_08_08_11_15_52S/img_38,и
C:/Users/maill/WORK/Dataset/IMG_2024_08_08_11_15_52S/img_39,уже
C:/Users/maill/WORK/Dataset/IMG_2024_08_08_11_15_52S/img_40,в
C:/Users/maill/WORK/Dataset/IMG_2024_08_08_11_15_52S/img_41,1 час
C:/Users/maill/WORK/Dataset/IMG_2024_08_08_11_15_52S/img_42,утра
C:/Users/maill/WORK/Dataset/IMG_2024_08_08_11_15_52S/img_43,на
C:/Users/maill/WORK/Dataset/IMG_2024_08_08_11_15_52S/img_44,06
C:/Users/maill/WORK/Dataset/IMG_2024_08_08_11_15_52S/img_45,мая
C:/Users/maill/WORK/Dataset/IMG_2024_08_08_11_15_52S/img_46,он
C:/Users/maill/WORK/Dataset/IMG_2024_08_08_11_15_52S/img_47,был
C:/Users/maill/WORK/Dataset/IMG_2024_08_08_11_15_52S/img_48,найден
C:/Users/maill/WORK/Dataset/IMG_2024_08_08_11_15_52S/img_49,в
C:/Users/maill/WORK/Dataset/IMG_2024_08_08_11_15_52S/img_50,полуверсте.
C:/Users/maill/WORK/Dataset/IMG_2024_08_08_11_15_52S/img_51,от
C:/Users/maill/WORK/Dataset/IMG_2024_08_08_11_15_52S/img_52,нашей
C:/Users/maill/WORK/Dataset/IMG_2024_08_08_11_15_52S/img_53,деревни
C:/Users/maill/WORK/Dataset/IMG_2024_08_08_11_15_52S/img_54,близ
C:/Users/maill/WORK/Dataset/IMG_2024_08_08_11_15_52S/img_55,клад
C:/Users/maill/WORK/Dataset/IMG_2024_08_08_11_15_52S/img_56,бища
C:/Users/maill/WORK/Dataset/IMG_2024_08_08_11_15_52S/img_57,почти
C:/Users/maill/WORK/Dataset/IMG_2024_08_08_11_15_52S/img_58,без
C:/Users/maill/WORK/Dataset/IMG_2024_08_08_11_15_52S/img_59,признаков
C:/Users/maill/WORK/Dataset/IMG_2024_08_08_11_15_52S/img_60,"жизни,"
C:/Users/maill/WORK/Dataset/IMG_2024_08_08_11_15_52S/img_61,а
C:/Users/maill/WORK/Dataset/IMG_2024_08_08_11_15_52S/img_62,лошадь
C:/Users/maill/WORK/Dataset/IMG_2024_08_08_11_15_52S/img_63,на
C:/Users/maill/WORK/Dataset/IMG_2024_08_08_11_15_52S/img_64,кото
C:/Users/maill/WORK/Dataset/IMG_2024_08_08_11_15_52S/img_65,рой
C:/Users/maill/WORK/Dataset/IMG_2024_08_08_11_15_52S/img_66,он
C:/Users/maill/WORK/Dataset/IMG_2024_08_08_11_15_52S/img_67,ездил
C:/Users/maill/WORK/Dataset/IMG_2024_08_08_11_15_52S/img_68,оказалась
C:/Users/maill/WORK/Dataset/IMG_2024_08_08_11_15_52S/img_69,дома.
C:/Users/maill/WORK/Dataset/IMG_2024_08_08_11_15_52S/img_70,и
C:/Users/maill/WORK/Dataset/IMG_2024_08_08_11_15_52S/img_71,в
C:/Users/maill/WORK/Dataset/IMG_2024_08_08_11_15_52S/img_72,тот же
C:/Users/maill/WORK/Dataset/IMG_2024_08_08_11_15_52S/img_73,день
C:/Users/maill/WORK/Dataset/IMG_2024_08_08_11_15_52S/img_74,сын
C:/Users/maill/WORK/Dataset/IMG_2024_08_08_11_15_52S/img_75,мой
C:/Users/maill/WORK/Dataset/IMG_2024_08_08_11_15_52S/img_76,скончалая
C:/Users/maill/WORK/Dataset/IMG_2024_08_08_11_15_52S/img_77,ни
C:/Users/maill/WORK/Dataset/IMG_2024_08_08_11_15_52S/img_78,сказал
C:/Users/maill/WORK/Dataset/IMG_2024_08_08_11_15_52S/img_79,ни
C:/Users/maill/WORK/Dataset/IMG_2024_08_08_11_15_52S/img_80,слова
C:/Users/maill/WORK/Dataset/IMG_2024_08_08_11_15_52S/img_81,и
C:/Users/maill/WORK/Dataset/IMG_2024_08_08_11_15_52S/img_82,ни
C:/Users/maill/WORK/Dataset/IMG_2024_08_08_11_15_52S/img_83,приходил
C:/Users/maill/WORK/Dataset/IMG_2024_08_08_11_26_04S/img_1,г. Свердловск
C:/Users/maill/WORK/Dataset/IMG_2024_08_08_11_26_04S/img_2,Дом
C:/Users/maill/WORK/Dataset/IMG_2024_08_08_11_26_04S/img_3,Крестьянина
C:/Users/maill/WORK/Dataset/IMG_2024_08_08_11_26_04S/img_4,Редакция
C:/Users/maill/WORK/Dataset/IMG_2024_08_08_11_26_04S/img_5,Ураль
C:/Users/maill/WORK/Dataset/IMG_2024_08_08_11_26_04S/img_6,ской
C:/Users/maill/WORK/Dataset/IMG_2024_08_08_11_26_04S/img_7,крестьянской
C:/Users/maill/WORK/Dataset/IMG_2024_08_08_11_26_04S/img_8,газеты
C:/Users/maill/WORK/Dataset/IMG_2024_08_08_11_26_04S/img_9,Шд
C:/Users/maill/WORK/Dataset/IMG_2024_08_08_11_26_04S/img_10,-
C:/Users/maill/WORK/Dataset/IMG_2024_08_08_11_26_04S/img_11,К
C:/Users/maill/WORK/Dataset/IMG_2024_08_08_11_26_04S/img_12,55
C:/Users/maill/WORK/Dataset/IMG_2024_08_08_11_32_04S/img_1,от
C:/Users/maill/WORK/Dataset/IMG_2024_08_08_11_32_04S/img_2,селькора
C:/Users/maill/WORK/Dataset/IMG_2024_08_08_11_32_04S/img_3,Махиила
C:/Users/maill/WORK/Dataset/IMG_2024_08_08_11_32_04S/img_4,Еримова
C:/Users/maill/WORK/Dataset/IMG_2024_08_08_11_32_04S/img_5,знак
C:/Users/maill/WORK/Dataset/IMG_2024_08_08_11_32_04S/img_6,К.
C:/Users/maill/WORK/Dataset/IMG_2024_08_08_11_32_04S/img_7,П
C:/Users/maill/WORK/Dataset/IMG_2024_08_08_11_32_04S/img_8, - 
C:/Users/maill/WORK/Dataset/IMG_2024_08_08_11_32_04S/img_9,56
C:/Users/maill/WORK/Dataset/IMG_2024_08_08_11_32_04S/img_10,за
C:/Users/maill/WORK/Dataset/IMG_2024_08_08_11_32_04S/img_11,№
C:/Users/maill/WORK/Dataset/IMG_2024_08_08_11_32_04S/img_12,6
C:/Users/maill/WORK/Dataset/IMG_2024_08_08_11_32_04S/img_13,Артинск
C:/Users/maill/WORK/Dataset/IMG_2024_08_08_11_32_04S/img_14,в
C:/Users/maill/WORK/Dataset/IMG_2024_08_08_11_32_04S/img_15,крестьянску
C:/Users/maill/WORK/Dataset/IMG_2024_08_08_11_32_04S/img_16,Газету
C:/Users/maill/WORK/Dataset/IMG_2024_08_08_11_32_04S/img_17,Присем
C:/Users/maill/WORK/Dataset/IMG_2024_08_08_11_32_04S/img_18,предпровождется
C:/Users/maill/WORK/Dataset/IMG_2024_08_08_11_32_04S/img_19,разъяснение
C:/Users/maill/WORK/Dataset/IMG_2024_08_08_11_32_04S/img_20,о 
C:/Users/maill/WORK/Dataset/IMG_2024_08_08_11_32_04S/img_21,том
C:/Users/maill/WORK/Dataset/IMG_2024_08_08_11_32_04S/img_22,что
C:/Users/maill/WORK/Dataset/IMG_2024_08_08_11_32_04S/img_23,где
C:/Users/maill/WORK/Dataset/IMG_2024_08_08_11_32_04S/img_24,достать
C:/Users/maill/WORK/Dataset/IMG_2024_08_08_11_32_04S/img_25,кредита
C:/Users/maill/WORK/Dataset/IMG_2024_08_08_11_32_04S/img_26,для
C:/Users/maill/WORK/Dataset/IMG_2024_08_08_11_32_04S/img_27,организацый
C:/Users/maill/WORK/Dataset/IMG_2024_08_08_11_32_04S/img_28,как
C:/Users/maill/WORK/Dataset/IMG_2024_08_08_11_32_04S/img_29,либо
C:/Users/maill/WORK/Dataset/IMG_2024_08_08_11_32_04S/img_30,и
C:/Users/maill/WORK/Dataset/IMG_2024_08_08_11_32_04S/img_31,какую
C:/Users/maill/WORK/Dataset/IMG_2024_08_08_11_32_04S/img_32,сумму
C:/Users/maill/WORK/Dataset/IMG_2024_08_08_11_32_04S/img_33,и
C:/Users/maill/WORK/Dataset/IMG_2024_08_08_11_32_04S/img_34,накакой
C:/Users/maill/WORK/Dataset/IMG_2024_08_08_11_32_04S/img_35,и
C:/Users/maill/WORK/Dataset/IMG_2024_08_08_11_32_04S/img_36,затем
C:/Users/maill/WORK/Dataset/IMG_2024_08_08_11_32_04S/img_37,отом
C:/Users/maill/WORK/Dataset/IMG_2024_08_08_11_32_04S/img_38,что
C:/Users/maill/WORK/Dataset/IMG_2024_08_08_11_32_04S/img_39,граж-не
C:/Users/maill/WORK/Dataset/IMG_2024_08_08_11_32_04S/img_40,Убили
C:/Users/maill/WORK/Dataset/IMG_2024_08_08_11_32_04S/img_41,Патрака
C:/Users/maill/WORK/Dataset/IMG_2024_08_08_11_32_04S/img_42,и
C:/Users/maill/WORK/Dataset/IMG_2024_08_08_11_32_04S/img_43,их
C:/Users/maill/WORK/Dataset/IMG_2024_08_08_11_32_04S/img_44,отступили
C:/Users/maill/WORK/Dataset/IMG_2024_08_08_11_32_04S/img_45,тно
C:/Users/maill/WORK/Dataset/IMG_2024_08_08_11_32_04S/img_46,домой
C:/Users/maill/WORK/Dataset/IMG_2024_08_08_11_32_04S/img_47,и
C:/Users/maill/WORK/Dataset/IMG_2024_08_08_11_32_04S/img_48,они
C:/Users/maill/WORK/Dataset/IMG_2024_08_08_11_32_04S/img_49,опять
C:/Users/maill/WORK/Dataset/IMG_2024_08_08_11_32_04S/img_50,труют
C:/Users/maill/WORK/Dataset/IMG_2024_08_08_11_32_04S/img_51,Селькор 
C:/Users/maill/WORK/Dataset/IMG_2024_08_08_11_32_04S/img_52,Пономарев
C:/Users/maill/WORK/Dataset/IMG_2024_08_08_11_32_04S/img_53,22/
C:/Users/maill/WORK/Dataset/IMG_2024_08_08_11_32_04S/img_54,IX
C:/Users/maill/WORK/Dataset/IMG_2024_08_08_11_32_04S/img_55,26
C:/Users/maill/WORK/Dataset/IMG_2024_08_08_11_33_22S/img_1,уловный
C:/Users/maill/WORK/Dataset/IMG_2024_08_08_11_33_22S/img_2,знак
C:/Users/maill/WORK/Dataset/IMG_2024_08_08_11_33_22S/img_3,К
C:/Users/maill/WORK/Dataset/IMG_2024_08_08_11_33_22S/img_4,Н
C:/Users/maill/WORK/Dataset/IMG_2024_08_08_11_33_22S/img_5,П
C:/Users/maill/WORK/Dataset/IMG_2024_08_08_11_33_22S/img_6,=
C:/Users/maill/WORK/Dataset/IMG_2024_08_08_11_33_22S/img_7,56
C:/Users/maill/WORK/Dataset/IMG_2024_08_08_11_34_35S/img_1,Нарушители 
C:/Users/maill/WORK/Dataset/IMG_2024_08_08_11_34_35S/img_2,Закона
C:/Users/maill/WORK/Dataset/IMG_2024_08_08_11_34_35S/img_3,Несмотря 
C:/Users/maill/WORK/Dataset/IMG_2024_08_08_11_34_35S/img_4,нина 
C:/Users/maill/WORK/Dataset/IMG_2024_08_08_11_34_35S/img_5,что 
C:/Users/maill/WORK/Dataset/IMG_2024_08_08_11_34_35S/img_6,сколько 
C:/Users/maill/WORK/Dataset/IMG_2024_08_08_11_34_35S/img_7,Уральской 
C:/Users/maill/WORK/Dataset/IMG_2024_08_08_11_34_35S/img_8,облисполком 
C:/Users/maill/WORK/Dataset/IMG_2024_08_08_11_34_35S/img_9,издал 
C:/Users/maill/WORK/Dataset/IMG_2024_08_08_11_34_35S/img_10,распоряжения
C:/Users/maill/WORK/Dataset/IMG_2024_08_08_11_34_35S/img_11,и
C:/Users/maill/WORK/Dataset/IMG_2024_08_08_11_34_35S/img_12,выпустил 
C:/Users/maill/WORK/Dataset/IMG_2024_08_08_11_34_35S/img_13,декрет 
C:/Users/maill/WORK/Dataset/IMG_2024_08_08_11_34_35S/img_14,по 
C:/Users/maill/WORK/Dataset/IMG_2024_08_08_11_34_35S/img_15,борбе 
C:/Users/maill/WORK/Dataset/IMG_2024_08_08_11_34_35S/img_16,с 
C:/Users/maill/WORK/Dataset/IMG_2024_08_08_11_34_35S/img_17,хулиганством
C:/Users/maill/WORK/Dataset/IMG_2024_08_08_11_34_35S/img_18,но 
C:/Users/maill/WORK/Dataset/IMG_2024_08_08_11_34_35S/img_19,печальная 
C:/Users/maill/WORK/Dataset/IMG_2024_08_08_11_34_35S/img_20,картина 
C:/Users/maill/WORK/Dataset/IMG_2024_08_08_11_34_35S/img_21,у
C:/Users/maill/WORK/Dataset/IMG_2024_08_08_11_34_35S/img_22,нас 
C:/Users/maill/WORK/Dataset/IMG_2024_08_08_11_34_35S/img_23,получается
C:/Users/maill/WORK/Dataset/IMG_2024_08_08_11_34_35S/img_24,В 
C:/Users/maill/WORK/Dataset/IMG_2024_08_08_11_34_35S/img_25,Чебаркульском 
C:/Users/maill/WORK/Dataset/IMG_2024_08_08_11_34_35S/img_26,с/сов. 
C:/Users/maill/WORK/Dataset/IMG_2024_08_08_11_34_35S/img_27,Мидской 
C:/Users/maill/WORK/Dataset/IMG_2024_08_08_11_34_35S/img_28,рик 
C:/Users/maill/WORK/Dataset/IMG_2024_08_08_11_34_35S/img_29,Злат. 
C:/Users/maill/WORK/Dataset/IMG_2024_08_08_11_34_35S/img_30,окр
C:/Users/maill/WORK/Dataset/IMG_2024_08_08_11_34_35S/img_31,малолеткам 
C:/Users/maill/WORK/Dataset/IMG_2024_08_08_11_34_35S/img_32,в 
C:/Users/maill/WORK/Dataset/IMG_2024_08_08_11_34_35S/img_33,праздник 
C:/Users/maill/WORK/Dataset/IMG_2024_08_08_11_34_35S/img_34,Чебарк 
C:/Users/maill/WORK/Dataset/IMG_2024_08_08_11_34_35S/img_35,Сейретения
C:/Users/maill/WORK/Dataset/IMG_2024_08_08_11_34_35S/img_36,вино 
C:/Users/maill/WORK/Dataset/IMG_2024_08_08_11_34_35S/img_37,и
C:/Users/maill/WORK/Dataset/IMG_2024_08_08_11_34_35S/img_38,казенной 
C:/Users/maill/WORK/Dataset/IMG_2024_08_08_11_34_35S/img_39,лавки 
C:/Users/maill/WORK/Dataset/IMG_2024_08_08_11_34_35S/img_40,откупалось 
C:/Users/maill/WORK/Dataset/IMG_2024_08_08_11_34_35S/img_41,и
C:/Users/maill/WORK/Dataset/IMG_2024_08_08_11_34_35S/img_42,сколь-
C:/Users/maill/WORK/Dataset/IMG_2024_08_08_11_34_35S/img_43,Ко 
C:/Users/maill/WORK/Dataset/IMG_2024_08_08_11_34_35S/img_44,угодно 
C:/Users/maill/WORK/Dataset/IMG_2024_08_08_11_34_35S/img_45,и 
C:/Users/maill/WORK/Dataset/IMG_2024_08_08_11_34_35S/img_46,пяным 
C:/Users/maill/WORK/Dataset/IMG_2024_08_08_11_34_35S/img_47,мужикам 
C:/Users/maill/WORK/Dataset/IMG_2024_08_08_11_34_35S/img_48,тоже 
C:/Users/maill/WORK/Dataset/IMG_2024_08_08_11_34_35S/img_49,самое
C:/Users/maill/WORK/Dataset/IMG_2024_08_08_11_34_35S/img_50,События 
C:/Users/maill/WORK/Dataset/IMG_2024_08_08_11_34_35S/img_51,праздники
C:/Users/maill/WORK/Dataset/IMG_2024_08_08_11_34_35S/img_52,дети 
C:/Users/maill/WORK/Dataset/IMG_2024_08_08_11_34_35S/img_53,школьного 
C:/Users/maill/WORK/Dataset/IMG_2024_08_08_11_34_35S/img_54,возроста 
C:/Users/maill/WORK/Dataset/IMG_2024_08_08_11_34_35S/img_55,на 
C:/Users/maill/WORK/Dataset/IMG_2024_08_08_11_34_35S/img_56,любой 
C:/Users/maill/WORK/Dataset/IMG_2024_08_08_11_34_35S/img_57,улице
C:/Users/maill/WORK/Dataset/IMG_2024_08_08_11_34_35S/img_58,можно 
C:/Users/maill/WORK/Dataset/IMG_2024_08_08_11_34_35S/img_59,было 
C:/Users/maill/WORK/Dataset/IMG_2024_08_08_11_34_35S/img_60,увадешь 
C:/Users/maill/WORK/Dataset/IMG_2024_08_08_11_34_35S/img_61,совершенно 
C:/Users/maill/WORK/Dataset/IMG_2024_08_08_11_34_35S/img_62,без 
C:/Users/maill/WORK/Dataset/IMG_2024_08_08_11_34_35S/img_63,сознания
C:/Users/maill/WORK/Dataset/IMG_2024_08_08_11_34_35S/img_64,Самогонился 
C:/Users/maill/WORK/Dataset/IMG_2024_08_08_11_34_35S/img_65,рекой 
C:/Users/maill/WORK/Dataset/IMG_2024_08_08_11_34_35S/img_66,хотя 
C:/Users/maill/WORK/Dataset/IMG_2024_08_08_11_34_35S/img_67,уже 
C:/Users/maill/WORK/Dataset/IMG_2024_08_08_11_34_35S/img_68,сообщялось
C:/Users/maill/WORK/Dataset/IMG_2024_08_08_11_34_35S/img_69,в 
C:/Users/maill/WORK/Dataset/IMG_2024_08_08_11_34_35S/img_70,нашей 
C:/Users/maill/WORK/Dataset/IMG_2024_08_08_11_34_35S/img_71,газете 
C:/Users/maill/WORK/Dataset/IMG_2024_08_08_11_34_35S/img_72,что 
C:/Users/maill/WORK/Dataset/IMG_2024_08_08_11_34_35S/img_73,многие 
C:/Users/maill/WORK/Dataset/IMG_2024_08_08_11_34_35S/img_74,потриктору 
C:/Users/maill/WORK/Dataset/IMG_2024_08_08_11_34_35S/img_75,пропил
C:/Users/maill/WORK/Dataset/IMG_2024_08_08_11_35_38S/img_1,но
C:/Users/maill/WORK/Dataset/IMG_2024_08_08_11_35_38S/img_2,и
C:/Users/maill/WORK/Dataset/IMG_2024_08_08_11_35_38S/img_3,наши
C:/Users/maill/WORK/Dataset/IMG_2024_08_08_11_35_38S/img_4,чебаркульцы
C:/Users/maill/WORK/Dataset/IMG_2024_08_08_11_35_38S/img_5,неподкачали
C:/Users/maill/WORK/Dataset/IMG_2024_08_08_11_35_38S/img_6,поумешило
C:/Users/maill/WORK/Dataset/IMG_2024_08_08_11_35_38S/img_7,хулигины
C:/Users/maill/WORK/Dataset/IMG_2024_08_08_11_35_38S/img_8,то же
C:/Users/maill/WORK/Dataset/IMG_2024_08_08_11_35_38S/img_9,ходили
C:/Users/maill/WORK/Dataset/IMG_2024_08_08_11_35_38S/img_10,ток
C:/Users/maill/WORK/Dataset/IMG_2024_08_08_11_35_38S/img_11,одному
C:/Users/maill/WORK/Dataset/IMG_2024_08_08_11_35_38S/img_12,гр.
C:/Users/maill/WORK/Dataset/IMG_2024_08_08_11_35_38S/img_13,проежающему
C:/Users/maill/WORK/Dataset/IMG_2024_08_08_11_35_38S/img_14,свиснули
C:/Users/maill/WORK/Dataset/IMG_2024_08_08_11_35_38S/img_15,по голове
C:/Users/maill/WORK/Dataset/IMG_2024_08_08_11_35_38S/img_16,и
C:/Users/maill/WORK/Dataset/IMG_2024_08_08_11_35_38S/img_17,проломили
C:/Users/maill/WORK/Dataset/IMG_2024_08_08_11_35_38S/img_18,голову
C:/Users/maill/WORK/Dataset/IMG_2024_08_08_11_35_38S/img_19,и
C:/Users/maill/WORK/Dataset/IMG_2024_08_08_11_35_38S/img_20,последний
C:/Users/maill/WORK/Dataset/IMG_2024_08_08_11_35_38S/img_21,как
C:/Users/maill/WORK/Dataset/IMG_2024_08_08_11_35_38S/img_22,приежий
C:/Users/maill/WORK/Dataset/IMG_2024_08_08_11_35_38S/img_23,не дознался
C:/Users/maill/WORK/Dataset/IMG_2024_08_08_11_35_38S/img_24,только
C:/Users/maill/WORK/Dataset/IMG_2024_08_08_11_35_38S/img_25,сразбитой
C:/Users/maill/WORK/Dataset/IMG_2024_08_08_11_35_38S/img_26,головой
C:/Users/maill/WORK/Dataset/IMG_2024_08_08_11_35_38S/img_27,сходил
C:/Users/maill/WORK/Dataset/IMG_2024_08_08_11_35_38S/img_28,на
C:/Users/maill/WORK/Dataset/IMG_2024_08_08_11_35_38S/img_29,перевязку
C:/Users/maill/WORK/Dataset/IMG_2024_08_08_11_35_38S/img_30,к
C:/Users/maill/WORK/Dataset/IMG_2024_08_08_11_35_38S/img_31,фельшеру
C:/Users/maill/WORK/Dataset/IMG_2024_08_08_11_35_38S/img_32,и
C:/Users/maill/WORK/Dataset/IMG_2024_08_08_11_35_38S/img_33,тем
C:/Users/maill/WORK/Dataset/IMG_2024_08_08_11_35_38S/img_34,как
C:/Users/maill/WORK/Dataset/IMG_2024_08_08_11_35_38S/img_35,шло
C:/Users/maill/WORK/Dataset/IMG_2024_08_08_11_35_38S/img_36,св.
C:/Users/maill/WORK/Dataset/IMG_2024_08_08_11_35_38S/img_37,гр.
C:/Users/maill/WORK/Dataset/IMG_2024_08_08_11_35_38S/img_38,Багачева
C:/Users/maill/WORK/Dataset/IMG_2024_08_08_11_35_38S/img_39,Николая
C:/Users/maill/WORK/Dataset/IMG_2024_08_08_11_35_38S/img_40,схозяйкой
C:/Users/maill/WORK/Dataset/IMG_2024_08_08_11_35_38S/img_41,при
C:/Users/maill/WORK/Dataset/IMG_2024_08_08_11_35_38S/img_42,осмотре
C:/Users/maill/WORK/Dataset/IMG_2024_08_08_11_35_38S/img_43,фельшаром
C:/Users/maill/WORK/Dataset/IMG_2024_08_08_11_35_38S/img_44,оказалась
C:/Users/maill/WORK/Dataset/IMG_2024_08_08_11_35_38S/img_45,сломано
C:/Users/maill/WORK/Dataset/IMG_2024_08_08_11_35_38S/img_46,переносье
C:/Users/maill/WORK/Dataset/IMG_2024_08_08_11_35_38S/img_47,и
C:/Users/maill/WORK/Dataset/IMG_2024_08_08_11_35_38S/img_48,поврежденой
C:/Users/maill/WORK/Dataset/IMG_2024_08_08_11_35_38S/img_49,глаз
C:/Users/maill/WORK/Dataset/IMG_2024_08_08_11_35_38S/img_50,и
C:/Users/maill/WORK/Dataset/IMG_2024_08_08_11_35_38S/img_51,голова
C:/Users/maill/WORK/Dataset/IMG_2024_08_08_11_35_38S/img_52,изломана
C:/Users/maill/WORK/Dataset/IMG_2024_08_08_11_35_38S/img_53,внескольких
C:/Users/maill/WORK/Dataset/IMG_2024_08_08_11_35_38S/img_54,местах
C:/Users/maill/WORK/Dataset/IMG_2024_08_08_11_35_38S/img_55,Кличка
C:/Users/maill/WORK/Dataset/IMG_2024_08_08_11_35_38S/img_56,Кошигин
C:/Users/maill/WORK/Dataset/IMG_2024_08_08_11_35_38S/img_57,Михаил
C:/Users/maill/WORK/Dataset/IMG_2024_08_08_11_35_38S/img_58,Петров
C:/Users/maill/WORK/Dataset/IMG_2024_08_08_11_58_41S/img_1,В
C:/Users/maill/WORK/Dataset/IMG_2024_08_08_11_58_41S/img_2,областную
C:/Users/maill/WORK/Dataset/IMG_2024_08_08_11_58_41S/img_3,Крестьянскую
C:/Users/maill/WORK/Dataset/IMG_2024_08_08_11_58_41S/img_4,газету
C:/Users/maill/WORK/Dataset/IMG_2024_08_08_11_58_41S/img_5,г. Свердловск
C:/Users/maill/WORK/Dataset/IMG_2024_08_08_11_58_41S/img_6,26
C:/Users/maill/WORK/Dataset/IMG_2024_08_08_11_58_41S/img_7,января
C:/Users/maill/WORK/Dataset/IMG_2024_08_08_11_58_41S/img_8,1926
C:/Users/maill/WORK/Dataset/IMG_2024_08_08_11_58_41S/img_9,Посылаю
C:/Users/maill/WORK/Dataset/IMG_2024_08_08_11_58_41S/img_10,для
C:/Users/maill/WORK/Dataset/IMG_2024_08_08_11_58_41S/img_11,Уральск
C:/Users/maill/WORK/Dataset/IMG_2024_08_08_11_58_41S/img_12,областной
C:/Users/maill/WORK/Dataset/IMG_2024_08_08_11_58_41S/img_13,крестьянск
C:/Users/maill/WORK/Dataset/IMG_2024_08_08_11_58_41S/img_14,газеты
C:/Users/maill/WORK/Dataset/IMG_2024_08_08_11_58_41S/img_15,заметку:
C:/Users/maill/WORK/Dataset/IMG_2024_08_08_11_58_41S/img_16,сынки
C:/Users/maill/WORK/Dataset/IMG_2024_08_08_11_58_41S/img_17,и
C:/Users/maill/WORK/Dataset/IMG_2024_08_08_11_58_41S/img_18,"пасынки"""
C:/Users/maill/WORK/Dataset/IMG_2024_08_08_12_03_16S/img_1,Адрес
C:/Users/maill/WORK/Dataset/IMG_2024_08_08_12_03_16S/img_2,мой:
C:/Users/maill/WORK/Dataset/IMG_2024_08_08_12_03_16S/img_3,гр
C:/Users/maill/WORK/Dataset/IMG_2024_08_08_12_03_16S/img_4,Кыштымско
C:/Users/maill/WORK/Dataset/IMG_2024_08_08_12_03_16S/img_5,Завод
C:/Users/maill/WORK/Dataset/IMG_2024_08_08_12_03_16S/img_6,свердловского
C:/Users/maill/WORK/Dataset/IMG_2024_08_08_12_03_16S/img_7,округа
C:/Users/maill/WORK/Dataset/IMG_2024_08_08_12_03_16S/img_8,проживаю
C:/Users/maill/WORK/Dataset/IMG_2024_08_08_12_03_16S/img_9,в
C:/Users/maill/WORK/Dataset/IMG_2024_08_08_12_03_16S/img_10,селе
C:/Users/maill/WORK/Dataset/IMG_2024_08_08_12_03_16S/img_11,булзи
C:/Users/maill/WORK/Dataset/IMG_2024_08_08_12_03_16S/img_12,Кослинского
C:/Users/maill/WORK/Dataset/IMG_2024_08_08_12_03_16S/img_13,раиона
C:/Users/maill/WORK/Dataset/IMG_2024_08_08_12_03_16S/img_15,округа
C:/Users/maill/WORK/Dataset/IMG_2024_08_08_12_03_16S/img_16,Коренькова
C:/Users/maill/WORK/Dataset/IMG_2024_08_08_12_03_16S/img_17,Елизавета
C:/Users/maill/WORK/Dataset/IMG_2024_08_08_12_03_16S/img_18,Григорьевна
C:/Users/maill/WORK/Dataset/IMG_2024_08_08_12_03_16S/img_19,Уральская
C:/Users/maill/WORK/Dataset/IMG_2024_08_08_12_03_16S/img_20,Областная
C:/Users/maill/WORK/Dataset/IMG_2024_08_08_12_03_16S/img_21,Крестьянская Газета.
C:/Users/maill/WORK/Dataset/IMG_2024_08_08_12_03_16S/img_22,№
C:/Users/maill/WORK/Dataset/IMG_2024_08_08_12_03_16S/img_23,1692
C:/Users/maill/WORK/Dataset/IMG_2024_08_08_12_03_16S/img_24,9
C:/Users/maill/WORK/Dataset/IMG_2024_08_08_12_03_16S/img_25,IV
C:/Users/maill/WORK/Dataset/IMG_2024_08_08_12_03_16S/img_26,1926
C:/Users/maill/WORK/Dataset/IMG_2024_08_08_12_03_16S/img_27,г.
C:/Users/maill/WORK/Dataset/IMG_2024_08_08_12_03_16S/img_28,Свердловская
C:/Users/maill/WORK/Dataset/IMG_2024_08_08_12_03_16S/img_30,На расследование
C:/Users/maill/WORK/Dataset/IMG_2024_08_08_12_03_16S/img_31,Cекретно.
C:/Users/maill/WORK/Dataset/IMG_2024_08_08_12_03_16S/img_32,Разглашание
C:/Users/maill/WORK/Dataset/IMG_2024_08_08_12_03_16S/img_33,фамилии
C:/Users/maill/WORK/Dataset/IMG_2024_08_08_12_03_16S/img_34,селькора
C:/Users/maill/WORK/Dataset/IMG_2024_08_08_12_03_16S/img_35,уголовное
C:/Users/maill/WORK/Dataset/IMG_2024_08_08_12_03_16S/img_36,преступление
C:/Users/maill/WORK/Dataset/IMG_2024_08_08_12_03_16S/img_37,О
C:/Users/maill/WORK/Dataset/IMG_2024_08_08_12_03_16S/img_38,результате
C:/Users/maill/WORK/Dataset/IMG_2024_08_08_12_03_16S/img_39,просьба
C:/Users/maill/WORK/Dataset/IMG_2024_08_08_12_03_16S/img_40,сообщить
C:/Users/maill/WORK/Dataset/IMG_2024_08_08_12_03_16S/img_41,с
C:/Users/maill/WORK/Dataset/IMG_2024_08_08_12_03_16S/img_42,возвратом
C:/Users/maill/WORK/Dataset/IMG_2024_08_08_12_03_16S/img_43,этого
C:/Users/maill/WORK/Dataset/IMG_2024_08_08_12_03_16S/img_44,письма.
C:/Users/maill/WORK/Dataset/IMG_2024_08_08_12_03_16S/img_45,Завед.
C:/Users/maill/WORK/Dataset/IMG_2024_08_08_12_03_16S/img_46,Отд.
C:/Users/maill/WORK/Dataset/IMG_2024_08_08_12_03_16S/img_47,Крестьянских
C:/Users/maill/WORK/Dataset/IMG_2024_08_08_12_03_16S/img_48,писем
C:/Users/maill/WORK/Dataset/IMG_2024_08_08_12_03_16S/img_49,Пав.
C:/Users/maill/WORK/Dataset/IMG_2024_08_08_12_03_16S/img_50,Бажов
C:/Users/maill/WORK/Dataset/IMG_2024_08_08_12_34_52S/img_1,и
C:/Users/maill/WORK/Dataset/IMG_2024_08_08_12_34_52S/img_2,сходах
C:/Users/maill/WORK/Dataset/IMG_2024_08_08_12_34_52S/img_3,беднота
C:/Users/maill/WORK/Dataset/IMG_2024_08_08_12_34_52S/img_4,откликнись
C:/Users/maill/WORK/Dataset/IMG_2024_08_08_12_34_52S/img_5,против
C:/Users/maill/WORK/Dataset/IMG_2024_08_08_12_34_52S/img_6,кулака
C:/Users/maill/WORK/Dataset/IMG_2024_08_08_12_34_52S/img_7,эксплотарю
C:/Users/maill/WORK/Dataset/IMG_2024_08_08_12_34_52S/img_8,ра
C:/Users/maill/WORK/Dataset/IMG_2024_08_08_12_34_52S/img_9,Авторъ
C:/Users/maill/WORK/Dataset/IMG_2024_08_08_12_34_52S/img_10,писма
C:/Users/maill/WORK/Dataset/IMG_2024_08_08_12_34_52S/img_11,Граждание
C:/Users/maill/WORK/Dataset/IMG_2024_08_08_12_34_52S/img_12,той
C:/Users/maill/WORK/Dataset/IMG_2024_08_08_12_34_52S/img_13,же
C:/Users/maill/WORK/Dataset/IMG_2024_08_08_12_34_52S/img_14,деревни
C:/Users/maill/WORK/Dataset/IMG_2024_08_08_12_34_52S/img_15,Д.В-пещер.
C:/Users/maill/WORK/Dataset/IMG_2024_08_08_12_34_52S/img_16,Гореки
C:/Users/maill/WORK/Dataset/IMG_2024_08_08_12_34_52S/img_17,сель
C:/Users/maill/WORK/Dataset/IMG_2024_08_08_12_34_52S/img_18,совет
C:/Users/maill/WORK/Dataset/IMG_2024_08_08_12_34_52S/img_19,Осин.
C:/Users/maill/WORK/Dataset/IMG_2024_08_08_12_34_52S/img_20,Рай
C:/Users/maill/WORK/Dataset/IMG_2024_08_08_12_34_52S/img_21,Тимофеи
C:/Users/maill/WORK/Dataset/IMG_2024_08_08_12_34_52S/img_22,Григорьвич
C:/Users/maill/WORK/Dataset/IMG_2024_08_08_12_34_52S/img_23,Шестаков
C:/Users/maill/WORK/Dataset/IMG_2024_08_08_13_01_35S/img_1,В
C:/Users/maill/WORK/Dataset/IMG_2024_08_08_13_01_35S/img_2,редакцию
C:/Users/maill/WORK/Dataset/IMG_2024_08_08_13_01_35S/img_3,Уральской
C:/Users/maill/WORK/Dataset/IMG_2024_08_08_13_01_35S/img_4,Крестьянской
C:/Users/maill/WORK/Dataset/IMG_2024_08_08_13_01_35S/img_5,"газеты"""
C:/Users/maill/WORK/Dataset/IMG_2024_08_08_13_01_35S/img_6,от
C:/Users/maill/WORK/Dataset/IMG_2024_08_08_13_01_35S/img_7,секретаря
C:/Users/maill/WORK/Dataset/IMG_2024_08_08_13_01_35S/img_8,Ярсковского
C:/Users/maill/WORK/Dataset/IMG_2024_08_08_13_01_35S/img_9,района
C:/Users/maill/WORK/Dataset/IMG_2024_08_08_13_01_35S/img_10,Тюм
C:/Users/maill/WORK/Dataset/IMG_2024_08_08_13_01_35S/img_11,окр.
C:/Users/maill/WORK/Dataset/IMG_2024_08_08_13_01_35S/img_12,Деловое
C:/Users/maill/WORK/Dataset/IMG_2024_08_08_13_01_35S/img_13,собрание
C:/Users/maill/WORK/Dataset/IMG_2024_08_08_13_01_35S/img_14,В.С.
C:/Users/maill/WORK/Dataset/IMG_2024_08_08_13_01_35S/img_15,Кузнецком
C:/Users/maill/WORK/Dataset/IMG_2024_08_08_13_01_35S/img_16,Квиштинского
C:/Users/maill/WORK/Dataset/IMG_2024_08_08_13_01_35S/img_17,района
C:/Users/maill/WORK/Dataset/IMG_2024_08_08_13_01_35S/img_18,Св.
C:/Users/maill/WORK/Dataset/IMG_2024_08_08_13_01_35S/img_19,окр.
C:/Users/maill/WORK/Dataset/IMG_2024_08_08_13_01_35S/img_20,11
C:/Users/maill/WORK/Dataset/IMG_2024_08_08_13_01_35S/img_21,июня
C:/Users/maill/WORK/Dataset/IMG_2024_08_08_13_01_35S/img_22,Сельсоветом
C:/Users/maill/WORK/Dataset/IMG_2024_08_08_13_01_35S/img_23,было
C:/Users/maill/WORK/Dataset/IMG_2024_08_08_13_01_35S/img_24,созвано
C:/Users/maill/WORK/Dataset/IMG_2024_08_08_13_01_35S/img_25,общее
C:/Users/maill/WORK/Dataset/IMG_2024_08_08_13_01_35S/img_26,собр.
C:/Users/maill/WORK/Dataset/IMG_2024_08_08_13_01_35S/img_27,гр-н.
C:/Users/maill/WORK/Dataset/IMG_2024_08_08_13_01_35S/img_28,Присутствовало
C:/Users/maill/WORK/Dataset/IMG_2024_08_08_13_01_35S/img_29,113
C:/Users/maill/WORK/Dataset/IMG_2024_08_08_13_01_35S/img_30,человек
C:/Users/maill/WORK/Dataset/IMG_2024_08_08_13_01_35S/img_31,Повестка
C:/Users/maill/WORK/Dataset/IMG_2024_08_08_13_01_35S/img_32,дня
C:/Users/maill/WORK/Dataset/IMG_2024_08_08_13_01_35S/img_33,состояла
C:/Users/maill/WORK/Dataset/IMG_2024_08_08_13_01_35S/img_34,из
C:/Users/maill/WORK/Dataset/IMG_2024_08_08_13_01_35S/img_35,5
C:/Users/maill/WORK/Dataset/IMG_2024_08_08_13_01_35S/img_36,вопросов
C:/Users/maill/WORK/Dataset/IMG_2024_08_08_13_01_35S/img_37,из
C:/Users/maill/WORK/Dataset/IMG_2024_08_08_13_01_35S/img_38,коих
C:/Users/maill/WORK/Dataset/IMG_2024_08_08_13_01_35S/img_39,3
C:/Users/maill/WORK/Dataset/IMG_2024_08_08_13_01_35S/img_40,дополнено
C:/Users/maill/WORK/Dataset/IMG_2024_08_08_13_01_35S/img_41,самом
C:/Users/maill/WORK/Dataset/IMG_2024_08_08_13_01_35S/img_42,собранием
C:/Users/maill/WORK/Dataset/IMG_2024_08_08_13_01_35S/img_43,Вопросы
C:/Users/maill/WORK/Dataset/IMG_2024_08_08_13_01_35S/img_44,были:
C:/Users/maill/WORK/Dataset/IMG_2024_08_08_13_01_35S/img_45,отчет
C:/Users/maill/WORK/Dataset/IMG_2024_08_08_13_01_35S/img_46,выкупе
C:/Users/maill/WORK/Dataset/IMG_2024_08_08_13_01_35S/img_47,хвои;
C:/Users/maill/WORK/Dataset/IMG_2024_08_08_13_01_35S/img_48,об
C:/Users/maill/WORK/Dataset/IMG_2024_08_08_13_01_35S/img_49,укрупнении
C:/Users/maill/WORK/Dataset/IMG_2024_08_08_13_01_35S/img_50,объединения
C:/Users/maill/WORK/Dataset/IMG_2024_08_08_13_01_35S/img_51,скотских
C:/Users/maill/WORK/Dataset/IMG_2024_08_08_13_01_35S/img_52,табунов
C:/Users/maill/WORK/Dataset/IMG_2024_08_08_13_01_35S/img_53,и
C:/Users/maill/WORK/Dataset/IMG_2024_08_08_13_01_35S/img_54,разные
C:/Users/maill/WORK/Dataset/IMG_2024_08_08_13_03_32S/img_1,В
C:/Users/maill/WORK/Dataset/IMG_2024_08_08_13_03_32S/img_2,общем
C:/Users/maill/WORK/Dataset/IMG_2024_08_08_13_03_32S/img_3,собрание
C:/Users/maill/WORK/Dataset/IMG_2024_08_08_13_03_32S/img_4,было
C:/Users/maill/WORK/Dataset/IMG_2024_08_08_13_03_32S/img_5,деловое
C:/Users/maill/WORK/Dataset/IMG_2024_08_08_13_03_32S/img_6,мне
C:/Users/maill/WORK/Dataset/IMG_2024_08_08_13_03_32S/img_7,работающему
C:/Users/maill/WORK/Dataset/IMG_2024_08_08_13_03_32S/img_8,в
C:/Users/maill/WORK/Dataset/IMG_2024_08_08_13_03_32S/img_9,этом
C:/Users/maill/WORK/Dataset/IMG_2024_08_08_13_03_32S/img_10,челе
C:/Users/maill/WORK/Dataset/IMG_2024_08_08_13_03_32S/img_11,4
C:/Users/maill/WORK/Dataset/IMG_2024_08_08_13_03_32S/img_12,года
C:/Users/maill/WORK/Dataset/IMG_2024_08_08_13_03_32S/img_13,тому
C:/Users/maill/WORK/Dataset/IMG_2024_08_08_13_03_32S/img_14,"назад,"
C:/Users/maill/WORK/Dataset/IMG_2024_08_08_13_03_32S/img_15,кажется
C:/Users/maill/WORK/Dataset/IMG_2024_08_08_13_03_32S/img_16,население
C:/Users/maill/WORK/Dataset/IMG_2024_08_08_13_03_32S/img_17,ввыросло
C:/Users/maill/WORK/Dataset/IMG_2024_08_08_13_03_32S/img_18,за
C:/Users/maill/WORK/Dataset/IMG_2024_08_08_13_03_32S/img_19,4
C:/Users/maill/WORK/Dataset/IMG_2024_08_08_13_03_32S/img_20,года
C:/Users/maill/WORK/Dataset/IMG_2024_08_08_13_03_32S/img_21,на
C:/Users/maill/WORK/Dataset/IMG_2024_08_08_13_03_32S/img_22,10-15
C:/Users/maill/WORK/Dataset/IMG_2024_08_08_13_03_32S/img_23,лет
C:/Users/maill/WORK/Dataset/IMG_2024_08_08_13_03_32S/img_24,"выше,"
C:/Users/maill/WORK/Dataset/IMG_2024_08_08_13_03_32S/img_25,культурнее
C:/Users/maill/WORK/Dataset/IMG_2024_08_08_13_03_32S/img_26,против
C:/Users/maill/WORK/Dataset/IMG_2024_08_08_13_03_32S/img_27,до
C:/Users/maill/WORK/Dataset/IMG_2024_08_08_13_03_32S/img_28,революционного.
C:/Users/maill/WORK/Dataset/IMG_2024_08_08_13_03_32S/img_29,2/
C:/Users/maill/WORK/Dataset/IMG_2024_08_08_13_03_32S/img_30,VI
C:/Users/maill/WORK/Dataset/IMG_2024_08_08_13_03_32S/img_31,26
C:/Users/maill/WORK/Dataset/IMG_2024_08_08_13_03_32S/img_32,года.
C:/Users/maill/WORK/Dataset/IMG_2024_08_08_13_03_32S/img_33,ИКнириянов
C:/Users/maill/WORK/Dataset/IMG_2024_08_08_13_03_32S/img_34,Адрес
C:/Users/maill/WORK/Dataset/IMG_2024_08_08_13_03_32S/img_35,мой:
C:/Users/maill/WORK/Dataset/IMG_2024_08_08_13_03_32S/img_36,"Ярковское,"
C:/Users/maill/WORK/Dataset/IMG_2024_08_08_13_03_32S/img_37,Тюм окр.
C:/Users/maill/WORK/Dataset/IMG_2024_08_08_13_03_32S/img_38,Ур. обл.
C:/Users/maill/WORK/Dataset/IMG_2024_08_08_13_03_32S/img_39,Райным
C:/Users/maill/WORK/Dataset/IMG_2024_08_08_13_03_32S/img_40,Вкп(Б)
C:/Users/maill/WORK/Dataset/IMG_2024_08_08_13_03_32S/img_41,Киприянову И. Т.
C:/Users/maill/WORK/Dataset/IMG_2024_08_08_13_03_32S/img_42,О
C:/Users/maill/WORK/Dataset/IMG_2024_08_08_13_03_32S/img_43,Собрании
C:/Users/maill/WORK/Dataset/IMG_2024_08_08_13_03_32S/img_44,я
C:/Users/maill/WORK/Dataset/IMG_2024_08_08_13_03_32S/img_45,описываю
C:/Users/maill/WORK/Dataset/IMG_2024_08_08_13_03_32S/img_46,как
C:/Users/maill/WORK/Dataset/IMG_2024_08_08_13_03_32S/img_47,очеви
C:/Users/maill/WORK/Dataset/IMG_2024_08_08_13_03_32S/img_48,"дец,"
C:/Users/maill/WORK/Dataset/IMG_2024_08_08_13_03_32S/img_49,присутствовал
C:/Users/maill/WORK/Dataset/IMG_2024_08_08_13_03_32S/img_50,во
C:/Users/maill/WORK/Dataset/IMG_2024_08_08_13_03_32S/img_51,время
C:/Users/maill/WORK/Dataset/IMG_2024_08_08_13_03_32S/img_52,отпуска
C:/Users/maill/WORK/Dataset/IMG_2024_08_08_13_03_32S/img_53,ИКнириянов
C:/Users/maill/WORK/Dataset/IMG_2024_08_08_13_03_45S/img_1,г. Свердловск
C:/Users/maill/WORK/Dataset/IMG_2024_08_08_13_03_45S/img_2,дом.
C:/Users/maill/WORK/Dataset/IMG_2024_08_08_13_03_45S/img_3,Крестьянина
C:/Users/maill/WORK/Dataset/IMG_2024_08_08_13_03_45S/img_4,Редакции
C:/Users/maill/WORK/Dataset/IMG_2024_08_08_13_03_45S/img_5,Крестьянской
C:/Users/maill/WORK/Dataset/IMG_2024_08_08_13_03_45S/img_6,"газеты"""
C:/Users/maill/WORK/Dataset/IMG_2024_08_08_13_03_45S/img_7,"Ярковское,"
C:/Users/maill/WORK/Dataset/IMG_2024_08_08_13_03_45S/img_8,Тюм. окр.
C:/Users/maill/WORK/Dataset/IMG_2024_08_08_13_05_21S/img_1,2)
C:/Users/maill/WORK/Dataset/IMG_2024_08_08_13_05_21S/img_2,Кобылица
C:/Users/maill/WORK/Dataset/IMG_2024_08_08_13_05_21S/img_3,Масти
C:/Users/maill/WORK/Dataset/IMG_2024_08_08_13_05_21S/img_4,"гнедо-каряя,"
C:/Users/maill/WORK/Dataset/IMG_2024_08_08_13_05_21S/img_5," Возраст 2 лет,"
C:/Users/maill/WORK/Dataset/IMG_2024_08_08_13_05_21S/img_6,рост
C:/Users/maill/WORK/Dataset/IMG_2024_08_08_13_05_21S/img_7,примерно
C:/Users/maill/WORK/Dataset/IMG_2024_08_08_13_05_21S/img_8,50
C:/Users/maill/WORK/Dataset/IMG_2024_08_08_13_05_21S/img_9,"приметы,"
C:/Users/maill/WORK/Dataset/IMG_2024_08_08_13_05_21S/img_10,грива на
C:/Users/maill/WORK/Dataset/IMG_2024_08_08_13_05_21S/img_11,право.
C:/Users/maill/WORK/Dataset/IMG_2024_08_08_13_05_21S/img_12,Уши
C:/Users/maill/WORK/Dataset/IMG_2024_08_08_13_05_21S/img_13,"целы,"
C:/Users/maill/WORK/Dataset/IMG_2024_08_08_13_05_21S/img_14,на
C:/Users/maill/WORK/Dataset/IMG_2024_08_08_13_05_21S/img_15,правой
C:/Users/maill/WORK/Dataset/IMG_2024_08_08_13_05_21S/img_16,задние
C:/Users/maill/WORK/Dataset/IMG_2024_08_08_13_05_21S/img_18,тавро
C:/Users/maill/WORK/Dataset/IMG_2024_08_08_13_05_21S/img_19,"«С"""
C:/Users/maill/WORK/Dataset/IMG_2024_08_08_13_05_21S/img_20,на
C:/Users/maill/WORK/Dataset/IMG_2024_08_08_13_05_21S/img_21,лбу
C:/Users/maill/WORK/Dataset/IMG_2024_08_08_13_05_21S/img_22,между
C:/Users/maill/WORK/Dataset/IMG_2024_08_08_13_05_21S/img_23,глаз
C:/Users/maill/WORK/Dataset/IMG_2024_08_08_13_05_21S/img_24,пегоская
C:/Users/maill/WORK/Dataset/IMG_2024_08_08_13_05_21S/img_25,"Яма,"
C:/Users/maill/WORK/Dataset/IMG_2024_08_08_13_05_21S/img_26,на
C:/Users/maill/WORK/Dataset/IMG_2024_08_08_13_05_21S/img_27,горле
C:/Users/maill/WORK/Dataset/IMG_2024_08_08_13_05_21S/img_28,пуи
C:/Users/maill/WORK/Dataset/IMG_2024_08_08_13_05_21S/img_29,рубца:
C:/Users/maill/WORK/Dataset/IMG_2024_08_08_13_05_21S/img_30,от
C:/Users/maill/WORK/Dataset/IMG_2024_08_08_13_05_21S/img_31,вольвна
C:/Users/maill/WORK/Dataset/IMG_2024_08_08_13_05_21S/img_32,Зубов.
C:/Users/maill/WORK/Dataset/IMG_2024_08_08_13_05_21S/img_33,собщишь
C:/Users/maill/WORK/Dataset/IMG_2024_08_08_13_05_21S/img_34,по
C:/Users/maill/WORK/Dataset/IMG_2024_08_08_13_05_21S/img_35,адресу:
C:/Users/maill/WORK/Dataset/IMG_2024_08_08_13_05_21S/img_36,"с. Байкановское,"
C:/Users/maill/WORK/Dataset/IMG_2024_08_08_13_05_21S/img_37,Ирбитс
C:/Users/maill/WORK/Dataset/IMG_2024_08_08_13_05_21S/img_38,кого
C:/Users/maill/WORK/Dataset/IMG_2024_08_08_13_05_21S/img_39,округа
C:/Users/maill/WORK/Dataset/IMG_2024_08_08_13_05_21S/img_40,гр-ну
C:/Users/maill/WORK/Dataset/IMG_2024_08_08_13_05_21S/img_41,Соколову
C:/Users/maill/WORK/Dataset/IMG_2024_08_08_13_05_21S/img_42,Петру
C:/Users/maill/WORK/Dataset/IMG_2024_08_08_13_05_21S/img_43,Констан
C:/Users/maill/WORK/Dataset/IMG_2024_08_08_13_05_21S/img_44,тиновичу
C:/Users/maill/WORK/Dataset/IMG_2024_08_08_13_05_21S/img_45,за
C:/Users/maill/WORK/Dataset/IMG_2024_08_08_13_05_21S/img_46,"сообщение,"
C:/Users/maill/WORK/Dataset/IMG_2024_08_08_13_05_21S/img_47,могу
C:/Users/maill/WORK/Dataset/IMG_2024_08_08_13_05_21S/img_48,уплотить
C:/Users/maill/WORK/Dataset/IMG_2024_08_08_13_05_21S/img_49,по
C:/Users/maill/WORK/Dataset/IMG_2024_08_08_13_05_21S/img_50,Соглашению
C:/Users/maill/WORK/Dataset/IMG_2024_08_08_13_05_21S/img_51,примерно
C:/Users/maill/WORK/Dataset/IMG_2024_08_08_13_05_21S/img_52,до
C:/Users/maill/WORK/Dataset/IMG_2024_08_08_13_05_21S/img_53,20
C:/Users/maill/WORK/Dataset/IMG_2024_08_08_13_05_21S/img_54,рублей
C:/Users/maill/WORK/Dataset/IMG_2024_08_08_13_05_21S/img_55,Проситель
C:/Users/maill/WORK/Dataset/IMG_2024_08_08_13_05_21S/img_56,Соколов
C:/Users/maill/WORK/Dataset/IMG_2024_08_08_13_25_10S/img_1,выясненый
C:/Users/maill/WORK/Dataset/IMG_2024_08_08_13_25_10S/img_2,что
C:/Users/maill/WORK/Dataset/IMG_2024_08_08_13_25_10S/img_3,если
C:/Users/maill/WORK/Dataset/IMG_2024_08_08_13_25_10S/img_4,кшо
C:/Users/maill/WORK/Dataset/IMG_2024_08_08_13_25_10S/img_5,из
C:/Users/maill/WORK/Dataset/IMG_2024_08_08_13_25_10S/img_6,гарь
C:/Users/maill/WORK/Dataset/IMG_2024_08_08_13_25_10S/img_8,понадеш
C:/Users/maill/WORK/Dataset/IMG_2024_08_08_13_25_10S/img_9,хотя
C:/Users/maill/WORK/Dataset/IMG_2024_08_08_13_25_10S/img_10,с жердями
C:/Users/maill/WORK/Dataset/IMG_2024_08_08_13_25_10S/img_11,на
C:/Users/maill/WORK/Dataset/IMG_2024_08_08_13_25_10S/img_12,15 R
C:/Users/maill/WORK/Dataset/IMG_2024_08_08_13_25_10S/img_13,поставили
C:/Users/maill/WORK/Dataset/IMG_2024_08_08_13_25_10S/img_14,протокол
C:/Users/maill/WORK/Dataset/IMG_2024_08_08_13_25_10S/img_15,на
C:/Users/maill/WORK/Dataset/IMG_2024_08_08_13_25_10S/img_16,15 р
C:/Users/maill/WORK/Dataset/IMG_2024_08_08_13_25_10S/img_17,загр
C:/Users/maill/WORK/Dataset/IMG_2024_08_08_13_25_10S/img_18,что
C:/Users/maill/WORK/Dataset/IMG_2024_08_08_13_25_10S/img_19,напоили
C:/Users/maill/WORK/Dataset/IMG_2024_08_08_13_25_10S/img_20,а
C:/Users/maill/WORK/Dataset/IMG_2024_08_08_13_25_10S/img_21,ненакормили
C:/Users/maill/WORK/Dataset/IMG_2024_08_08_13_25_10S/img_22,скольго
C:/Users/maill/WORK/Dataset/IMG_2024_08_08_13_25_10S/img_23,раз
C:/Users/maill/WORK/Dataset/IMG_2024_08_08_13_25_10S/img_24,приезжаем
C:/Users/maill/WORK/Dataset/IMG_2024_08_08_13_25_10S/img_25,все
C:/Users/maill/WORK/Dataset/IMG_2024_08_08_13_25_10S/img_27,голодом
C:/Users/maill/WORK/Dataset/IMG_2024_08_08_13_25_10S/img_28,"уезжаем,"
C:/Users/maill/WORK/Dataset/IMG_2024_08_08_13_25_10S/img_29,если
C:/Users/maill/WORK/Dataset/IMG_2024_08_08_13_25_10S/img_30,кто
C:/Users/maill/WORK/Dataset/IMG_2024_08_08_13_25_10S/img_31,увезет
C:/Users/maill/WORK/Dataset/IMG_2024_08_08_13_25_10S/img_32,дерево
C:/Users/maill/WORK/Dataset/IMG_2024_08_08_13_25_10S/img_33,из
C:/Users/maill/WORK/Dataset/IMG_2024_08_08_13_25_10S/img_34,казны
C:/Users/maill/WORK/Dataset/IMG_2024_08_08_13_25_10S/img_35,то
C:/Users/maill/WORK/Dataset/IMG_2024_08_08_13_25_10S/img_36,приходят
C:/Users/maill/WORK/Dataset/IMG_2024_08_08_13_25_10S/img_37,надом
C:/Users/maill/WORK/Dataset/IMG_2024_08_08_13_25_10S/img_38,и
C:/Users/maill/WORK/Dataset/IMG_2024_08_08_13_25_10S/img_39,просят
C:/Users/maill/WORK/Dataset/IMG_2024_08_08_13_25_10S/img_40,угошение
C:/Users/maill/WORK/Dataset/IMG_2024_08_08_13_25_10S/img_41,кто
C:/Users/maill/WORK/Dataset/IMG_2024_08_08_13_25_10S/img_42,угостит
C:/Users/maill/WORK/Dataset/IMG_2024_08_08_13_25_10S/img_43,твие
C:/Users/maill/WORK/Dataset/IMG_2024_08_08_13_25_10S/img_44,кончется
C:/Users/maill/WORK/Dataset/IMG_2024_08_08_13_25_10S/img_45,беспорядок
C:/Users/maill/WORK/Dataset/IMG_2024_08_08_13_25_10S/img_46,в
C:/Users/maill/WORK/Dataset/IMG_2024_08_08_13_25_10S/img_47,лесной
C:/Users/maill/WORK/Dataset/IMG_2024_08_08_13_25_10S/img_48,страже
C:/Users/maill/WORK/Dataset/IMG_2024_08_08_13_25_10S/img_49,немешалобы
C:/Users/maill/WORK/Dataset/IMG_2024_08_08_13_25_10S/img_50,удачный
C:/Users/maill/WORK/Dataset/IMG_2024_08_08_13_25_10S/img_51,жаковый
C:/Users/maill/WORK/Dataset/IMG_2024_08_08_13_25_10S/img_52,порядок
C:/Users/maill/WORK/Dataset/IMG_2024_08_08_13_25_10S/img_53,из
C:/Users/maill/WORK/Dataset/IMG_2024_08_08_13_25_10S/img_54,Чердынского
C:/Users/maill/WORK/Dataset/IMG_2024_08_08_13_25_10S/img_55,лесничества
C:/Users/maill/WORK/Dataset/IMG_2024_08_08_13_25_10S/img_56,1926
C:/Users/maill/WORK/Dataset/IMG_2024_08_08_13_25_10S/img_57,9
C:/Users/maill/WORK/Dataset/IMG_2024_08_08_13_25_10S/img_58,Июня
C:/Users/maill/WORK/Dataset/IMG_2024_08_08_13_25_10S/img_59,гр
C:/Users/maill/WORK/Dataset/IMG_2024_08_08_13_25_10S/img_60,ду
C:/Users/maill/WORK/Dataset/IMG_2024_08_08_13_25_10S/img_61,Горевои
C:/Users/maill/WORK/Dataset/IMG_2024_08_08_13_25_10S/img_62,Русинов Ч. Т.
C:/Users/maill/WORK/Dataset/IMG_2024_08_08_13_25_10S/img_63,Жулановского
C:/Users/maill/WORK/Dataset/IMG_2024_08_08_13_25_10S/img_64,с\с
C:/Users/maill/WORK/Dataset/IMG_2024_08_08_13_25_10S/img_65,верхакамского окр.
C:/Users/maill/WORK/Dataset/IMG_2024_08_08_13_25_10S/img_66,Соликам
C:/Users/maill/WORK/Dataset/IMG_2024_08_08_13_25_10S/img_67,раиона
